unsigned char Master_title_screenSmall_444[] = {
  0xa0, 0x00, 0x7c, 0x00, 0xef, 0x04, 0xef, 0x04, 0xef, 0x04, 0xef, 0x04,
  0xef, 0x04, 0xef, 0x04, 0xef, 0x04, 0xef, 0x04, 0xef, 0x04, 0xef, 0x04,
  0xef, 0x04, 0xef, 0x04, 0xef, 0x04, 0xef, 0x04, 0xef, 0x04, 0xef, 0x04,
  0xef, 0x04, 0xef, 0x04, 0xef, 0x04, 0xef, 0x04, 0xef, 0x04, 0xef, 0x04,
  0xef, 0x04, 0xef, 0x04, 0xef, 0x04, 0xef, 0x04, 0xef, 0x04, 0xef, 0x04,
  0xef, 0x04, 0xef, 0x04, 0xef, 0x04, 0xef, 0x04, 0xef, 0x04, 0xef, 0x04,
  0xef, 0x04, 0xef, 0x04, 0xef, 0x04, 0xef, 0x04, 0xef, 0x04, 0xef, 0x04,
  0xef, 0x04, 0xef, 0x04, 0xef, 0x04, 0xef, 0x04, 0xef, 0x04, 0xef, 0x04,
  0xef, 0x04, 0xef, 0x04, 0xef, 0x04, 0xef, 0x04, 0xef, 0x04, 0xef, 0x04,
  0xef, 0x04, 0xef, 0x04, 0xef, 0x04, 0xef, 0x04, 0xef, 0x04, 0xef, 0x04,
  0xef, 0x04, 0xef, 0x04, 0xef, 0x04, 0xef, 0x04, 0xef, 0x04, 0xef, 0x04,
  0xef, 0x04, 0xef, 0x04, 0xef, 0x04, 0xef, 0x04, 0xef, 0x04, 0xef, 0x04,
  0xef, 0x04, 0xef, 0x04, 0xef, 0x04, 0xef, 0x04, 0xef, 0x04, 0xef, 0x04,
  0xef, 0x04, 0xef, 0x04, 0xef, 0x04, 0xef, 0x04, 0xef, 0x04, 0xef, 0x04,
  0xef, 0x04, 0xef, 0x04, 0xef, 0x04, 0xef, 0x04, 0xef, 0x04, 0xef, 0x04,
  0xef, 0x04, 0xef, 0x04, 0xef, 0x04, 0xef, 0x04, 0xef, 0x04, 0xef, 0x04,
  0xef, 0x04, 0xef, 0x04, 0xef, 0x04, 0xef, 0x04, 0xef, 0x04, 0xef, 0x04,
  0xef, 0x04, 0xef, 0x04, 0xef, 0x04, 0xef, 0x04, 0xef, 0x04, 0xef, 0x04,
  0xef, 0x04, 0xef, 0x04, 0xef, 0x04, 0xef, 0x04, 0xef, 0x04, 0xef, 0x04,
  0xef, 0x04, 0xef, 0x04, 0xef, 0x04, 0xef, 0x04, 0xef, 0x04, 0xef, 0x04,
  0xef, 0x04, 0xef, 0x04, 0xef, 0x04, 0xef, 0x04, 0xef, 0x04, 0xef, 0x04,
  0xef, 0x04, 0xef, 0x04, 0xef, 0x04, 0xef, 0x04, 0xef, 0x04, 0xef, 0x04,
  0xef, 0x04, 0xef, 0x04, 0xef, 0x04, 0xef, 0x04, 0xef, 0x04, 0xef, 0x04,
  0xef, 0x04, 0xef, 0x04, 0xef, 0x04, 0xef, 0x04, 0xef, 0x04, 0xef, 0x04,
  0xef, 0x04, 0xef, 0x04, 0xef, 0x04, 0xef, 0x04, 0xef, 0x04, 0xef, 0x04,
  0xef, 0x04, 0xef, 0x04, 0xef, 0x04, 0xef, 0x04, 0xef, 0x04, 0xef, 0x04,
  0xef, 0x04, 0xef, 0x04, 0xef, 0x04, 0xef, 0x04, 0xef, 0x04, 0xef, 0x04,
  0xef, 0x04, 0xef, 0x04, 0xef, 0x04, 0xef, 0x04, 0xef, 0x04, 0xef, 0x04,
  0xef, 0x04, 0xef, 0x04, 0xef, 0x04, 0xef, 0x04, 0xef, 0x04, 0xef, 0x04,
  0xef, 0x04, 0xef, 0x04, 0xef, 0x04, 0xef, 0x04, 0xef, 0x04, 0xef, 0x04,
  0xef, 0x04, 0xef, 0x04, 0xef, 0x04, 0xef, 0x04, 0xef, 0x04, 0xef, 0x04,
  0xef, 0x04, 0xef, 0x04, 0xef, 0x04, 0xef, 0x04, 0xef, 0x04, 0xef, 0x04,
  0xef, 0x04, 0xef, 0x04, 0xef, 0x04, 0xef, 0x04, 0xef, 0x04, 0xef, 0x04,
  0xef, 0x04, 0xef, 0x04, 0xef, 0x04, 0xef, 0x04, 0xef, 0x04, 0xef, 0x04,
  0xef, 0x04, 0xef, 0x04, 0xef, 0x04, 0xef, 0x04, 0xef, 0x04, 0xef, 0x04,
  0xef, 0x04, 0xef, 0x04, 0xef, 0x04, 0xef, 0x04, 0xef, 0x04, 0xef, 0x04,
  0xef, 0x04, 0xef, 0x04, 0xef, 0x04, 0xef, 0x04, 0xef, 0x04, 0xef, 0x04,
  0xef, 0x04, 0xef, 0x04, 0xef, 0x04, 0xef, 0x04, 0xef, 0x04, 0xef, 0x04,
  0xef, 0x04, 0xef, 0x04, 0xef, 0x04, 0xef, 0x04, 0xef, 0x04, 0xef, 0x04,
  0xef, 0x04, 0xef, 0x04, 0xef, 0x04, 0xef, 0x04, 0xef, 0x04, 0xef, 0x04,
  0xef, 0x04, 0xef, 0x04, 0xef, 0x04, 0xef, 0x04, 0xef, 0x04, 0xef, 0x04,
  0xef, 0x04, 0xef, 0x04, 0xef, 0x04, 0xef, 0x04, 0xef, 0x04, 0xef, 0x04,
  0xef, 0x04, 0xef, 0x04, 0xef, 0x04, 0xef, 0x04, 0xef, 0x04, 0xef, 0x04,
  0xef, 0x04, 0xef, 0x04, 0xef, 0x04, 0xef, 0x04, 0xef, 0x04, 0xef, 0x04,
  0xef, 0x04, 0xef, 0x04, 0xef, 0x04, 0xef, 0x04, 0xef, 0x04, 0xef, 0x04,
  0xef, 0x04, 0xef, 0x04, 0xef, 0x04, 0xef, 0x04, 0xef, 0x04, 0xef, 0x04,
  0xef, 0x04, 0xef, 0x04, 0xef, 0x04, 0xef, 0x04, 0xef, 0x04, 0xef, 0x04,
  0xef, 0x04, 0xef, 0x04, 0xef, 0x04, 0xef, 0x04, 0xef, 0x04, 0xef, 0x04,
  0xef, 0x04, 0xef, 0x04, 0xef, 0x04, 0xef, 0x04, 0xef, 0x04, 0xef, 0x04,
  0xef, 0x04, 0xef, 0x04, 0xef, 0x04, 0xef, 0x04, 0xef, 0x04, 0xef, 0x04,
  0xef, 0x04, 0xef, 0x04, 0xef, 0x04, 0xef, 0x04, 0xef, 0x04, 0xef, 0x04,
  0xef, 0x04, 0xef, 0x04, 0xef, 0x04, 0xef, 0x04, 0xef, 0x04, 0xef, 0x04,
  0xef, 0x04, 0xef, 0x04, 0xef, 0x04, 0xef, 0x04, 0xef, 0x04, 0xef, 0x04,
  0xef, 0x04, 0xef, 0x04, 0xef, 0x04, 0xef, 0x04, 0xef, 0x04, 0xef, 0x04,
  0xef, 0x04, 0xef, 0x04, 0xef, 0x04, 0xef, 0x04, 0xef, 0x04, 0xef, 0x04,
  0xef, 0x04, 0xef, 0x04, 0xef, 0x04, 0xef, 0x04, 0xef, 0x04, 0xef, 0x04,
  0xef, 0x04, 0xef, 0x04, 0xef, 0x04, 0xef, 0x04, 0xef, 0x04, 0xef, 0x04,
  0xef, 0x04, 0xef, 0x04, 0xef, 0x04, 0xef, 0x04, 0xef, 0x04, 0xef, 0x04,
  0xef, 0x04, 0xef, 0x04, 0xef, 0x04, 0xef, 0x04, 0xef, 0x04, 0xef, 0x04,
  0xef, 0x04, 0xef, 0x04, 0xef, 0x04, 0xef, 0x04, 0xef, 0x04, 0xef, 0x04,
  0xef, 0x04, 0xef, 0x04, 0xef, 0x04, 0xef, 0x04, 0xef, 0x04, 0xef, 0x04,
  0xef, 0x04, 0xef, 0x04, 0xef, 0x04, 0xef, 0x04, 0xef, 0x04, 0xef, 0x04,
  0xef, 0x04, 0xef, 0x04, 0xef, 0x04, 0xef, 0x04, 0xef, 0x04, 0xef, 0x04,
  0xef, 0x04, 0xef, 0x04, 0xef, 0x04, 0xef, 0x04, 0xef, 0x04, 0xef, 0x04,
  0xef, 0x04, 0xef, 0x04, 0xef, 0x04, 0xef, 0x04, 0xef, 0x04, 0xef, 0x04,
  0xef, 0x04, 0xef, 0x04, 0xef, 0x04, 0xef, 0x04, 0xef, 0x04, 0xef, 0x04,
  0xef, 0x04, 0xef, 0x04, 0xef, 0x04, 0xef, 0x04, 0xef, 0x04, 0xef, 0x04,
  0xef, 0x04, 0xef, 0x04, 0xef, 0x04, 0xef, 0x04, 0xef, 0x04, 0xef, 0x04,
  0xef, 0x04, 0xef, 0x04, 0xef, 0x04, 0xef, 0x04, 0xef, 0x04, 0xef, 0x04,
  0xef, 0x04, 0xef, 0x04, 0xef, 0x04, 0xef, 0x04, 0xef, 0x04, 0xef, 0x04,
  0xef, 0x04, 0xef, 0x04, 0xef, 0x04, 0xef, 0x04, 0xef, 0x04, 0xef, 0x04,
  0xef, 0x04, 0xef, 0x04, 0xef, 0x04, 0xef, 0x04, 0xef, 0x04, 0xef, 0x04,
  0xef, 0x04, 0xef, 0x04, 0xef, 0x04, 0xef, 0x04, 0xef, 0x04, 0xef, 0x04,
  0xef, 0x04, 0xef, 0x04, 0xef, 0x04, 0xef, 0x04, 0xef, 0x04, 0xef, 0x04,
  0xef, 0x04, 0xef, 0x04, 0xef, 0x04, 0xef, 0x04, 0xef, 0x04, 0xef, 0x04,
  0xef, 0x04, 0xef, 0x04, 0xef, 0x04, 0xef, 0x04, 0xef, 0x04, 0xef, 0x04,
  0xef, 0x04, 0xef, 0x04, 0xef, 0x04, 0xef, 0x04, 0xef, 0x04, 0xef, 0x04,
  0xef, 0x04, 0xef, 0x04, 0xef, 0x04, 0xef, 0x04, 0xef, 0x04, 0xef, 0x04,
  0xef, 0x04, 0xef, 0x04, 0xef, 0x04, 0xef, 0x04, 0xef, 0x04, 0xef, 0x04,
  0xef, 0x04, 0xef, 0x04, 0xef, 0x04, 0xef, 0x04, 0xef, 0x04, 0xef, 0x04,
  0xef, 0x04, 0xef, 0x04, 0xef, 0x04, 0xef, 0x04, 0xef, 0x04, 0xef, 0x04,
  0xef, 0x04, 0xef, 0x04, 0xef, 0x04, 0xef, 0x04, 0xef, 0x04, 0xef, 0x04,
  0xef, 0x04, 0xef, 0x04, 0xef, 0x04, 0xef, 0x04, 0xef, 0x04, 0xef, 0x04,
  0xef, 0x04, 0xef, 0x04, 0xef, 0x04, 0xef, 0x04, 0xef, 0x04, 0xef, 0x04,
  0xef, 0x04, 0xef, 0x04, 0xef, 0x04, 0xef, 0x04, 0xef, 0x04, 0xef, 0x04,
  0xef, 0x04, 0xef, 0x04, 0xef, 0x04, 0xef, 0x04, 0xef, 0x04, 0xef, 0x04,
  0xef, 0x04, 0xef, 0x04, 0xef, 0x04, 0xef, 0x04, 0xef, 0x04, 0xef, 0x04,
  0xef, 0x04, 0xef, 0x04, 0xef, 0x04, 0xef, 0x04, 0xef, 0x04, 0xef, 0x04,
  0xef, 0x04, 0xef, 0x04, 0xef, 0x04, 0xef, 0x04, 0xef, 0x04, 0xef, 0x04,
  0xef, 0x04, 0xef, 0x04, 0xef, 0x04, 0xef, 0x04, 0xef, 0x04, 0xef, 0x04,
  0xef, 0x04, 0xef, 0x04, 0xef, 0x04, 0xef, 0x04, 0xef, 0x04, 0xef, 0x04,
  0xef, 0x04, 0xef, 0x04, 0xef, 0x04, 0xef, 0x04, 0xef, 0x04, 0xef, 0x04,
  0xef, 0x04, 0xef, 0x04, 0xef, 0x04, 0xef, 0x04, 0xef, 0x04, 0xef, 0x04,
  0xef, 0x04, 0xef, 0x04, 0xef, 0x04, 0xef, 0x04, 0xef, 0x04, 0xef, 0x04,
  0xef, 0x04, 0xef, 0x04, 0xef, 0x04, 0xef, 0x04, 0xef, 0x04, 0xef, 0x04,
  0xef, 0x04, 0xef, 0x04, 0xef, 0x04, 0xef, 0x04, 0xef, 0x04, 0xef, 0x04,
  0xef, 0x04, 0xef, 0x04, 0xef, 0x04, 0xef, 0x04, 0xef, 0x04, 0xef, 0x04,
  0xef, 0x04, 0xef, 0x04, 0xef, 0x04, 0xef, 0x04, 0xef, 0x04, 0xef, 0x04,
  0xef, 0x04, 0xef, 0x04, 0xef, 0x04, 0xef, 0x04, 0xef, 0x04, 0xef, 0x04,
  0xef, 0x04, 0xef, 0x04, 0xef, 0x04, 0xef, 0x04, 0xef, 0x04, 0xef, 0x04,
  0xef, 0x04, 0xef, 0x04, 0xef, 0x04, 0xef, 0x04, 0xef, 0x04, 0xef, 0x04,
  0xef, 0x04, 0xef, 0x04, 0xef, 0x04, 0xef, 0x04, 0xef, 0x04, 0xef, 0x04,
  0xef, 0x04, 0xef, 0x04, 0xef, 0x04, 0xef, 0x04, 0xef, 0x04, 0xef, 0x04,
  0xef, 0x04, 0xef, 0x04, 0xef, 0x04, 0xef, 0x04, 0xef, 0x04, 0xef, 0x04,
  0xef, 0x04, 0xef, 0x04, 0xef, 0x04, 0xef, 0x04, 0xef, 0x04, 0xef, 0x04,
  0xef, 0x04, 0xef, 0x04, 0xef, 0x04, 0xef, 0x04, 0xef, 0x04, 0xef, 0x04,
  0xef, 0x04, 0xef, 0x04, 0xef, 0x04, 0xef, 0x04, 0xef, 0x04, 0xef, 0x04,
  0xef, 0x04, 0xef, 0x04, 0xef, 0x04, 0xef, 0x04, 0xef, 0x04, 0xef, 0x04,
  0xef, 0x04, 0xef, 0x04, 0xef, 0x04, 0xef, 0x04, 0xef, 0x04, 0xef, 0x04,
  0xef, 0x04, 0xef, 0x04, 0xef, 0x04, 0xef, 0x04, 0xef, 0x04, 0xef, 0x04,
  0xef, 0x04, 0xef, 0x04, 0xef, 0x04, 0xef, 0x04, 0xef, 0x04, 0xef, 0x04,
  0xef, 0x04, 0xef, 0x04, 0xef, 0x04, 0xef, 0x04, 0xef, 0x04, 0xef, 0x04,
  0xef, 0x04, 0xef, 0x04, 0xef, 0x04, 0xef, 0x04, 0xef, 0x04, 0xef, 0x04,
  0xef, 0x04, 0xef, 0x04, 0xef, 0x04, 0xef, 0x04, 0xef, 0x04, 0xef, 0x04,
  0xef, 0x04, 0xef, 0x04, 0xef, 0x04, 0xef, 0x04, 0xef, 0x04, 0xef, 0x04,
  0xef, 0x04, 0xef, 0x04, 0xef, 0x04, 0xef, 0x04, 0xef, 0x04, 0xef, 0x04,
  0xef, 0x04, 0xef, 0x04, 0xef, 0x04, 0xef, 0x04, 0xef, 0x04, 0xef, 0x04,
  0xef, 0x04, 0xef, 0x04, 0xef, 0x04, 0xef, 0x04, 0xef, 0x04, 0xef, 0x04,
  0xef, 0x04, 0xef, 0x04, 0xef, 0x04, 0xef, 0x04, 0xef, 0x04, 0xef, 0x04,
  0xef, 0x04, 0xef, 0x04, 0xef, 0x04, 0xef, 0x04, 0xef, 0x04, 0xef, 0x04,
  0xef, 0x04, 0xef, 0x04, 0xef, 0x04, 0xef, 0x04, 0xef, 0x04, 0xef, 0x04,
  0xef, 0x04, 0xef, 0x04, 0xef, 0x04, 0xef, 0x04, 0xef, 0x04, 0xef, 0x04,
  0xef, 0x04, 0xef, 0x04, 0xef, 0x04, 0xef, 0x04, 0xef, 0x04, 0xef, 0x04,
  0xef, 0x04, 0xef, 0x04, 0xef, 0x04, 0xef, 0x04, 0xef, 0x04, 0xef, 0x04,
  0xef, 0x04, 0xef, 0x04, 0xef, 0x04, 0xef, 0x04, 0xef, 0x04, 0xef, 0x04,
  0xef, 0x04, 0xef, 0x04, 0xef, 0x04, 0xef, 0x04, 0xef, 0x04, 0xef, 0x04,
  0xef, 0x04, 0xef, 0x04, 0xef, 0x04, 0xef, 0x04, 0xef, 0x04, 0xef, 0x04,
  0xef, 0x04, 0xef, 0x04, 0xef, 0x04, 0xef, 0x04, 0xef, 0x04, 0xef, 0x04,
  0xef, 0x04, 0xef, 0x04, 0xef, 0x04, 0xef, 0x04, 0xef, 0x04, 0xef, 0x04,
  0xef, 0x04, 0xef, 0x04, 0xef, 0x04, 0xef, 0x04, 0xef, 0x04, 0xef, 0x04,
  0xef, 0x04, 0xef, 0x04, 0xef, 0x04, 0xef, 0x04, 0xef, 0x04, 0xef, 0x04,
  0xef, 0x04, 0xef, 0x04, 0xef, 0x04, 0xef, 0x04, 0xef, 0x04, 0xef, 0x04,
  0xef, 0x04, 0xef, 0x04, 0xef, 0x04, 0xef, 0x04, 0xef, 0x04, 0xef, 0x04,
  0xef, 0x04, 0xef, 0x04, 0xef, 0x04, 0xef, 0x04, 0xef, 0x04, 0xef, 0x04,
  0xef, 0x04, 0xef, 0x04, 0xef, 0x04, 0xef, 0x04, 0xef, 0x04, 0xef, 0x04,
  0xef, 0x04, 0xef, 0x04, 0xef, 0x04, 0xef, 0x04, 0xef, 0x04, 0xef, 0x04,
  0xef, 0x04, 0xef, 0x04, 0xef, 0x04, 0xef, 0x04, 0xef, 0x04, 0xef, 0x04,
  0xef, 0x04, 0xef, 0x04, 0xef, 0x04, 0xef, 0x04, 0xef, 0x04, 0xef, 0x04,
  0xef, 0x04, 0xef, 0x04, 0xef, 0x04, 0xef, 0x04, 0xef, 0x04, 0xef, 0x04,
  0xef, 0x04, 0xef, 0x04, 0xef, 0x04, 0xef, 0x04, 0xef, 0x04, 0xef, 0x04,
  0xef, 0x04, 0xef, 0x04, 0xef, 0x04, 0xef, 0x04, 0xef, 0x04, 0xef, 0x04,
  0xef, 0x04, 0xef, 0x04, 0xef, 0x04, 0xef, 0x04, 0xef, 0x04, 0xef, 0x04,
  0xef, 0x04, 0xef, 0x04, 0xef, 0x04, 0xef, 0x04, 0xef, 0x04, 0xef, 0x04,
  0xef, 0x04, 0xef, 0x04, 0xef, 0x04, 0xef, 0x04, 0xef, 0x04, 0xef, 0x04,
  0xef, 0x04, 0xef, 0x04, 0xef, 0x04, 0xef, 0x04, 0xef, 0x04, 0xef, 0x04,
  0xef, 0x04, 0xef, 0x04, 0xef, 0x04, 0xef, 0x04, 0xef, 0x04, 0xef, 0x04,
  0xef, 0x04, 0xef, 0x04, 0xef, 0x04, 0xef, 0x04, 0xef, 0x04, 0xef, 0x04,
  0xef, 0x04, 0xef, 0x04, 0xef, 0x04, 0xef, 0x04, 0xef, 0x04, 0xef, 0x04,
  0xef, 0x04, 0xef, 0x04, 0xef, 0x04, 0xef, 0x04, 0xef, 0x04, 0xef, 0x04,
  0xef, 0x04, 0xef, 0x04, 0xef, 0x04, 0xef, 0x04, 0xef, 0x04, 0xef, 0x04,
  0xef, 0x04, 0xef, 0x04, 0xef, 0x04, 0xef, 0x04, 0xef, 0x04, 0xef, 0x04,
  0xef, 0x04, 0xef, 0x04, 0xef, 0x04, 0xef, 0x04, 0xef, 0x04, 0xef, 0x04,
  0xef, 0x04, 0xef, 0x04, 0xef, 0x04, 0xef, 0x04, 0xef, 0x04, 0xef, 0x04,
  0xef, 0x04, 0xef, 0x04, 0xef, 0x04, 0xef, 0x04, 0xef, 0x04, 0xef, 0x04,
  0xef, 0x04, 0xef, 0x04, 0xef, 0x04, 0xef, 0x04, 0xef, 0x04, 0xef, 0x04,
  0xef, 0x04, 0xef, 0x04, 0xef, 0x04, 0xef, 0x04, 0xef, 0x04, 0xef, 0x04,
  0xef, 0x04, 0xef, 0x04, 0xef, 0x04, 0xef, 0x04, 0xef, 0x04, 0xef, 0x04,
  0xef, 0x04, 0xef, 0x04, 0xef, 0x04, 0xef, 0x04, 0xef, 0x04, 0xef, 0x04,
  0xef, 0x04, 0xef, 0x04, 0xef, 0x04, 0xef, 0x04, 0xef, 0x04, 0xef, 0x04,
  0xef, 0x04, 0xef, 0x04, 0xef, 0x04, 0xef, 0x04, 0xef, 0x04, 0xef, 0x04,
  0xef, 0x04, 0xef, 0x04, 0xef, 0x04, 0xef, 0x04, 0xef, 0x04, 0xef, 0x04,
  0xef, 0x04, 0xef, 0x04, 0xef, 0x04, 0xef, 0x03, 0xff, 0x02, 0xff, 0x02,
  0xff, 0x02, 0xff, 0x02, 0xff, 0x02, 0xff, 0x02, 0xff, 0x02, 0xff, 0x02,
  0xef, 0x03, 0xef, 0x04, 0xef, 0x04, 0xef, 0x04, 0xef, 0x04, 0xef, 0x04,
  0xef, 0x04, 0xef, 0x04, 0xef, 0x04, 0xef, 0x04, 0xff, 0x04, 0xff, 0x04,
  0xff, 0x04, 0xff, 0x04, 0xff, 0x04, 0xff, 0x04, 0xff, 0x04, 0xff, 0x04,
  0xef, 0x03, 0xef, 0x02, 0xef, 0x02, 0xef, 0x02, 0xef, 0x02, 0xef, 0x02,
  0xef, 0x02, 0xef, 0x02, 0xef, 0x02, 0xef, 0x03, 0xef, 0x04, 0xef, 0x04,
  0xef, 0x04, 0xef, 0x04, 0xef, 0x04, 0xef, 0x04, 0xef, 0x04, 0xef, 0x04,
  0xef, 0x03, 0xff, 0x02, 0xff, 0x03, 0xff, 0x03, 0xff, 0x03, 0xff, 0x03,
  0xff, 0x03, 0xff, 0x03, 0xff, 0x03, 0xef, 0x02, 0xef, 0x01, 0xef, 0x01,
  0xef, 0x01, 0xef, 0x01, 0xef, 0x01, 0xef, 0x01, 0xef, 0x01, 0xef, 0x01,
  0xef, 0x02, 0xff, 0x04, 0xff, 0x04, 0xff, 0x04, 0xff, 0x04, 0xff, 0x04,
  0xff, 0x04, 0xff, 0x04, 0xff, 0x04, 0xff, 0x04, 0xef, 0x04, 0xef, 0x04,
  0xef, 0x04, 0xef, 0x04, 0xef, 0x04, 0xef, 0x04, 0xef, 0x04, 0xef, 0x04,
  0xef, 0x04, 0xff, 0x03, 0xff, 0x02, 0xff, 0x03, 0xff, 0x03, 0xff, 0x03,
  0xff, 0x03, 0xff, 0x03, 0xff, 0x03, 0xff, 0x03, 0xff, 0x01, 0xff, 0x01,
  0xff, 0x01, 0xff, 0x01, 0xff, 0x01, 0xff, 0x01, 0xff, 0x01, 0xff, 0x01,
  0xff, 0x01, 0xef, 0x02, 0xef, 0x03, 0xef, 0x02, 0xef, 0x02, 0xef, 0x02,
  0xef, 0x02, 0xef, 0x02, 0xef, 0x02, 0xef, 0x02, 0xef, 0x03, 0xff, 0x03,
  0xff, 0x03, 0xff, 0x03, 0xff, 0x03, 0xff, 0x03, 0xff, 0x03, 0xff, 0x03,
  0xff, 0x03, 0xff, 0x02, 0xff, 0x01, 0xff, 0x01, 0xff, 0x01, 0xff, 0x01,
  0xff, 0x01, 0xff, 0x01, 0xff, 0x01, 0xff, 0x01, 0xef, 0x02, 0xef, 0x02,
  0xef, 0x02, 0xef, 0x02, 0xef, 0x02, 0xef, 0x02, 0xef, 0x02, 0xef, 0x02,
  0xef, 0x02, 0xef, 0x02, 0xff, 0x02, 0xff, 0x02, 0xff, 0x02, 0xff, 0x02,
  0xff, 0x02, 0xff, 0x02, 0xff, 0x02, 0xff, 0x02, 0xef, 0x03, 0xef, 0x04,
  0xef, 0x04, 0xef, 0x04, 0xef, 0x04, 0xef, 0x04, 0xef, 0x04, 0xef, 0x04,
  0xef, 0x04, 0xef, 0x04, 0xef, 0x04, 0xef, 0x04, 0xef, 0x04, 0xef, 0x04,
  0xef, 0x03, 0xcc, 0x09, 0xaa, 0x0b, 0xaa, 0x0a, 0xaa, 0x0a, 0xaa, 0x0a,
  0xaa, 0x0a, 0xaa, 0x0a, 0xaa, 0x0a, 0xaa, 0x0b, 0xcb, 0x08, 0xeb, 0x04,
  0xeb, 0x05, 0xeb, 0x05, 0xeb, 0x05, 0xeb, 0x05, 0xeb, 0x05, 0xeb, 0x05,
  0xeb, 0x05, 0xca, 0x04, 0x99, 0x02, 0x9a, 0x02, 0x9a, 0x02, 0x9a, 0x02,
  0x9a, 0x02, 0x9a, 0x02, 0x9a, 0x02, 0x99, 0x00, 0xba, 0x07, 0xdb, 0x0c,
  0xdb, 0x0b, 0xdb, 0x0b, 0xdb, 0x0b, 0xdb, 0x0b, 0xdb, 0x0b, 0xdb, 0x0b,
  0xdb, 0x0c, 0xdb, 0x0a, 0xca, 0x01, 0xca, 0x03, 0xca, 0x03, 0xca, 0x03,
  0xca, 0x03, 0xca, 0x03, 0xca, 0x03, 0xca, 0x02, 0xcb, 0x05, 0xad, 0x0a,
  0xad, 0x0a, 0xad, 0x0a, 0xad, 0x0a, 0xad, 0x0a, 0xad, 0x0a, 0xad, 0x0a,
  0xad, 0x0a, 0xbd, 0x0a, 0xff, 0x0d, 0xff, 0x0d, 0xff, 0x0d, 0xff, 0x0d,
  0xff, 0x0d, 0xff, 0x0d, 0xff, 0x0d, 0xff, 0x0d, 0xff, 0x0c, 0xaf, 0x05,
  0xaf, 0x04, 0xaf, 0x04, 0xaf, 0x04, 0xaf, 0x04, 0xaf, 0x04, 0xaf, 0x04,
  0xaf, 0x04, 0xae, 0x04, 0xda, 0x03, 0xda, 0x03, 0xda, 0x03, 0xda, 0x03,
  0xda, 0x03, 0xda, 0x03, 0xda, 0x03, 0xda, 0x02, 0xda, 0x03, 0xad, 0x09,
  0xad, 0x0a, 0xad, 0x0a, 0xad, 0x0a, 0xad, 0x0a, 0xad, 0x0a, 0xad, 0x0a,
  0xad, 0x0a, 0xad, 0x0a, 0xab, 0x0c, 0xaa, 0x0d, 0xaa, 0x0c, 0xaa, 0x0c,
  0xaa, 0x0c, 0xaa, 0x0c, 0xaa, 0x0c, 0xaa, 0x0c, 0xaa, 0x0d, 0xcd, 0x0b,
  0xdd, 0x0a, 0xdd, 0x0a, 0xdd, 0x0a, 0xdd, 0x0a, 0xdd, 0x0a, 0xdd, 0x0a,
  0xdd, 0x0a, 0xdd, 0x0a, 0xbf, 0x08, 0xaf, 0x06, 0xbf, 0x06, 0xbf, 0x06,
  0xbf, 0x06, 0xbf, 0x06, 0xbf, 0x06, 0xbf, 0x06, 0xbf, 0x06, 0xbd, 0x0b,
  0xbb, 0x0d, 0xbb, 0x0d, 0xbb, 0x0d, 0xbb, 0x0d, 0xbb, 0x0d, 0xbb, 0x0d,
  0xbb, 0x0d, 0xab, 0x0d, 0xcb, 0x0c, 0xda, 0x0a, 0xda, 0x0a, 0xda, 0x0a,
  0xda, 0x0a, 0xda, 0x0a, 0xda, 0x0a, 0xda, 0x0a, 0xda, 0x0a, 0xca, 0x0a,
  0xaa, 0x0a, 0xaa, 0x0a, 0xaa, 0x0a, 0xaa, 0x0a, 0xaa, 0x0a, 0xaa, 0x0a,
  0xaa, 0x0a, 0xaa, 0x0b, 0xcc, 0x09, 0xef, 0x03, 0xef, 0x04, 0xef, 0x04,
  0xef, 0x04, 0xef, 0x04, 0xef, 0x04, 0xef, 0x04, 0xef, 0x04, 0xef, 0x04,
  0xef, 0x04, 0xef, 0x04, 0xef, 0x04, 0xef, 0x04, 0xff, 0x02, 0x9a, 0x0b,
  0x20, 0x0d, 0x43, 0x0d, 0x43, 0x0d, 0x43, 0x0d, 0x43, 0x0d, 0x43, 0x0d,
  0x43, 0x0d, 0x23, 0x0d, 0xa5, 0x0a, 0xe7, 0x05, 0xd6, 0x05, 0xd6, 0x05,
  0xd6, 0x05, 0xd6, 0x05, 0xd6, 0x05, 0xd6, 0x05, 0xe7, 0x06, 0xa4, 0x04,
  0x00, 0x00, 0x00, 0x00, 0x00, 0x00, 0x00, 0x00, 0x00, 0x00, 0x00, 0x00,
  0x00, 0x00, 0x00, 0x00, 0x73, 0x09, 0xd7, 0x0f, 0xc7, 0x0e, 0xc7, 0x0e,
  0xc7, 0x0e, 0xc7, 0x0e, 0xc7, 0x0e, 0xc7, 0x0e, 0xc7, 0x0e, 0xc6, 0x0c,
  0xa0, 0x00, 0xa1, 0x01, 0xa1, 0x01, 0xa1, 0x01, 0xa1, 0x01, 0xa1, 0x01,
  0xa1, 0x01, 0xb0, 0x00, 0x96, 0x06, 0x4b, 0x0d, 0x4b, 0x0c, 0x4b, 0x0c,
  0x4b, 0x0c, 0x4b, 0x0c, 0x4b, 0x0c, 0x4b, 0x0c, 0x4b, 0x0c, 0x8c, 0x0d,
  0xff, 0x0f, 0xff, 0x0f, 0xff, 0x0f, 0xff, 0x0f, 0xff, 0x0f, 0xff, 0x0f,
  0xff, 0x0f, 0xff, 0x0f, 0xff, 0x0f, 0x4e, 0x05, 0x4e, 0x05, 0x4e, 0x05,
  0x4e, 0x05, 0x4e, 0x05, 0x4e, 0x05, 0x4e, 0x05, 0x4e, 0x05, 0x5e, 0x05,
  0xc4, 0x02, 0xc1, 0x01, 0xc2, 0x01, 0xc2, 0x01, 0xc2, 0x01, 0xc2, 0x01,
  0xc2, 0x01, 0xc2, 0x01, 0xc2, 0x02, 0x6a, 0x0c, 0x4b, 0x0c, 0x4b, 0x0c,
  0x4b, 0x0c, 0x4b, 0x0c, 0x4b, 0x0c, 0x4b, 0x0c, 0x4b, 0x0c, 0x4b, 0x0c,
  0x46, 0x0f, 0x43, 0x0f, 0x44, 0x0f, 0x44, 0x0f, 0x44, 0x0f, 0x44, 0x0f,
  0x44, 0x0f, 0x44, 0x0f, 0x33, 0x0f, 0xbb, 0x0d, 0xcc, 0x0c, 0xcc, 0x0d,
  0xcc, 0x0d, 0xcc, 0x0d, 0xcc, 0x0d, 0xcc, 0x0d, 0xcc, 0x0d, 0xcc, 0x0d,
  0x9f, 0x09, 0x6f, 0x07, 0x6f, 0x07, 0x6f, 0x07, 0x6f, 0x07, 0x6f, 0x07,
  0x6f, 0x07, 0x6f, 0x07, 0x6f, 0x07, 0x6b, 0x0d, 0x76, 0x0f, 0x76, 0x0f,
  0x76, 0x0f, 0x76, 0x0f, 0x76, 0x0f, 0x76, 0x0f, 0x76, 0x0f, 0x67, 0x0f,
  0xa5, 0x0e, 0xc3, 0x0d, 0xc4, 0x0d, 0xc4, 0x0d, 0xc4, 0x0d, 0xc4, 0x0d,
  0xc4, 0x0d, 0xc4, 0x0d, 0xc4, 0x0d, 0x93, 0x0d, 0x33, 0x0d, 0x43, 0x0d,
  0x43, 0x0d, 0x43, 0x0d, 0x43, 0x0d, 0x43, 0x0d, 0x43, 0x0d, 0x20, 0x0d,
  0x9a, 0x0b, 0xff, 0x02, 0xef, 0x04, 0xef, 0x04, 0xef, 0x04, 0xef, 0x04,
  0xef, 0x04, 0xef, 0x04, 0xef, 0x04, 0xef, 0x04, 0xef, 0x04, 0xef, 0x04,
  0xef, 0x04, 0xef, 0x04, 0xff, 0x02, 0xaa, 0x0b, 0x43, 0x0d, 0x54, 0x0d,
  0x54, 0x0d, 0x54, 0x0d, 0x54, 0x0d, 0x54, 0x0d, 0x54, 0x0d, 0x44, 0x0d,
  0xb6, 0x0a, 0xe7, 0x05, 0xd7, 0x05, 0xd7, 0x05, 0xd7, 0x05, 0xd7, 0x05,
  0xd7, 0x05, 0xd7, 0x05, 0xe7, 0x06, 0xa5, 0x04, 0x00, 0x00, 0x00, 0x00,
  0x00, 0x00, 0x00, 0x00, 0x00, 0x00, 0x00, 0x00, 0x00, 0x00, 0x00, 0x00,
  0x85, 0x09, 0xd8, 0x0e, 0xc8, 0x0e, 0xc8, 0x0e, 0xc8, 0x0e, 0xc8, 0x0e,
  0xc8, 0x0e, 0xc8, 0x0e, 0xd8, 0x0e, 0xc7, 0x0c, 0xb3, 0x00, 0xb3, 0x02,
  0xb3, 0x02, 0xb3, 0x02, 0xb3, 0x02, 0xb3, 0x02, 0xb3, 0x02, 0xb3, 0x00,
  0xa6, 0x06, 0x5b, 0x0c, 0x5b, 0x0c, 0x5b, 0x0c, 0x5b, 0x0c, 0x5b, 0x0c,
  0x5b, 0x0c, 0x5b, 0x0c, 0x5b, 0x0c, 0x8c, 0x0d, 0xff, 0x0f, 0xff, 0x0f,
  0xff, 0x0f, 0xff, 0x0f, 0xff, 0x0f, 0xff, 0x0f, 0xff, 0x0f, 0xff, 0x0f,
  0xff, 0x0f, 0x5e, 0x05, 0x5e, 0x05, 0x5e, 0x05, 0x5e, 0x05, 0x5e, 0x05,
  0x5e, 0x05, 0x5e, 0x05, 0x5e, 0x05, 0x6e, 0x05, 0xc5, 0x02, 0xc3, 0x02,
  0xc4, 0x02, 0xc4, 0x02, 0xc4, 0x02, 0xc4, 0x02, 0xc4, 0x02, 0xc4, 0x01,
  0xc4, 0x02, 0x6b, 0x0c, 0x5b, 0x0c, 0x5b, 0x0c, 0x5b, 0x0c, 0x5b, 0x0c,
  0x5b, 0x0c, 0x5b, 0x0c, 0x5b, 0x0c, 0x5b, 0x0c, 0x56, 0x0f, 0x54, 0x0f,
  0x55, 0x0f, 0x55, 0x0f, 0x55, 0x0f, 0x55, 0x0f, 0x55, 0x0f, 0x55, 0x0f,
  0x44, 0x0f, 0xbb, 0x0d, 0xcc, 0x0c, 0xcc, 0x0c, 0xcc, 0x0c, 0xcc, 0x0c,
  0xcc, 0x0c, 0xcc, 0x0c, 0xcc, 0x0c, 0xdc, 0x0d, 0x9f, 0x09, 0x7f, 0x07,
  0x7f, 0x07, 0x7f, 0x07, 0x7f, 0x07, 0x7f, 0x07, 0x7f, 0x07, 0x7f, 0x07,
  0x7f, 0x07, 0x7b, 0x0d, 0x76, 0x0f, 0x77, 0x0f, 0x77, 0x0f, 0x77, 0x0f,
  0x77, 0x0f, 0x77, 0x0f, 0x77, 0x0f, 0x77, 0x0f, 0xa6, 0x0e, 0xc5, 0x0d,
  0xc5, 0x0d, 0xc5, 0x0d, 0xc5, 0x0d, 0xc5, 0x0d, 0xc5, 0x0d, 0xc5, 0x0d,
  0xc5, 0x0d, 0x95, 0x0d, 0x44, 0x0d, 0x54, 0x0d, 0x54, 0x0d, 0x54, 0x0d,
  0x54, 0x0d, 0x54, 0x0d, 0x54, 0x0d, 0x43, 0x0d, 0xaa, 0x0b, 0xff, 0x02,
  0xef, 0x04, 0xef, 0x04, 0xef, 0x04, 0xef, 0x04, 0xef, 0x04, 0xef, 0x04,
  0xef, 0x04, 0xef, 0x04, 0xef, 0x04, 0xef, 0x04, 0xef, 0x04, 0xef, 0x04,
  0xff, 0x02, 0xaa, 0x0b, 0x43, 0x0d, 0x54, 0x0d, 0x54, 0x0d, 0x54, 0x0d,
  0x54, 0x0d, 0x54, 0x0d, 0x54, 0x0d, 0x44, 0x0d, 0xb6, 0x0a, 0xe7, 0x05,
  0xd7, 0x05, 0xd7, 0x05, 0xd7, 0x05, 0xd7, 0x05, 0xd7, 0x05, 0xd7, 0x05,
  0xe7, 0x06, 0xa5, 0x04, 0x00, 0x00, 0x00, 0x00, 0x00, 0x00, 0x00, 0x00,
  0x00, 0x00, 0x00, 0x00, 0x00, 0x00, 0x00, 0x00, 0x85, 0x09, 0xd8, 0x0e,
  0xc8, 0x0e, 0xc8, 0x0e, 0xc8, 0x0e, 0xc8, 0x0e, 0xc8, 0x0e, 0xc8, 0x0e,
  0xd8, 0x0e, 0xc7, 0x0c, 0xb3, 0x00, 0xb3, 0x02, 0xb3, 0x02, 0xb3, 0x02,
  0xb3, 0x02, 0xb3, 0x02, 0xb3, 0x02, 0xb3, 0x00, 0xa6, 0x06, 0x5b, 0x0c,
  0x5b, 0x0c, 0x5b, 0x0c, 0x5b, 0x0c, 0x5b, 0x0c, 0x5b, 0x0c, 0x5b, 0x0c,
  0x5b, 0x0c, 0x8c, 0x0d, 0xff, 0x0f, 0xff, 0x0f, 0xff, 0x0f, 0xff, 0x0f,
  0xff, 0x0f, 0xff, 0x0f, 0xff, 0x0f, 0xff, 0x0f, 0xff, 0x0f, 0x5e, 0x05,
  0x5e, 0x05, 0x5e, 0x05, 0x5e, 0x05, 0x5e, 0x05, 0x5e, 0x05, 0x5e, 0x05,
  0x5e, 0x05, 0x6e, 0x05, 0xc5, 0x02, 0xc3, 0x02, 0xc4, 0x02, 0xc4, 0x02,
  0xc4, 0x02, 0xc4, 0x02, 0xc4, 0x02, 0xc4, 0x01, 0xc4, 0x02, 0x6b, 0x0c,
  0x5b, 0x0c, 0x5b, 0x0c, 0x5b, 0x0c, 0x5b, 0x0c, 0x5b, 0x0c, 0x5b, 0x0c,
  0x5b, 0x0c, 0x5b, 0x0c, 0x56, 0x0f, 0x54, 0x0f, 0x55, 0x0f, 0x55, 0x0f,
  0x55, 0x0f, 0x55, 0x0f, 0x55, 0x0f, 0x55, 0x0f, 0x44, 0x0f, 0xbb, 0x0d,
  0xcc, 0x0c, 0xcc, 0x0c, 0xcc, 0x0c, 0xcc, 0x0c, 0xcc, 0x0c, 0xcc, 0x0c,
  0xcc, 0x0c, 0xdc, 0x0d, 0x9f, 0x09, 0x7f, 0x07, 0x7f, 0x07, 0x7f, 0x07,
  0x7f, 0x07, 0x7f, 0x07, 0x7f, 0x07, 0x7f, 0x07, 0x7f, 0x07, 0x7b, 0x0d,
  0x76, 0x0f, 0x77, 0x0f, 0x77, 0x0f, 0x77, 0x0f, 0x77, 0x0f, 0x77, 0x0f,
  0x77, 0x0f, 0x77, 0x0f, 0xa6, 0x0e, 0xc5, 0x0d, 0xc5, 0x0d, 0xc5, 0x0d,
  0xc5, 0x0d, 0xc5, 0x0d, 0xc5, 0x0d, 0xc5, 0x0d, 0xc5, 0x0d, 0x95, 0x0d,
  0x44, 0x0d, 0x54, 0x0d, 0x54, 0x0d, 0x54, 0x0d, 0x54, 0x0d, 0x54, 0x0d,
  0x54, 0x0d, 0x43, 0x0d, 0xaa, 0x0b, 0xff, 0x02, 0xef, 0x04, 0xef, 0x04,
  0xef, 0x04, 0xef, 0x04, 0xef, 0x04, 0xef, 0x04, 0xef, 0x04, 0xef, 0x04,
  0xef, 0x04, 0xef, 0x04, 0xef, 0x04, 0xef, 0x04, 0xff, 0x02, 0xaa, 0x0b,
  0x43, 0x0d, 0x54, 0x0d, 0x54, 0x0d, 0x54, 0x0d, 0x54, 0x0d, 0x54, 0x0d,
  0x54, 0x0d, 0x44, 0x0d, 0xb6, 0x0a, 0xe7, 0x05, 0xd7, 0x05, 0xd7, 0x05,
  0xd7, 0x05, 0xd7, 0x05, 0xd7, 0x05, 0xd7, 0x05, 0xe7, 0x06, 0xa5, 0x04,
  0x00, 0x00, 0x00, 0x00, 0x00, 0x00, 0x00, 0x00, 0x00, 0x00, 0x00, 0x00,
  0x00, 0x00, 0x00, 0x00, 0x85, 0x09, 0xd8, 0x0e, 0xc8, 0x0e, 0xc8, 0x0e,
  0xc8, 0x0e, 0xc8, 0x0e, 0xc8, 0x0e, 0xc8, 0x0e, 0xd8, 0x0e, 0xc7, 0x0c,
  0xb3, 0x00, 0xb3, 0x02, 0xb3, 0x02, 0xb3, 0x02, 0xb3, 0x02, 0xb3, 0x02,
  0xb3, 0x02, 0xb3, 0x00, 0xa6, 0x06, 0x5b, 0x0c, 0x5b, 0x0c, 0x5b, 0x0c,
  0x5b, 0x0c, 0x5b, 0x0c, 0x5b, 0x0c, 0x5b, 0x0c, 0x5b, 0x0c, 0x8c, 0x0d,
  0xff, 0x0f, 0xff, 0x0f, 0xff, 0x0f, 0xff, 0x0f, 0xff, 0x0f, 0xff, 0x0f,
  0xff, 0x0f, 0xff, 0x0f, 0xff, 0x0f, 0x5e, 0x05, 0x5e, 0x05, 0x5e, 0x05,
  0x5e, 0x05, 0x5e, 0x05, 0x5e, 0x05, 0x5e, 0x05, 0x5e, 0x05, 0x6e, 0x05,
  0xc5, 0x02, 0xc3, 0x02, 0xc4, 0x02, 0xc4, 0x02, 0xc4, 0x02, 0xc4, 0x02,
  0xc4, 0x02, 0xc4, 0x01, 0xc4, 0x02, 0x6b, 0x0c, 0x5b, 0x0c, 0x5b, 0x0c,
  0x5b, 0x0c, 0x5b, 0x0c, 0x5b, 0x0c, 0x5b, 0x0c, 0x5b, 0x0c, 0x5b, 0x0c,
  0x56, 0x0f, 0x54, 0x0f, 0x55, 0x0f, 0x55, 0x0f, 0x55, 0x0f, 0x55, 0x0f,
  0x55, 0x0f, 0x55, 0x0f, 0x44, 0x0f, 0xbb, 0x0d, 0xcc, 0x0c, 0xcc, 0x0c,
  0xcc, 0x0c, 0xcc, 0x0c, 0xcc, 0x0c, 0xcc, 0x0c, 0xcc, 0x0c, 0xdc, 0x0d,
  0x9f, 0x09, 0x7f, 0x07, 0x7f, 0x07, 0x7f, 0x07, 0x7f, 0x07, 0x7f, 0x07,
  0x7f, 0x07, 0x7f, 0x07, 0x7f, 0x07, 0x7b, 0x0d, 0x76, 0x0f, 0x77, 0x0f,
  0x77, 0x0f, 0x77, 0x0f, 0x77, 0x0f, 0x77, 0x0f, 0x77, 0x0f, 0x77, 0x0f,
  0xa6, 0x0e, 0xc5, 0x0d, 0xc5, 0x0d, 0xc5, 0x0d, 0xc5, 0x0d, 0xc5, 0x0d,
  0xc5, 0x0d, 0xc5, 0x0d, 0xc5, 0x0d, 0x95, 0x0d, 0x44, 0x0d, 0x54, 0x0d,
  0x54, 0x0d, 0x54, 0x0d, 0x54, 0x0d, 0x54, 0x0d, 0x54, 0x0d, 0x43, 0x0d,
  0xaa, 0x0b, 0xff, 0x02, 0xef, 0x04, 0xef, 0x04, 0xef, 0x04, 0xef, 0x04,
  0xef, 0x04, 0xef, 0x04, 0xef, 0x04, 0xef, 0x04, 0xef, 0x04, 0xef, 0x04,
  0xef, 0x04, 0xef, 0x04, 0xff, 0x02, 0xaa, 0x0b, 0x43, 0x0d, 0x54, 0x0d,
  0x54, 0x0d, 0x54, 0x0d, 0x54, 0x0d, 0x54, 0x0d, 0x54, 0x0d, 0x44, 0x0d,
  0xb6, 0x0a, 0xe7, 0x05, 0xd7, 0x05, 0xd7, 0x05, 0xd7, 0x05, 0xd7, 0x05,
  0xd7, 0x05, 0xd7, 0x05, 0xe7, 0x06, 0xa5, 0x04, 0x00, 0x00, 0x00, 0x00,
  0x00, 0x00, 0x00, 0x00, 0x00, 0x00, 0x00, 0x00, 0x00, 0x00, 0x00, 0x00,
  0x85, 0x09, 0xd8, 0x0e, 0xc8, 0x0e, 0xc8, 0x0e, 0xc8, 0x0e, 0xc8, 0x0e,
  0xc8, 0x0e, 0xc8, 0x0e, 0xd8, 0x0e, 0xc7, 0x0c, 0xb3, 0x00, 0xb3, 0x02,
  0xb3, 0x02, 0xb3, 0x02, 0xb3, 0x02, 0xb3, 0x02, 0xb3, 0x02, 0xb3, 0x00,
  0xa6, 0x06, 0x5b, 0x0c, 0x5b, 0x0c, 0x5b, 0x0c, 0x5b, 0x0c, 0x5b, 0x0c,
  0x5b, 0x0c, 0x5b, 0x0c, 0x5b, 0x0c, 0x8c, 0x0d, 0xff, 0x0f, 0xff, 0x0f,
  0xff, 0x0f, 0xff, 0x0f, 0xff, 0x0f, 0xff, 0x0f, 0xff, 0x0f, 0xff, 0x0f,
  0xff, 0x0f, 0x5e, 0x05, 0x5e, 0x05, 0x5e, 0x05, 0x5e, 0x05, 0x5e, 0x05,
  0x5e, 0x05, 0x5e, 0x05, 0x5e, 0x05, 0x6e, 0x05, 0xc5, 0x02, 0xc3, 0x02,
  0xc4, 0x02, 0xc4, 0x02, 0xc4, 0x02, 0xc4, 0x02, 0xc4, 0x02, 0xc4, 0x01,
  0xc4, 0x02, 0x6b, 0x0c, 0x5b, 0x0c, 0x5b, 0x0c, 0x5b, 0x0c, 0x5b, 0x0c,
  0x5b, 0x0c, 0x5b, 0x0c, 0x5b, 0x0c, 0x5b, 0x0c, 0x56, 0x0f, 0x54, 0x0f,
  0x55, 0x0f, 0x55, 0x0f, 0x55, 0x0f, 0x55, 0x0f, 0x55, 0x0f, 0x55, 0x0f,
  0x44, 0x0f, 0xbb, 0x0d, 0xcc, 0x0c, 0xcc, 0x0c, 0xcc, 0x0c, 0xcc, 0x0c,
  0xcc, 0x0c, 0xcc, 0x0c, 0xcc, 0x0c, 0xdc, 0x0d, 0x9f, 0x09, 0x7f, 0x07,
  0x7f, 0x07, 0x7f, 0x07, 0x7f, 0x07, 0x7f, 0x07, 0x7f, 0x07, 0x7f, 0x07,
  0x7f, 0x07, 0x7b, 0x0d, 0x76, 0x0f, 0x77, 0x0f, 0x77, 0x0f, 0x77, 0x0f,
  0x77, 0x0f, 0x77, 0x0f, 0x77, 0x0f, 0x77, 0x0f, 0xa6, 0x0e, 0xc5, 0x0d,
  0xc5, 0x0d, 0xc5, 0x0d, 0xc5, 0x0d, 0xc5, 0x0d, 0xc5, 0x0d, 0xc5, 0x0d,
  0xc5, 0x0d, 0x95, 0x0d, 0x44, 0x0d, 0x54, 0x0d, 0x54, 0x0d, 0x54, 0x0d,
  0x54, 0x0d, 0x54, 0x0d, 0x54, 0x0d, 0x43, 0x0d, 0xaa, 0x0b, 0xff, 0x02,
  0xef, 0x04, 0xef, 0x04, 0xef, 0x04, 0xef, 0x04, 0xef, 0x04, 0xef, 0x04,
  0xef, 0x04, 0xef, 0x04, 0xef, 0x04, 0xef, 0x04, 0xef, 0x04, 0xef, 0x04,
  0xff, 0x02, 0xaa, 0x0b, 0x43, 0x0d, 0x54, 0x0d, 0x54, 0x0d, 0x54, 0x0d,
  0x54, 0x0d, 0x54, 0x0d, 0x54, 0x0d, 0x44, 0x0d, 0xb6, 0x0a, 0xe7, 0x05,
  0xd7, 0x05, 0xd7, 0x05, 0xd7, 0x05, 0xd7, 0x05, 0xd7, 0x05, 0xd7, 0x05,
  0xe7, 0x06, 0xa5, 0x04, 0x00, 0x00, 0x00, 0x00, 0x00, 0x00, 0x00, 0x00,
  0x00, 0x00, 0x00, 0x00, 0x00, 0x00, 0x00, 0x00, 0x85, 0x09, 0xd8, 0x0e,
  0xc8, 0x0e, 0xc8, 0x0e, 0xc8, 0x0e, 0xc8, 0x0e, 0xc8, 0x0e, 0xc8, 0x0e,
  0xd8, 0x0e, 0xc7, 0x0c, 0xb3, 0x00, 0xb3, 0x02, 0xb3, 0x02, 0xb3, 0x02,
  0xb3, 0x02, 0xb3, 0x02, 0xb3, 0x02, 0xb3, 0x00, 0xa6, 0x06, 0x5b, 0x0c,
  0x5b, 0x0c, 0x5b, 0x0c, 0x5b, 0x0c, 0x5b, 0x0c, 0x5b, 0x0c, 0x5b, 0x0c,
  0x5b, 0x0c, 0x8c, 0x0d, 0xff, 0x0f, 0xff, 0x0f, 0xff, 0x0f, 0xff, 0x0f,
  0xff, 0x0f, 0xff, 0x0f, 0xff, 0x0f, 0xff, 0x0f, 0xff, 0x0f, 0x5e, 0x05,
  0x5e, 0x05, 0x5e, 0x05, 0x5e, 0x05, 0x5e, 0x05, 0x5e, 0x05, 0x5e, 0x05,
  0x5e, 0x05, 0x6e, 0x05, 0xc5, 0x02, 0xc3, 0x02, 0xc4, 0x02, 0xc4, 0x02,
  0xc4, 0x02, 0xc4, 0x02, 0xc4, 0x02, 0xc4, 0x01, 0xc4, 0x02, 0x6b, 0x0c,
  0x5b, 0x0c, 0x5b, 0x0c, 0x5b, 0x0c, 0x5b, 0x0c, 0x5b, 0x0c, 0x5b, 0x0c,
  0x5b, 0x0c, 0x5b, 0x0c, 0x56, 0x0f, 0x54, 0x0f, 0x55, 0x0f, 0x55, 0x0f,
  0x55, 0x0f, 0x55, 0x0f, 0x55, 0x0f, 0x55, 0x0f, 0x44, 0x0f, 0xbb, 0x0d,
  0xcc, 0x0c, 0xcc, 0x0c, 0xcc, 0x0c, 0xcc, 0x0c, 0xcc, 0x0c, 0xcc, 0x0c,
  0xcc, 0x0c, 0xdc, 0x0d, 0x9f, 0x09, 0x7f, 0x07, 0x7f, 0x07, 0x7f, 0x07,
  0x7f, 0x07, 0x7f, 0x07, 0x7f, 0x07, 0x7f, 0x07, 0x7f, 0x07, 0x7b, 0x0d,
  0x76, 0x0f, 0x77, 0x0f, 0x77, 0x0f, 0x77, 0x0f, 0x77, 0x0f, 0x77, 0x0f,
  0x77, 0x0f, 0x77, 0x0f, 0xa6, 0x0e, 0xc5, 0x0d, 0xc5, 0x0d, 0xc5, 0x0d,
  0xc5, 0x0d, 0xc5, 0x0d, 0xc5, 0x0d, 0xc5, 0x0d, 0xc5, 0x0d, 0x95, 0x0d,
  0x44, 0x0d, 0x54, 0x0d, 0x54, 0x0d, 0x54, 0x0d, 0x54, 0x0d, 0x54, 0x0d,
  0x54, 0x0d, 0x43, 0x0d, 0xaa, 0x0b, 0xff, 0x02, 0xef, 0x04, 0xef, 0x04,
  0xef, 0x04, 0xef, 0x04, 0xef, 0x04, 0xef, 0x04, 0xef, 0x04, 0xef, 0x04,
  0xef, 0x04, 0xef, 0x04, 0xef, 0x04, 0xef, 0x04, 0xff, 0x02, 0xaa, 0x0b,
  0x43, 0x0d, 0x54, 0x0d, 0x54, 0x0d, 0x54, 0x0d, 0x54, 0x0d, 0x54, 0x0d,
  0x54, 0x0d, 0x44, 0x0d, 0xb6, 0x0a, 0xe7, 0x05, 0xd7, 0x05, 0xd7, 0x05,
  0xd7, 0x05, 0xd7, 0x05, 0xd7, 0x05, 0xd7, 0x05, 0xe7, 0x06, 0xa5, 0x04,
  0x00, 0x00, 0x00, 0x00, 0x00, 0x00, 0x00, 0x00, 0x00, 0x00, 0x00, 0x00,
  0x00, 0x00, 0x00, 0x00, 0x85, 0x09, 0xd8, 0x0e, 0xc8, 0x0e, 0xc8, 0x0e,
  0xc8, 0x0e, 0xc8, 0x0e, 0xc8, 0x0e, 0xc8, 0x0e, 0xd8, 0x0e, 0xc7, 0x0c,
  0xb3, 0x00, 0xb3, 0x02, 0xb3, 0x02, 0xb3, 0x02, 0xb3, 0x02, 0xb3, 0x02,
  0xb3, 0x02, 0xb3, 0x00, 0xa6, 0x06, 0x5b, 0x0c, 0x5b, 0x0c, 0x5b, 0x0c,
  0x5b, 0x0c, 0x5b, 0x0c, 0x5b, 0x0c, 0x5b, 0x0c, 0x5b, 0x0c, 0x8c, 0x0d,
  0xff, 0x0f, 0xff, 0x0f, 0xff, 0x0f, 0xff, 0x0f, 0xff, 0x0f, 0xff, 0x0f,
  0xff, 0x0f, 0xff, 0x0f, 0xff, 0x0f, 0x5e, 0x05, 0x5e, 0x05, 0x5e, 0x05,
  0x5e, 0x05, 0x5e, 0x05, 0x5e, 0x05, 0x5e, 0x05, 0x5e, 0x05, 0x6e, 0x05,
  0xc5, 0x02, 0xc3, 0x02, 0xc4, 0x02, 0xc4, 0x02, 0xc4, 0x02, 0xc4, 0x02,
  0xc4, 0x02, 0xc4, 0x01, 0xc4, 0x02, 0x6b, 0x0c, 0x5b, 0x0c, 0x5b, 0x0c,
  0x5b, 0x0c, 0x5b, 0x0c, 0x5b, 0x0c, 0x5b, 0x0c, 0x5b, 0x0c, 0x5b, 0x0c,
  0x56, 0x0f, 0x54, 0x0f, 0x55, 0x0f, 0x55, 0x0f, 0x55, 0x0f, 0x55, 0x0f,
  0x55, 0x0f, 0x55, 0x0f, 0x44, 0x0f, 0xbb, 0x0d, 0xcc, 0x0c, 0xcc, 0x0c,
  0xcc, 0x0c, 0xcc, 0x0c, 0xcc, 0x0c, 0xcc, 0x0c, 0xcc, 0x0c, 0xdc, 0x0d,
  0x9f, 0x09, 0x7f, 0x07, 0x7f, 0x07, 0x7f, 0x07, 0x7f, 0x07, 0x7f, 0x07,
  0x7f, 0x07, 0x7f, 0x07, 0x7f, 0x07, 0x7b, 0x0d, 0x76, 0x0f, 0x77, 0x0f,
  0x77, 0x0f, 0x77, 0x0f, 0x77, 0x0f, 0x77, 0x0f, 0x77, 0x0f, 0x77, 0x0f,
  0xa6, 0x0e, 0xc5, 0x0d, 0xc5, 0x0d, 0xc5, 0x0d, 0xc5, 0x0d, 0xc5, 0x0d,
  0xc5, 0x0d, 0xc5, 0x0d, 0xc5, 0x0d, 0x95, 0x0d, 0x44, 0x0d, 0x54, 0x0d,
  0x54, 0x0d, 0x54, 0x0d, 0x54, 0x0d, 0x54, 0x0d, 0x54, 0x0d, 0x43, 0x0d,
  0xaa, 0x0b, 0xff, 0x02, 0xef, 0x04, 0xef, 0x04, 0xef, 0x04, 0xef, 0x04,
  0xef, 0x04, 0xef, 0x04, 0xef, 0x04, 0xef, 0x04, 0xef, 0x04, 0xef, 0x04,
  0xef, 0x04, 0xef, 0x04, 0xff, 0x02, 0xaa, 0x0b, 0x43, 0x0d, 0x54, 0x0d,
  0x54, 0x0d, 0x54, 0x0d, 0x54, 0x0d, 0x54, 0x0d, 0x54, 0x0d, 0x44, 0x0d,
  0xb6, 0x0a, 0xe7, 0x05, 0xd7, 0x05, 0xd7, 0x05, 0xd7, 0x05, 0xd7, 0x05,
  0xd7, 0x05, 0xd7, 0x05, 0xe7, 0x06, 0xa5, 0x04, 0x00, 0x00, 0x00, 0x00,
  0x00, 0x00, 0x00, 0x00, 0x00, 0x00, 0x00, 0x00, 0x00, 0x00, 0x00, 0x00,
  0x85, 0x09, 0xd8, 0x0e, 0xc8, 0x0e, 0xc8, 0x0e, 0xc8, 0x0e, 0xc8, 0x0e,
  0xc8, 0x0e, 0xc8, 0x0e, 0xd8, 0x0e, 0xc7, 0x0c, 0xb3, 0x00, 0xb3, 0x02,
  0xb3, 0x02, 0xb3, 0x02, 0xb3, 0x02, 0xb3, 0x02, 0xb3, 0x02, 0xb3, 0x00,
  0xa6, 0x06, 0x5b, 0x0c, 0x5b, 0x0c, 0x5b, 0x0c, 0x5b, 0x0c, 0x5b, 0x0c,
  0x5b, 0x0c, 0x5b, 0x0c, 0x5b, 0x0c, 0x8c, 0x0d, 0xff, 0x0f, 0xff, 0x0f,
  0xff, 0x0f, 0xff, 0x0f, 0xff, 0x0f, 0xff, 0x0f, 0xff, 0x0f, 0xff, 0x0f,
  0xff, 0x0f, 0x5e, 0x05, 0x5e, 0x05, 0x5e, 0x05, 0x5e, 0x05, 0x5e, 0x05,
  0x5e, 0x05, 0x5e, 0x05, 0x5e, 0x05, 0x6e, 0x05, 0xc5, 0x02, 0xc3, 0x02,
  0xc4, 0x02, 0xc4, 0x02, 0xc4, 0x02, 0xc4, 0x02, 0xc4, 0x02, 0xc4, 0x01,
  0xc4, 0x02, 0x6b, 0x0c, 0x5b, 0x0c, 0x5b, 0x0c, 0x5b, 0x0c, 0x5b, 0x0c,
  0x5b, 0x0c, 0x5b, 0x0c, 0x5b, 0x0c, 0x5b, 0x0c, 0x56, 0x0f, 0x54, 0x0f,
  0x55, 0x0f, 0x55, 0x0f, 0x55, 0x0f, 0x55, 0x0f, 0x55, 0x0f, 0x55, 0x0f,
  0x44, 0x0f, 0xbb, 0x0d, 0xcc, 0x0c, 0xcc, 0x0c, 0xcc, 0x0c, 0xcc, 0x0c,
  0xcc, 0x0c, 0xcc, 0x0c, 0xcc, 0x0c, 0xdc, 0x0d, 0x9f, 0x09, 0x7f, 0x07,
  0x7f, 0x07, 0x7f, 0x07, 0x7f, 0x07, 0x7f, 0x07, 0x7f, 0x07, 0x7f, 0x07,
  0x7f, 0x07, 0x7b, 0x0d, 0x76, 0x0f, 0x77, 0x0f, 0x77, 0x0f, 0x77, 0x0f,
  0x77, 0x0f, 0x77, 0x0f, 0x77, 0x0f, 0x77, 0x0f, 0xa6, 0x0e, 0xc5, 0x0d,
  0xc5, 0x0d, 0xc5, 0x0d, 0xc5, 0x0d, 0xc5, 0x0d, 0xc5, 0x0d, 0xc5, 0x0d,
  0xc5, 0x0d, 0x95, 0x0d, 0x44, 0x0d, 0x54, 0x0d, 0x54, 0x0d, 0x54, 0x0d,
  0x54, 0x0d, 0x54, 0x0d, 0x54, 0x0d, 0x43, 0x0d, 0xaa, 0x0b, 0xff, 0x02,
  0xef, 0x04, 0xef, 0x04, 0xef, 0x04, 0xef, 0x04, 0xef, 0x04, 0xef, 0x04,
  0xef, 0x04, 0xef, 0x04, 0xef, 0x04, 0xef, 0x04, 0xef, 0x04, 0xef, 0x04,
  0xff, 0x02, 0xaa, 0x0b, 0x43, 0x0d, 0x54, 0x0d, 0x54, 0x0d, 0x54, 0x0d,
  0x54, 0x0d, 0x54, 0x0d, 0x54, 0x0d, 0x44, 0x0d, 0xb6, 0x0a, 0xe7, 0x05,
  0xd7, 0x05, 0xd7, 0x05, 0xd7, 0x05, 0xd7, 0x05, 0xd7, 0x05, 0xd7, 0x05,
  0xe7, 0x06, 0xa5, 0x04, 0x00, 0x00, 0x00, 0x00, 0x00, 0x00, 0x00, 0x00,
  0x00, 0x00, 0x00, 0x00, 0x00, 0x00, 0x00, 0x00, 0x85, 0x09, 0xd8, 0x0e,
  0xc8, 0x0e, 0xc8, 0x0e, 0xc8, 0x0e, 0xc8, 0x0e, 0xc8, 0x0e, 0xc8, 0x0e,
  0xd8, 0x0e, 0xc7, 0x0c, 0xb3, 0x00, 0xb3, 0x02, 0xb3, 0x02, 0xb3, 0x02,
  0xb3, 0x02, 0xb3, 0x02, 0xb3, 0x02, 0xb3, 0x00, 0xa6, 0x06, 0x5b, 0x0c,
  0x5b, 0x0c, 0x5b, 0x0c, 0x5b, 0x0c, 0x5b, 0x0c, 0x5b, 0x0c, 0x5b, 0x0c,
  0x5b, 0x0c, 0x8c, 0x0d, 0xff, 0x0f, 0xff, 0x0f, 0xff, 0x0f, 0xff, 0x0f,
  0xff, 0x0f, 0xff, 0x0f, 0xff, 0x0f, 0xff, 0x0f, 0xff, 0x0f, 0x5e, 0x05,
  0x5e, 0x05, 0x5e, 0x05, 0x5e, 0x05, 0x5e, 0x05, 0x5e, 0x05, 0x5e, 0x05,
  0x5e, 0x05, 0x6e, 0x05, 0xc5, 0x02, 0xc3, 0x02, 0xc4, 0x02, 0xc4, 0x02,
  0xc4, 0x02, 0xc4, 0x02, 0xc4, 0x02, 0xc4, 0x01, 0xc4, 0x02, 0x6b, 0x0c,
  0x5b, 0x0c, 0x5b, 0x0c, 0x5b, 0x0c, 0x5b, 0x0c, 0x5b, 0x0c, 0x5b, 0x0c,
  0x5b, 0x0c, 0x5b, 0x0c, 0x56, 0x0f, 0x54, 0x0f, 0x55, 0x0f, 0x55, 0x0f,
  0x55, 0x0f, 0x55, 0x0f, 0x55, 0x0f, 0x55, 0x0f, 0x44, 0x0f, 0xbb, 0x0d,
  0xcc, 0x0c, 0xcc, 0x0c, 0xcc, 0x0c, 0xcc, 0x0c, 0xcc, 0x0c, 0xcc, 0x0c,
  0xcc, 0x0c, 0xdc, 0x0d, 0x9f, 0x09, 0x7f, 0x07, 0x7f, 0x07, 0x7f, 0x07,
  0x7f, 0x07, 0x7f, 0x07, 0x7f, 0x07, 0x7f, 0x07, 0x7f, 0x07, 0x7b, 0x0d,
  0x76, 0x0f, 0x77, 0x0f, 0x77, 0x0f, 0x77, 0x0f, 0x77, 0x0f, 0x77, 0x0f,
  0x77, 0x0f, 0x77, 0x0f, 0xa6, 0x0e, 0xc5, 0x0d, 0xc5, 0x0d, 0xc5, 0x0d,
  0xc5, 0x0d, 0xc5, 0x0d, 0xc5, 0x0d, 0xc5, 0x0d, 0xc5, 0x0d, 0x95, 0x0d,
  0x44, 0x0d, 0x54, 0x0d, 0x54, 0x0d, 0x54, 0x0d, 0x54, 0x0d, 0x54, 0x0d,
  0x54, 0x0d, 0x43, 0x0d, 0xaa, 0x0b, 0xff, 0x02, 0xef, 0x04, 0xef, 0x04,
  0xef, 0x04, 0xef, 0x04, 0xef, 0x04, 0xef, 0x04, 0xef, 0x04, 0xef, 0x04,
  0xef, 0x04, 0xef, 0x04, 0xef, 0x04, 0xef, 0x04, 0xff, 0x02, 0xaa, 0x0b,
  0x43, 0x0d, 0x54, 0x0d, 0x54, 0x0d, 0x54, 0x0d, 0x54, 0x0d, 0x54, 0x0d,
  0x54, 0x0d, 0x44, 0x0d, 0xb6, 0x0a, 0xe7, 0x05, 0xd7, 0x05, 0xd7, 0x05,
  0xd7, 0x05, 0xd7, 0x05, 0xd7, 0x05, 0xd7, 0x05, 0xe7, 0x06, 0xa5, 0x04,
  0x00, 0x00, 0x00, 0x00, 0x00, 0x00, 0x00, 0x00, 0x00, 0x00, 0x00, 0x00,
  0x00, 0x00, 0x00, 0x00, 0x85, 0x09, 0xd8, 0x0e, 0xc8, 0x0e, 0xc8, 0x0e,
  0xc8, 0x0e, 0xc8, 0x0e, 0xc8, 0x0e, 0xc8, 0x0e, 0xd8, 0x0e, 0xc7, 0x0c,
  0xb3, 0x00, 0xb3, 0x02, 0xb3, 0x02, 0xb3, 0x02, 0xb3, 0x02, 0xb3, 0x02,
  0xb3, 0x02, 0xb3, 0x00, 0xa6, 0x06, 0x5b, 0x0c, 0x5b, 0x0c, 0x5b, 0x0c,
  0x5b, 0x0c, 0x5b, 0x0c, 0x5b, 0x0c, 0x5b, 0x0c, 0x5b, 0x0c, 0x8c, 0x0d,
  0xff, 0x0f, 0xff, 0x0f, 0xff, 0x0f, 0xff, 0x0f, 0xff, 0x0f, 0xff, 0x0f,
  0xff, 0x0f, 0xff, 0x0f, 0xff, 0x0f, 0x5e, 0x05, 0x5e, 0x05, 0x5e, 0x05,
  0x5e, 0x05, 0x5e, 0x05, 0x5e, 0x05, 0x5e, 0x05, 0x5e, 0x05, 0x6e, 0x05,
  0xc5, 0x02, 0xc3, 0x02, 0xc4, 0x02, 0xc4, 0x02, 0xc4, 0x02, 0xc4, 0x02,
  0xc4, 0x02, 0xc4, 0x01, 0xc4, 0x02, 0x6b, 0x0c, 0x5b, 0x0c, 0x5b, 0x0c,
  0x5b, 0x0c, 0x5b, 0x0c, 0x5b, 0x0c, 0x5b, 0x0c, 0x5b, 0x0c, 0x5b, 0x0c,
  0x56, 0x0f, 0x54, 0x0f, 0x55, 0x0f, 0x55, 0x0f, 0x55, 0x0f, 0x55, 0x0f,
  0x55, 0x0f, 0x55, 0x0f, 0x44, 0x0f, 0xbb, 0x0d, 0xcc, 0x0c, 0xcc, 0x0c,
  0xcc, 0x0c, 0xcc, 0x0c, 0xcc, 0x0c, 0xcc, 0x0c, 0xcc, 0x0c, 0xdc, 0x0d,
  0x9f, 0x09, 0x7f, 0x07, 0x7f, 0x07, 0x7f, 0x07, 0x7f, 0x07, 0x7f, 0x07,
  0x7f, 0x07, 0x7f, 0x07, 0x7f, 0x07, 0x7b, 0x0d, 0x76, 0x0f, 0x77, 0x0f,
  0x77, 0x0f, 0x77, 0x0f, 0x77, 0x0f, 0x77, 0x0f, 0x77, 0x0f, 0x77, 0x0f,
  0xa6, 0x0e, 0xc5, 0x0d, 0xc5, 0x0d, 0xc5, 0x0d, 0xc5, 0x0d, 0xc5, 0x0d,
  0xc5, 0x0d, 0xc5, 0x0d, 0xc5, 0x0d, 0x95, 0x0d, 0x44, 0x0d, 0x54, 0x0d,
  0x54, 0x0d, 0x54, 0x0d, 0x54, 0x0d, 0x54, 0x0d, 0x54, 0x0d, 0x43, 0x0d,
  0xaa, 0x0b, 0xff, 0x02, 0xef, 0x04, 0xef, 0x04, 0xef, 0x04, 0xef, 0x04,
  0xef, 0x04, 0xef, 0x04, 0xef, 0x04, 0xef, 0x04, 0xef, 0x04, 0xef, 0x04,
  0xef, 0x04, 0xef, 0x04, 0xff, 0x02, 0xaa, 0x0b, 0x43, 0x0d, 0x54, 0x0d,
  0x54, 0x0d, 0x54, 0x0d, 0x54, 0x0d, 0x54, 0x0d, 0x54, 0x0d, 0x44, 0x0d,
  0xb6, 0x0a, 0xe7, 0x05, 0xd7, 0x05, 0xd7, 0x05, 0xd7, 0x05, 0xd7, 0x05,
  0xd7, 0x05, 0xd7, 0x05, 0xe7, 0x06, 0xa5, 0x04, 0x00, 0x00, 0x00, 0x00,
  0x00, 0x00, 0x00, 0x00, 0x00, 0x00, 0x00, 0x00, 0x00, 0x00, 0x00, 0x00,
  0x85, 0x09, 0xd8, 0x0e, 0xc8, 0x0e, 0xc8, 0x0e, 0xc8, 0x0e, 0xc8, 0x0e,
  0xc8, 0x0e, 0xc8, 0x0e, 0xd8, 0x0e, 0xc7, 0x0c, 0xb3, 0x00, 0xb3, 0x02,
  0xb3, 0x02, 0xb3, 0x02, 0xb3, 0x02, 0xb3, 0x02, 0xb3, 0x02, 0xb3, 0x00,
  0xa6, 0x06, 0x5b, 0x0c, 0x5b, 0x0c, 0x5b, 0x0c, 0x5b, 0x0c, 0x5b, 0x0c,
  0x5b, 0x0c, 0x5b, 0x0c, 0x5b, 0x0c, 0x8c, 0x0d, 0xff, 0x0f, 0xff, 0x0f,
  0xff, 0x0f, 0xff, 0x0f, 0xff, 0x0f, 0xff, 0x0f, 0xff, 0x0f, 0xff, 0x0f,
  0xff, 0x0f, 0x5e, 0x05, 0x5e, 0x05, 0x5e, 0x05, 0x5e, 0x05, 0x5e, 0x05,
  0x5e, 0x05, 0x5e, 0x05, 0x5e, 0x05, 0x6e, 0x05, 0xc5, 0x02, 0xc3, 0x02,
  0xc4, 0x02, 0xc4, 0x02, 0xc4, 0x02, 0xc4, 0x02, 0xc4, 0x02, 0xc4, 0x01,
  0xc4, 0x02, 0x6b, 0x0c, 0x5b, 0x0c, 0x5b, 0x0c, 0x5b, 0x0c, 0x5b, 0x0c,
  0x5b, 0x0c, 0x5b, 0x0c, 0x5b, 0x0c, 0x5b, 0x0c, 0x56, 0x0f, 0x54, 0x0f,
  0x55, 0x0f, 0x55, 0x0f, 0x55, 0x0f, 0x55, 0x0f, 0x55, 0x0f, 0x55, 0x0f,
  0x44, 0x0f, 0xbb, 0x0d, 0xcc, 0x0c, 0xcc, 0x0c, 0xcc, 0x0c, 0xcc, 0x0c,
  0xcc, 0x0c, 0xcc, 0x0c, 0xcc, 0x0c, 0xdc, 0x0d, 0x9f, 0x09, 0x7f, 0x07,
  0x7f, 0x07, 0x7f, 0x07, 0x7f, 0x07, 0x7f, 0x07, 0x7f, 0x07, 0x7f, 0x07,
  0x7f, 0x07, 0x7b, 0x0d, 0x76, 0x0f, 0x77, 0x0f, 0x77, 0x0f, 0x77, 0x0f,
  0x77, 0x0f, 0x77, 0x0f, 0x77, 0x0f, 0x77, 0x0f, 0xa6, 0x0e, 0xc5, 0x0d,
  0xc5, 0x0d, 0xc5, 0x0d, 0xc5, 0x0d, 0xc5, 0x0d, 0xc5, 0x0d, 0xc5, 0x0d,
  0xc5, 0x0d, 0x95, 0x0d, 0x44, 0x0d, 0x54, 0x0d, 0x54, 0x0d, 0x54, 0x0d,
  0x54, 0x0d, 0x54, 0x0d, 0x54, 0x0d, 0x43, 0x0d, 0xaa, 0x0b, 0xff, 0x02,
  0xef, 0x04, 0xef, 0x04, 0xef, 0x04, 0xef, 0x04, 0xef, 0x04, 0xef, 0x04,
  0xef, 0x04, 0xef, 0x04, 0xef, 0x04, 0xef, 0x04, 0xef, 0x04, 0xef, 0x04,
  0xff, 0x02, 0xaa, 0x0b, 0x33, 0x0d, 0x44, 0x0d, 0x44, 0x0d, 0x44, 0x0d,
  0x44, 0x0d, 0x44, 0x0d, 0x44, 0x0d, 0x34, 0x0d, 0xb6, 0x0a, 0xe7, 0x05,
  0xd7, 0x05, 0xd7, 0x05, 0xd7, 0x05, 0xd7, 0x05, 0xd7, 0x05, 0xd7, 0x05,
  0xe7, 0x06, 0xa5, 0x04, 0x00, 0x00, 0x00, 0x00, 0x00, 0x00, 0x00, 0x00,
  0x00, 0x00, 0x00, 0x00, 0x00, 0x00, 0x00, 0x00, 0x84, 0x09, 0xd8, 0x0e,
  0xc8, 0x0e, 0xc8, 0x0e, 0xc8, 0x0e, 0xc8, 0x0e, 0xc8, 0x0e, 0xc8, 0x0e,
  0xd8, 0x0e, 0xc6, 0x0c, 0xa3, 0x00, 0xb3, 0x02, 0xb3, 0x02, 0xb3, 0x02,
  0xb3, 0x02, 0xb3, 0x02, 0xb3, 0x02, 0xb2, 0x00, 0xa6, 0x06, 0x5b, 0x0c,
  0x5b, 0x0c, 0x5b, 0x0c, 0x5b, 0x0c, 0x5b, 0x0c, 0x5b, 0x0c, 0x5b, 0x0c,
  0x4b, 0x0c, 0x8c, 0x0d, 0xff, 0x0f, 0xff, 0x0f, 0xff, 0x0f, 0xff, 0x0f,
  0xff, 0x0f, 0xff, 0x0f, 0xff, 0x0f, 0xff, 0x0f, 0xff, 0x0f, 0x5e, 0x05,
  0x5e, 0x05, 0x5e, 0x05, 0x5e, 0x05, 0x5e, 0x05, 0x5e, 0x05, 0x5e, 0x05,
  0x5e, 0x05, 0x6e, 0x05, 0xc5, 0x02, 0xc3, 0x02, 0xc3, 0x02, 0xc3, 0x02,
  0xc3, 0x02, 0xc3, 0x02, 0xc3, 0x02, 0xc3, 0x01, 0xc4, 0x02, 0x6b, 0x0c,
  0x5b, 0x0c, 0x5b, 0x0c, 0x5b, 0x0c, 0x5b, 0x0c, 0x5b, 0x0c, 0x5b, 0x0c,
  0x5b, 0x0c, 0x5b, 0x0c, 0x56, 0x0f, 0x54, 0x0f, 0x55, 0x0f, 0x55, 0x0f,
  0x55, 0x0f, 0x55, 0x0f, 0x55, 0x0f, 0x55, 0x0f, 0x44, 0x0f, 0xbb, 0x0d,
  0xcc, 0x0c, 0xcc, 0x0c, 0xcc, 0x0c, 0xcc, 0x0c, 0xcc, 0x0c, 0xcc, 0x0c,
  0xcc, 0x0c, 0xdc, 0x0d, 0x9f, 0x09, 0x6f, 0x07, 0x7f, 0x07, 0x7f, 0x07,
  0x7f, 0x07, 0x7f, 0x07, 0x7f, 0x07, 0x7f, 0x07, 0x7f, 0x07, 0x7b, 0x0d,
  0x76, 0x0f, 0x77, 0x0f, 0x77, 0x0f, 0x77, 0x0f, 0x77, 0x0f, 0x77, 0x0f,
  0x77, 0x0f, 0x77, 0x0f, 0xa6, 0x0e, 0xc4, 0x0d, 0xc5, 0x0d, 0xc5, 0x0d,
  0xc5, 0x0d, 0xc5, 0x0d, 0xc5, 0x0d, 0xc5, 0x0d, 0xc5, 0x0d, 0x94, 0x0d,
  0x44, 0x0d, 0x44, 0x0d, 0x44, 0x0d, 0x44, 0x0d, 0x44, 0x0d, 0x44, 0x0d,
  0x44, 0x0d, 0x33, 0x0d, 0xaa, 0x0b, 0xff, 0x02, 0xef, 0x04, 0xef, 0x04,
  0xef, 0x04, 0xef, 0x04, 0xef, 0x04, 0xef, 0x04, 0xef, 0x04, 0xef, 0x04,
  0xef, 0x04, 0xef, 0x04, 0xef, 0x04, 0xef, 0x04, 0xff, 0x02, 0xaa, 0x0a,
  0x54, 0x0d, 0x55, 0x0d, 0x55, 0x0d, 0x55, 0x0d, 0x55, 0x0d, 0x55, 0x0d,
  0x55, 0x0d, 0x55, 0x0d, 0xb7, 0x09, 0xe8, 0x05, 0xd8, 0x05, 0xd8, 0x05,
  0xd8, 0x05, 0xd8, 0x05, 0xd8, 0x05, 0xd8, 0x05, 0xe8, 0x05, 0xa6, 0x04,
  0x02, 0x00, 0x33, 0x00, 0x33, 0x00, 0x33, 0x00, 0x33, 0x00, 0x33, 0x00,
  0x33, 0x00, 0x02, 0x00, 0x85, 0x09, 0xd8, 0x0e, 0xd8, 0x0e, 0xd8, 0x0e,
  0xd8, 0x0e, 0xd8, 0x0e, 0xd8, 0x0e, 0xd8, 0x0e, 0xd8, 0x0e, 0xc7, 0x0c,
  0xb4, 0x00, 0xb4, 0x02, 0xb4, 0x02, 0xb4, 0x02, 0xb4, 0x02, 0xb4, 0x02,
  0xb4, 0x02, 0xb4, 0x00, 0xa7, 0x06, 0x6c, 0x0c, 0x6b, 0x0c, 0x6b, 0x0c,
  0x6b, 0x0c, 0x6b, 0x0c, 0x6b, 0x0c, 0x6b, 0x0c, 0x5b, 0x0c, 0x9c, 0x0d,
  0xff, 0x0f, 0xff, 0x0f, 0xff, 0x0f, 0xff, 0x0f, 0xff, 0x0f, 0xff, 0x0f,
  0xff, 0x0f, 0xff, 0x0f, 0xff, 0x0e, 0x6e, 0x05, 0x5e, 0x05, 0x6e, 0x05,
  0x6e, 0x05, 0x6e, 0x05, 0x6e, 0x05, 0x6e, 0x05, 0x5e, 0x05, 0x6e, 0x05,
  0xc6, 0x02, 0xc4, 0x02, 0xc5, 0x02, 0xc5, 0x02, 0xc5, 0x02, 0xc5, 0x02,
  0xc5, 0x02, 0xc5, 0x01, 0xc5, 0x02, 0x7b, 0x0b, 0x6b, 0x0c, 0x6b, 0x0c,
  0x6b, 0x0c, 0x6b, 0x0c, 0x6b, 0x0c, 0x6b, 0x0c, 0x6b, 0x0c, 0x6b, 0x0c,
  0x67, 0x0f, 0x65, 0x0f, 0x66, 0x0f, 0x66, 0x0f, 0x66, 0x0f, 0x66, 0x0f,
  0x66, 0x0f, 0x66, 0x0f, 0x55, 0x0f, 0xbb, 0x0d, 0xdd, 0x0c, 0xcc, 0x0c,
  0xcc, 0x0c, 0xcc, 0x0c, 0xcc, 0x0c, 0xcc, 0x0c, 0xcc, 0x0c, 0xdc, 0x0c,
  0x9f, 0x09, 0x7f, 0x07, 0x7f, 0x07, 0x7f, 0x07, 0x7f, 0x07, 0x7f, 0x07,
  0x7f, 0x07, 0x7f, 0x07, 0x7f, 0x07, 0x7b, 0x0d, 0x87, 0x0f, 0x88, 0x0f,
  0x88, 0x0f, 0x88, 0x0f, 0x88, 0x0f, 0x88, 0x0f, 0x88, 0x0f, 0x78, 0x0f,
  0xa7, 0x0e, 0xc5, 0x0d, 0xc6, 0x0d, 0xc6, 0x0d, 0xc6, 0x0d, 0xc6, 0x0d,
  0xc6, 0x0d, 0xc6, 0x0d, 0xc6, 0x0d, 0xa5, 0x0d, 0x55, 0x0d, 0x55, 0x0d,
  0x55, 0x0d, 0x55, 0x0d, 0x55, 0x0d, 0x55, 0x0d, 0x55, 0x0d, 0x54, 0x0d,
  0xaa, 0x0a, 0xff, 0x02, 0xef, 0x04, 0xef, 0x04, 0xef, 0x04, 0xef, 0x04,
  0xef, 0x04, 0xef, 0x04, 0xef, 0x04, 0xef, 0x04, 0xef, 0x04, 0xef, 0x04,
  0xef, 0x04, 0xef, 0x04, 0xef, 0x04, 0xef, 0x05, 0xee, 0x05, 0xee, 0x05,
  0xee, 0x05, 0xee, 0x05, 0xee, 0x05, 0xee, 0x05, 0xee, 0x05, 0xee, 0x05,
  0xee, 0x05, 0xee, 0x04, 0xee, 0x04, 0xee, 0x04, 0xee, 0x04, 0xee, 0x04,
  0xee, 0x04, 0xee, 0x04, 0xee, 0x04, 0xee, 0x04, 0xee, 0x03, 0xee, 0x03,
  0xee, 0x03, 0xee, 0x03, 0xee, 0x03, 0xee, 0x03, 0xee, 0x03, 0xee, 0x03,
  0xee, 0x04, 0xee, 0x06, 0xee, 0x06, 0xee, 0x06, 0xee, 0x06, 0xee, 0x06,
  0xee, 0x06, 0xee, 0x06, 0xee, 0x06, 0xee, 0x05, 0xee, 0x03, 0xee, 0x04,
  0xee, 0x04, 0xee, 0x04, 0xee, 0x04, 0xee, 0x04, 0xee, 0x04, 0xee, 0x03,
  0xee, 0x04, 0xef, 0x05, 0xef, 0x05, 0xef, 0x05, 0xef, 0x05, 0xef, 0x05,
  0xef, 0x05, 0xef, 0x05, 0xef, 0x05, 0xef, 0x05, 0xef, 0x06, 0xef, 0x06,
  0xef, 0x06, 0xef, 0x06, 0xef, 0x06, 0xef, 0x06, 0xef, 0x06, 0xef, 0x06,
  0xef, 0x06, 0xef, 0x04, 0xef, 0x04, 0xef, 0x04, 0xef, 0x04, 0xef, 0x04,
  0xef, 0x04, 0xef, 0x04, 0xef, 0x04, 0xef, 0x04, 0xee, 0x04, 0xee, 0x04,
  0xee, 0x04, 0xee, 0x04, 0xee, 0x04, 0xee, 0x04, 0xee, 0x04, 0xee, 0x04,
  0xee, 0x04, 0xef, 0x05, 0xef, 0x05, 0xef, 0x05, 0xef, 0x05, 0xef, 0x05,
  0xef, 0x05, 0xef, 0x05, 0xef, 0x05, 0xef, 0x05, 0xee, 0x06, 0xee, 0x06,
  0xee, 0x06, 0xee, 0x06, 0xee, 0x06, 0xee, 0x06, 0xee, 0x06, 0xee, 0x06,
  0xee, 0x06, 0xef, 0x05, 0xef, 0x05, 0xef, 0x05, 0xef, 0x05, 0xef, 0x05,
  0xef, 0x05, 0xef, 0x05, 0xef, 0x05, 0xef, 0x05, 0xef, 0x04, 0xef, 0x04,
  0xef, 0x04, 0xef, 0x04, 0xef, 0x04, 0xef, 0x04, 0xef, 0x04, 0xef, 0x04,
  0xef, 0x04, 0xef, 0x05, 0xee, 0x06, 0xee, 0x06, 0xee, 0x06, 0xee, 0x06,
  0xee, 0x06, 0xee, 0x06, 0xee, 0x06, 0xee, 0x06, 0xee, 0x06, 0xee, 0x05,
  0xee, 0x05, 0xee, 0x05, 0xee, 0x05, 0xee, 0x05, 0xee, 0x05, 0xee, 0x05,
  0xee, 0x05, 0xee, 0x05, 0xee, 0x05, 0xee, 0x05, 0xee, 0x05, 0xee, 0x05,
  0xee, 0x05, 0xee, 0x05, 0xee, 0x05, 0xee, 0x05, 0xef, 0x05, 0xef, 0x04,
  0xef, 0x04, 0xef, 0x04, 0xef, 0x04, 0xef, 0x04, 0xef, 0x04, 0xef, 0x04,
  0xef, 0x04, 0xef, 0x04, 0xef, 0x04, 0xef, 0x04, 0xef, 0x04, 0xef, 0x04,
  0xef, 0x04, 0xef, 0x03, 0xef, 0x03, 0xef, 0x03, 0xef, 0x03, 0xef, 0x03,
  0xef, 0x03, 0xef, 0x03, 0xef, 0x03, 0xef, 0x03, 0xef, 0x03, 0xef, 0x04,
  0xef, 0x04, 0xef, 0x04, 0xef, 0x04, 0xef, 0x04, 0xef, 0x04, 0xef, 0x04,
  0xef, 0x04, 0xef, 0x04, 0xef, 0x04, 0xef, 0x04, 0xef, 0x04, 0xef, 0x04,
  0xef, 0x04, 0xef, 0x04, 0xef, 0x04, 0xef, 0x04, 0xef, 0x04, 0xef, 0x03,
  0xef, 0x03, 0xef, 0x03, 0xef, 0x03, 0xef, 0x03, 0xef, 0x03, 0xef, 0x03,
  0xef, 0x03, 0xef, 0x03, 0xef, 0x04, 0xef, 0x04, 0xef, 0x04, 0xef, 0x04,
  0xef, 0x04, 0xef, 0x04, 0xef, 0x04, 0xef, 0x04, 0xef, 0x04, 0xef, 0x03,
  0xef, 0x03, 0xef, 0x03, 0xef, 0x03, 0xef, 0x03, 0xef, 0x03, 0xef, 0x03,
  0xef, 0x03, 0xef, 0x03, 0xef, 0x03, 0xef, 0x03, 0xef, 0x03, 0xef, 0x03,
  0xef, 0x03, 0xef, 0x03, 0xef, 0x03, 0xef, 0x03, 0xef, 0x03, 0xef, 0x04,
  0xef, 0x04, 0xef, 0x04, 0xef, 0x04, 0xef, 0x04, 0xef, 0x04, 0xef, 0x04,
  0xef, 0x04, 0xef, 0x04, 0xef, 0x04, 0xef, 0x04, 0xef, 0x04, 0xef, 0x04,
  0xef, 0x04, 0xef, 0x04, 0xef, 0x04, 0xef, 0x04, 0xef, 0x04, 0xef, 0x03,
  0xef, 0x03, 0xef, 0x03, 0xef, 0x03, 0xef, 0x03, 0xef, 0x03, 0xef, 0x03,
  0xef, 0x03, 0xef, 0x03, 0xef, 0x03, 0xef, 0x03, 0xef, 0x03, 0xef, 0x03,
  0xef, 0x03, 0xef, 0x03, 0xef, 0x03, 0xef, 0x03, 0xef, 0x03, 0xef, 0x03,
  0xef, 0x03, 0xef, 0x03, 0xef, 0x03, 0xef, 0x03, 0xef, 0x03, 0xef, 0x03,
  0xef, 0x03, 0xef, 0x03, 0xef, 0x04, 0xef, 0x04, 0xef, 0x04, 0xef, 0x04,
  0xef, 0x04, 0xef, 0x04, 0xef, 0x04, 0xef, 0x04, 0xef, 0x04, 0xef, 0x03,
  0xef, 0x03, 0xef, 0x03, 0xef, 0x03, 0xef, 0x03, 0xef, 0x03, 0xef, 0x03,
  0xef, 0x03, 0xef, 0x03, 0xef, 0x03, 0xef, 0x03, 0xef, 0x03, 0xef, 0x03,
  0xef, 0x03, 0xef, 0x03, 0xef, 0x03, 0xef, 0x03, 0xef, 0x03, 0xef, 0x03,
  0xef, 0x03, 0xef, 0x03, 0xef, 0x03, 0xef, 0x03, 0xef, 0x03, 0xef, 0x03,
  0xef, 0x03, 0xef, 0x03, 0xef, 0x03, 0xef, 0x04, 0xef, 0x04, 0xef, 0x04,
  0xef, 0x04, 0xef, 0x04, 0xef, 0x04, 0xef, 0x04, 0xef, 0x04, 0xef, 0x04,
  0xef, 0x04, 0xef, 0x04, 0xef, 0x04, 0xef, 0x04, 0xef, 0x04, 0xef, 0x04,
  0xef, 0x04, 0xef, 0x04, 0xef, 0x04, 0xef, 0x04, 0xef, 0x04, 0xef, 0x04,
  0xef, 0x04, 0xef, 0x04, 0xef, 0x04, 0xef, 0x04, 0xef, 0x04, 0xef, 0x04,
  0xef, 0x04, 0xef, 0x04, 0xef, 0x04, 0xef, 0x04, 0xef, 0x04, 0xef, 0x04,
  0xef, 0x04, 0xef, 0x04, 0xef, 0x04, 0xef, 0x04, 0xef, 0x04, 0xef, 0x04,
  0xef, 0x04, 0xef, 0x04, 0xef, 0x04, 0xef, 0x04, 0xef, 0x04, 0xef, 0x04,
  0xef, 0x04, 0xef, 0x04, 0xef, 0x04, 0xef, 0x04, 0xef, 0x04, 0xef, 0x04,
  0xef, 0x04, 0xef, 0x04, 0xef, 0x04, 0xef, 0x04, 0xef, 0x04, 0xef, 0x04,
  0xef, 0x04, 0xef, 0x04, 0xef, 0x04, 0xef, 0x04, 0xef, 0x04, 0xef, 0x04,
  0xef, 0x04, 0xef, 0x04, 0xef, 0x04, 0xef, 0x04, 0xef, 0x04, 0xef, 0x04,
  0xef, 0x04, 0xef, 0x04, 0xef, 0x04, 0xef, 0x04, 0xef, 0x04, 0xef, 0x04,
  0xef, 0x04, 0xef, 0x04, 0xef, 0x04, 0xef, 0x04, 0xef, 0x04, 0xef, 0x04,
  0xef, 0x04, 0xef, 0x04, 0xef, 0x04, 0xef, 0x04, 0xef, 0x04, 0xef, 0x04,
  0xef, 0x04, 0xef, 0x04, 0xef, 0x04, 0xef, 0x04, 0xef, 0x04, 0xef, 0x04,
  0xef, 0x04, 0xef, 0x04, 0xef, 0x04, 0xef, 0x04, 0xef, 0x04, 0xef, 0x04,
  0xef, 0x04, 0xef, 0x04, 0xef, 0x04, 0xef, 0x04, 0xef, 0x04, 0xef, 0x04,
  0xef, 0x04, 0xef, 0x04, 0xef, 0x04, 0xef, 0x04, 0xef, 0x04, 0xef, 0x04,
  0xef, 0x04, 0xef, 0x04, 0xef, 0x04, 0xef, 0x04, 0xef, 0x04, 0xef, 0x04,
  0xef, 0x04, 0xef, 0x04, 0xef, 0x04, 0xef, 0x04, 0xef, 0x04, 0xef, 0x04,
  0xef, 0x04, 0xef, 0x04, 0xef, 0x04, 0xef, 0x04, 0xef, 0x04, 0xef, 0x04,
  0xef, 0x04, 0xef, 0x04, 0xef, 0x04, 0xef, 0x04, 0xef, 0x04, 0xef, 0x04,
  0xef, 0x04, 0xef, 0x04, 0xef, 0x04, 0xef, 0x04, 0xef, 0x04, 0xef, 0x04,
  0xef, 0x04, 0xef, 0x04, 0xef, 0x04, 0xef, 0x04, 0xef, 0x04, 0xef, 0x04,
  0xef, 0x04, 0xef, 0x04, 0xef, 0x04, 0xef, 0x04, 0xef, 0x04, 0xef, 0x04,
  0xef, 0x04, 0xef, 0x04, 0xef, 0x04, 0xef, 0x04, 0xef, 0x04, 0xef, 0x04,
  0xef, 0x04, 0xef, 0x04, 0xef, 0x04, 0xef, 0x04, 0xef, 0x04, 0xef, 0x04,
  0xef, 0x04, 0xef, 0x04, 0xef, 0x04, 0xef, 0x04, 0xef, 0x04, 0xef, 0x04,
  0xef, 0x04, 0xef, 0x04, 0xef, 0x04, 0xef, 0x04, 0xef, 0x04, 0xef, 0x04,
  0xef, 0x04, 0xef, 0x04, 0xef, 0x04, 0xef, 0x04, 0xef, 0x04, 0xef, 0x04,
  0xef, 0x04, 0xef, 0x04, 0xef, 0x04, 0xef, 0x04, 0xef, 0x04, 0xef, 0x04,
  0xef, 0x04, 0xef, 0x04, 0xef, 0x04, 0xef, 0x04, 0xef, 0x04, 0xef, 0x04,
  0xef, 0x04, 0xef, 0x04, 0xef, 0x04, 0xef, 0x04, 0xef, 0x04, 0xef, 0x04,
  0xef, 0x04, 0xef, 0x04, 0xef, 0x04, 0xef, 0x04, 0xef, 0x04, 0xef, 0x04,
  0xef, 0x04, 0xef, 0x04, 0xef, 0x04, 0xef, 0x04, 0xef, 0x04, 0xef, 0x04,
  0xef, 0x04, 0xef, 0x04, 0xef, 0x04, 0xef, 0x04, 0xef, 0x04, 0xef, 0x04,
  0xef, 0x04, 0xef, 0x04, 0xef, 0x04, 0xef, 0x04, 0xef, 0x04, 0xef, 0x04,
  0xef, 0x04, 0xef, 0x04, 0xef, 0x04, 0xef, 0x04, 0xef, 0x04, 0xef, 0x04,
  0xef, 0x04, 0xef, 0x04, 0xef, 0x04, 0xef, 0x04, 0xef, 0x04, 0xef, 0x04,
  0xef, 0x04, 0xef, 0x04, 0xef, 0x04, 0xef, 0x04, 0xef, 0x04, 0xef, 0x04,
  0xef, 0x04, 0xef, 0x04, 0xef, 0x04, 0xef, 0x04, 0xef, 0x04, 0xef, 0x04,
  0xef, 0x04, 0xef, 0x04, 0xef, 0x04, 0xef, 0x04, 0xef, 0x04, 0xef, 0x04,
  0xef, 0x04, 0xef, 0x04, 0xef, 0x04, 0xef, 0x04, 0xef, 0x04, 0xef, 0x04,
  0xef, 0x04, 0xef, 0x04, 0xef, 0x04, 0xef, 0x04, 0xef, 0x04, 0xef, 0x04,
  0xef, 0x04, 0xef, 0x04, 0xef, 0x04, 0xef, 0x04, 0xef, 0x04, 0xef, 0x04,
  0xef, 0x04, 0xef, 0x04, 0xef, 0x04, 0xef, 0x04, 0xef, 0x04, 0xef, 0x04,
  0xef, 0x04, 0xef, 0x04, 0xef, 0x04, 0xef, 0x04, 0xef, 0x04, 0xef, 0x04,
  0xef, 0x04, 0xef, 0x04, 0xef, 0x04, 0xef, 0x04, 0xef, 0x04, 0xef, 0x04,
  0xef, 0x04, 0xef, 0x04, 0xef, 0x04, 0xef, 0x04, 0xef, 0x04, 0xef, 0x04,
  0xef, 0x04, 0xef, 0x04, 0xef, 0x04, 0xef, 0x04, 0xef, 0x04, 0xef, 0x04,
  0xef, 0x04, 0xef, 0x04, 0xef, 0x04, 0xef, 0x04, 0xef, 0x04, 0xef, 0x04,
  0xef, 0x04, 0xef, 0x04, 0xef, 0x04, 0xef, 0x04, 0xef, 0x04, 0xef, 0x04,
  0xef, 0x04, 0xef, 0x04, 0xef, 0x04, 0xef, 0x04, 0xef, 0x04, 0xef, 0x04,
  0xef, 0x04, 0xef, 0x04, 0xef, 0x04, 0xef, 0x04, 0xef, 0x04, 0xef, 0x04,
  0xef, 0x04, 0xef, 0x04, 0xef, 0x04, 0xef, 0x04, 0xef, 0x04, 0xef, 0x04,
  0xef, 0x04, 0xef, 0x04, 0xef, 0x04, 0xef, 0x04, 0xef, 0x04, 0xef, 0x04,
  0xef, 0x04, 0xef, 0x04, 0xef, 0x04, 0xef, 0x04, 0xef, 0x04, 0xef, 0x04,
  0xef, 0x04, 0xef, 0x04, 0xef, 0x04, 0xef, 0x04, 0xef, 0x04, 0xef, 0x04,
  0xef, 0x04, 0xef, 0x04, 0xef, 0x04, 0xef, 0x04, 0xef, 0x04, 0xef, 0x04,
  0xef, 0x04, 0xef, 0x04, 0xef, 0x04, 0xef, 0x04, 0xef, 0x04, 0xef, 0x04,
  0xef, 0x04, 0xef, 0x04, 0xef, 0x04, 0xef, 0x04, 0xef, 0x04, 0xef, 0x04,
  0xef, 0x04, 0xef, 0x04, 0xef, 0x04, 0xef, 0x04, 0xef, 0x04, 0xef, 0x04,
  0xef, 0x04, 0xef, 0x04, 0xef, 0x04, 0xef, 0x04, 0xef, 0x04, 0xef, 0x04,
  0xef, 0x04, 0xef, 0x04, 0xef, 0x04, 0xef, 0x04, 0xef, 0x04, 0xef, 0x04,
  0xef, 0x04, 0xef, 0x04, 0xef, 0x04, 0xef, 0x04, 0xef, 0x04, 0xef, 0x04,
  0xef, 0x04, 0xef, 0x04, 0xef, 0x04, 0xef, 0x04, 0xef, 0x04, 0xef, 0x04,
  0xef, 0x04, 0xef, 0x04, 0xef, 0x04, 0xef, 0x04, 0xef, 0x04, 0xef, 0x04,
  0xef, 0x04, 0xef, 0x04, 0xef, 0x04, 0xef, 0x04, 0xef, 0x04, 0xef, 0x04,
  0xef, 0x04, 0xef, 0x04, 0xef, 0x04, 0xef, 0x04, 0xef, 0x04, 0xef, 0x04,
  0xef, 0x04, 0xef, 0x04, 0xef, 0x04, 0xef, 0x04, 0xef, 0x04, 0xef, 0x04,
  0xef, 0x04, 0xef, 0x04, 0xef, 0x04, 0xef, 0x04, 0xef, 0x04, 0xef, 0x04,
  0xef, 0x04, 0xef, 0x04, 0xef, 0x04, 0xef, 0x04, 0xef, 0x04, 0xef, 0x04,
  0xef, 0x04, 0xef, 0x04, 0xef, 0x04, 0xef, 0x04, 0xef, 0x04, 0xef, 0x04,
  0xef, 0x04, 0xef, 0x04, 0xef, 0x04, 0xef, 0x04, 0xef, 0x04, 0xef, 0x04,
  0xef, 0x04, 0xef, 0x04, 0xef, 0x04, 0xef, 0x04, 0xef, 0x04, 0xef, 0x04,
  0xef, 0x04, 0xef, 0x04, 0xef, 0x04, 0xef, 0x04, 0xef, 0x04, 0xef, 0x04,
  0xef, 0x04, 0xef, 0x04, 0xef, 0x04, 0xef, 0x04, 0xef, 0x04, 0xef, 0x04,
  0xef, 0x04, 0xef, 0x04, 0xef, 0x04, 0xef, 0x04, 0xef, 0x04, 0xef, 0x04,
  0xef, 0x04, 0xef, 0x04, 0xef, 0x04, 0xef, 0x04, 0xef, 0x04, 0xef, 0x04,
  0xef, 0x04, 0xef, 0x04, 0xef, 0x04, 0xef, 0x04, 0xef, 0x04, 0xef, 0x04,
  0xef, 0x04, 0xef, 0x04, 0xef, 0x04, 0xef, 0x04, 0xef, 0x04, 0xef, 0x04,
  0xef, 0x04, 0xef, 0x04, 0xef, 0x04, 0xef, 0x04, 0xef, 0x04, 0xef, 0x04,
  0xef, 0x04, 0xef, 0x04, 0xef, 0x04, 0xef, 0x04, 0xef, 0x04, 0xef, 0x04,
  0xef, 0x04, 0xef, 0x04, 0xef, 0x04, 0xef, 0x04, 0xef, 0x04, 0xef, 0x04,
  0xef, 0x04, 0xef, 0x04, 0xef, 0x04, 0xef, 0x04, 0xef, 0x04, 0xef, 0x04,
  0xef, 0x04, 0xef, 0x04, 0xef, 0x04, 0xef, 0x04, 0xef, 0x04, 0xef, 0x04,
  0xef, 0x04, 0xef, 0x04, 0xef, 0x04, 0xef, 0x04, 0xef, 0x04, 0xef, 0x04,
  0xef, 0x04, 0xef, 0x04, 0xef, 0x04, 0xef, 0x04, 0xef, 0x04, 0xef, 0x04,
  0xef, 0x04, 0xef, 0x04, 0xef, 0x04, 0xef, 0x04, 0xef, 0x04, 0xef, 0x04,
  0xef, 0x04, 0xef, 0x04, 0xef, 0x04, 0xef, 0x04, 0xef, 0x04, 0xef, 0x04,
  0xef, 0x04, 0xef, 0x04, 0xef, 0x04, 0xef, 0x04, 0xef, 0x04, 0xef, 0x04,
  0xef, 0x04, 0xef, 0x04, 0xef, 0x04, 0xef, 0x04, 0xef, 0x04, 0xef, 0x04,
  0xef, 0x04, 0xef, 0x04, 0xef, 0x04, 0xef, 0x04, 0xef, 0x04, 0xef, 0x04,
  0xef, 0x04, 0xef, 0x04, 0xef, 0x04, 0xef, 0x04, 0xef, 0x04, 0xef, 0x04,
  0xef, 0x04, 0xef, 0x04, 0xef, 0x04, 0xef, 0x04, 0xef, 0x04, 0xef, 0x04,
  0xef, 0x04, 0xef, 0x04, 0xef, 0x04, 0xef, 0x04, 0xef, 0x04, 0xef, 0x04,
  0xef, 0x04, 0xef, 0x04, 0xef, 0x04, 0xef, 0x04, 0xef, 0x04, 0xef, 0x04,
  0xef, 0x04, 0xef, 0x04, 0xef, 0x04, 0xef, 0x04, 0xef, 0x04, 0xef, 0x04,
  0xef, 0x04, 0xef, 0x04, 0xef, 0x04, 0xef, 0x04, 0xef, 0x04, 0xef, 0x04,
  0xef, 0x04, 0xef, 0x04, 0xef, 0x04, 0xef, 0x04, 0xef, 0x04, 0xef, 0x04,
  0xef, 0x04, 0xef, 0x04, 0xef, 0x04, 0xef, 0x04, 0xef, 0x04, 0xef, 0x04,
  0xef, 0x04, 0xef, 0x04, 0xef, 0x04, 0xef, 0x04, 0xef, 0x04, 0xef, 0x04,
  0xef, 0x04, 0xef, 0x04, 0xef, 0x04, 0xef, 0x04, 0xef, 0x04, 0xef, 0x04,
  0xef, 0x04, 0xef, 0x04, 0xef, 0x04, 0xef, 0x04, 0xef, 0x04, 0xef, 0x04,
  0xef, 0x04, 0xef, 0x04, 0xef, 0x04, 0xef, 0x04, 0xef, 0x04, 0xef, 0x04,
  0xef, 0x04, 0xef, 0x04, 0xef, 0x04, 0xef, 0x04, 0xef, 0x04, 0xef, 0x04,
  0xef, 0x04, 0xef, 0x04, 0xef, 0x04, 0xef, 0x04, 0xef, 0x04, 0xef, 0x04,
  0xef, 0x04, 0xef, 0x04, 0xef, 0x04, 0xef, 0x04, 0xef, 0x04, 0xef, 0x04,
  0xef, 0x04, 0xef, 0x04, 0xef, 0x04, 0xef, 0x04, 0xef, 0x04, 0xef, 0x04,
  0xef, 0x04, 0xef, 0x04, 0xef, 0x04, 0xef, 0x04, 0xef, 0x04, 0xef, 0x04,
  0xef, 0x04, 0xef, 0x04, 0xef, 0x04, 0xef, 0x04, 0xef, 0x04, 0xef, 0x04,
  0xef, 0x04, 0xef, 0x04, 0xef, 0x04, 0xef, 0x04, 0xef, 0x04, 0xef, 0x04,
  0xef, 0x04, 0xef, 0x04, 0xef, 0x04, 0xef, 0x04, 0xef, 0x04, 0xef, 0x04,
  0xef, 0x04, 0xef, 0x04, 0xef, 0x04, 0xef, 0x04, 0xef, 0x04, 0xef, 0x04,
  0xef, 0x04, 0xef, 0x04, 0xef, 0x04, 0xef, 0x04, 0xef, 0x04, 0xef, 0x04,
  0xef, 0x04, 0xef, 0x04, 0xef, 0x04, 0xef, 0x04, 0xef, 0x04, 0xef, 0x04,
  0xef, 0x04, 0xef, 0x04, 0xef, 0x04, 0xef, 0x04, 0xef, 0x04, 0xef, 0x04,
  0xef, 0x04, 0xef, 0x04, 0xef, 0x04, 0xef, 0x04, 0xef, 0x04, 0xef, 0x04,
  0xef, 0x04, 0xef, 0x04, 0xef, 0x04, 0xef, 0x04, 0xef, 0x04, 0xef, 0x04,
  0xef, 0x04, 0xef, 0x04, 0xef, 0x04, 0xef, 0x04, 0xef, 0x04, 0xef, 0x04,
  0xef, 0x04, 0xef, 0x04, 0xef, 0x04, 0xef, 0x04, 0xef, 0x04, 0xef, 0x04,
  0xef, 0x04, 0xef, 0x04, 0xef, 0x04, 0xef, 0x04, 0xef, 0x04, 0xef, 0x04,
  0xef, 0x04, 0xef, 0x04, 0xef, 0x04, 0xef, 0x04, 0xef, 0x04, 0xef, 0x04,
  0xef, 0x04, 0xef, 0x04, 0xef, 0x04, 0xef, 0x04, 0xef, 0x04, 0xef, 0x04,
  0xef, 0x04, 0xef, 0x04, 0xef, 0x04, 0xef, 0x04, 0xef, 0x04, 0xef, 0x04,
  0xef, 0x04, 0xef, 0x04, 0xef, 0x04, 0xef, 0x04, 0xef, 0x04, 0xef, 0x04,
  0xef, 0x04, 0xef, 0x04, 0xef, 0x04, 0xef, 0x04, 0xef, 0x04, 0xef, 0x04,
  0xef, 0x04, 0xef, 0x04, 0xef, 0x04, 0xef, 0x04, 0xef, 0x04, 0xef, 0x04,
  0xef, 0x04, 0xef, 0x04, 0xef, 0x04, 0xef, 0x04, 0xef, 0x04, 0xef, 0x04,
  0xef, 0x04, 0xef, 0x04, 0xef, 0x04, 0xef, 0x04, 0xef, 0x04, 0xef, 0x04,
  0xef, 0x04, 0xef, 0x04, 0xef, 0x04, 0xef, 0x04, 0xef, 0x04, 0xef, 0x04,
  0xef, 0x04, 0xef, 0x04, 0xef, 0x04, 0xef, 0x04, 0xef, 0x04, 0xef, 0x04,
  0xef, 0x04, 0xef, 0x04, 0xef, 0x04, 0xef, 0x04, 0xef, 0x04, 0xef, 0x04,
  0xef, 0x04, 0xef, 0x04, 0xef, 0x04, 0xef, 0x04, 0xef, 0x04, 0xef, 0x04,
  0xef, 0x04, 0xef, 0x04, 0xef, 0x04, 0xef, 0x04, 0xef, 0x04, 0xef, 0x04,
  0xef, 0x04, 0xef, 0x04, 0xef, 0x04, 0xef, 0x04, 0xef, 0x04, 0xef, 0x04,
  0xef, 0x04, 0xef, 0x04, 0xef, 0x04, 0xef, 0x04, 0xef, 0x04, 0xef, 0x04,
  0xef, 0x04, 0xef, 0x04, 0xef, 0x04, 0xef, 0x04, 0xef, 0x04, 0xef, 0x04,
  0xef, 0x04, 0xef, 0x04, 0xef, 0x04, 0xef, 0x04, 0xef, 0x04, 0xef, 0x04,
  0xef, 0x04, 0xef, 0x04, 0xef, 0x04, 0xef, 0x04, 0xef, 0x04, 0xef, 0x04,
  0xef, 0x04, 0xef, 0x04, 0xef, 0x04, 0xef, 0x04, 0xef, 0x04, 0xef, 0x04,
  0xef, 0x04, 0xef, 0x04, 0xef, 0x04, 0xef, 0x04, 0xef, 0x04, 0xef, 0x04,
  0xef, 0x04, 0xef, 0x04, 0xef, 0x04, 0xef, 0x04, 0xef, 0x04, 0xef, 0x04,
  0xef, 0x04, 0xef, 0x04, 0xef, 0x04, 0xef, 0x04, 0xef, 0x04, 0xef, 0x04,
  0xef, 0x04, 0xef, 0x04, 0xef, 0x04, 0xef, 0x04, 0xef, 0x04, 0xef, 0x04,
  0xef, 0x04, 0xef, 0x04, 0xef, 0x04, 0xef, 0x04, 0xef, 0x04, 0xef, 0x04,
  0xef, 0x04, 0xef, 0x04, 0xef, 0x04, 0xef, 0x04, 0xef, 0x04, 0xef, 0x04,
  0xef, 0x04, 0xef, 0x04, 0xef, 0x04, 0xef, 0x04, 0xef, 0x04, 0xef, 0x04,
  0xef, 0x04, 0xef, 0x04, 0xef, 0x04, 0xef, 0x04, 0xef, 0x04, 0xef, 0x04,
  0xef, 0x04, 0xef, 0x04, 0xef, 0x04, 0xef, 0x04, 0xef, 0x04, 0xef, 0x04,
  0xef, 0x04, 0xef, 0x04, 0xef, 0x04, 0xef, 0x04, 0xef, 0x04, 0xef, 0x04,
  0xef, 0x04, 0xef, 0x04, 0xef, 0x04, 0xef, 0x04, 0xef, 0x04, 0xef, 0x04,
  0xef, 0x04, 0xef, 0x04, 0xef, 0x04, 0xef, 0x04, 0xef, 0x04, 0xef, 0x04,
  0xef, 0x04, 0xef, 0x04, 0xef, 0x04, 0xef, 0x04, 0xef, 0x04, 0xef, 0x04,
  0xef, 0x04, 0xef, 0x04, 0xef, 0x04, 0xef, 0x04, 0xef, 0x04, 0xef, 0x04,
  0xef, 0x04, 0xef, 0x04, 0xef, 0x04, 0xef, 0x04, 0xef, 0x04, 0xef, 0x04,
  0xef, 0x04, 0xef, 0x04, 0xef, 0x04, 0xef, 0x04, 0xef, 0x04, 0xef, 0x04,
  0xef, 0x04, 0xef, 0x04, 0xef, 0x04, 0xef, 0x04, 0xef, 0x04, 0xef, 0x04,
  0xef, 0x04, 0xef, 0x04, 0xef, 0x04, 0xef, 0x04, 0xef, 0x04, 0xef, 0x04,
  0xef, 0x04, 0xef, 0x04, 0xef, 0x04, 0xef, 0x04, 0xef, 0x04, 0xef, 0x04,
  0xef, 0x04, 0xef, 0x04, 0xef, 0x04, 0xef, 0x04, 0xef, 0x04, 0xef, 0x04,
  0xef, 0x04, 0xef, 0x04, 0xef, 0x04, 0xef, 0x04, 0xef, 0x04, 0xef, 0x04,
  0xef, 0x04, 0xef, 0x04, 0xef, 0x04, 0xef, 0x04, 0xef, 0x04, 0xef, 0x04,
  0xef, 0x04, 0xef, 0x04, 0xef, 0x04, 0xef, 0x04, 0xef, 0x04, 0xef, 0x04,
  0xef, 0x04, 0xef, 0x04, 0xef, 0x04, 0xef, 0x04, 0xef, 0x04, 0xef, 0x04,
  0xef, 0x04, 0xef, 0x04, 0xef, 0x04, 0xef, 0x04, 0xef, 0x04, 0xef, 0x04,
  0xef, 0x04, 0xef, 0x04, 0xef, 0x04, 0xef, 0x04, 0xef, 0x04, 0xef, 0x04,
  0xef, 0x04, 0xef, 0x04, 0xef, 0x04, 0xef, 0x04, 0xef, 0x04, 0xef, 0x04,
  0xef, 0x04, 0xef, 0x04, 0xef, 0x04, 0xef, 0x04, 0xef, 0x04, 0xef, 0x04,
  0xef, 0x04, 0xef, 0x04, 0xef, 0x04, 0xef, 0x04, 0xef, 0x04, 0xef, 0x04,
  0xef, 0x04, 0xef, 0x04, 0xef, 0x04, 0xef, 0x04, 0xef, 0x04, 0xef, 0x04,
  0xef, 0x04, 0xef, 0x04, 0xef, 0x04, 0xef, 0x04, 0xef, 0x04, 0xef, 0x04,
  0xef, 0x04, 0xef, 0x04, 0xef, 0x04, 0xef, 0x04, 0xef, 0x04, 0xef, 0x04,
  0xef, 0x04, 0xef, 0x04, 0xef, 0x04, 0xef, 0x04, 0xef, 0x04, 0xef, 0x04,
  0xef, 0x04, 0xef, 0x04, 0xef, 0x04, 0xef, 0x04, 0xef, 0x04, 0xef, 0x04,
  0xef, 0x04, 0xef, 0x04, 0xef, 0x04, 0xef, 0x04, 0xef, 0x04, 0xef, 0x04,
  0xef, 0x04, 0xef, 0x04, 0xef, 0x04, 0xef, 0x04, 0xef, 0x04, 0xef, 0x04,
  0xef, 0x04, 0xef, 0x04, 0xef, 0x04, 0xef, 0x04, 0xef, 0x04, 0xef, 0x04,
  0xef, 0x04, 0xef, 0x04, 0xef, 0x04, 0xef, 0x04, 0xef, 0x04, 0xef, 0x04,
  0xef, 0x04, 0xef, 0x04, 0xef, 0x04, 0xef, 0x04, 0xef, 0x04, 0xef, 0x04,
  0xef, 0x04, 0xef, 0x04, 0xef, 0x04, 0xef, 0x04, 0xef, 0x04, 0xef, 0x04,
  0xef, 0x04, 0xef, 0x04, 0xef, 0x04, 0xef, 0x04, 0xef, 0x04, 0xef, 0x04,
  0xef, 0x04, 0xef, 0x04, 0xef, 0x04, 0xef, 0x04, 0xef, 0x04, 0xef, 0x04,
  0xef, 0x04, 0xef, 0x04, 0xef, 0x04, 0xef, 0x04, 0xef, 0x04, 0xef, 0x04,
  0xef, 0x04, 0xef, 0x04, 0xef, 0x04, 0xef, 0x04, 0xef, 0x04, 0xef, 0x04,
  0xef, 0x04, 0xef, 0x04, 0xef, 0x04, 0xef, 0x04, 0xef, 0x04, 0xef, 0x04,
  0xef, 0x04, 0xef, 0x04, 0xef, 0x04, 0xef, 0x04, 0xef, 0x04, 0xef, 0x04,
  0xef, 0x04, 0xef, 0x04, 0xef, 0x04, 0xef, 0x04, 0xef, 0x04, 0xef, 0x04,
  0xef, 0x04, 0xef, 0x04, 0xef, 0x04, 0xef, 0x04, 0xef, 0x04, 0xef, 0x04,
  0xef, 0x04, 0xef, 0x04, 0xef, 0x04, 0xef, 0x04, 0xef, 0x04, 0xef, 0x04,
  0xef, 0x04, 0xef, 0x04, 0xef, 0x04, 0xef, 0x04, 0xef, 0x04, 0xef, 0x04,
  0xef, 0x04, 0xef, 0x04, 0xef, 0x04, 0xef, 0x04, 0xef, 0x04, 0xef, 0x04,
  0xef, 0x04, 0xef, 0x04, 0xef, 0x04, 0xef, 0x04, 0xef, 0x04, 0xef, 0x04,
  0xef, 0x04, 0xef, 0x04, 0xef, 0x04, 0xef, 0x04, 0xef, 0x04, 0xef, 0x04,
  0xef, 0x04, 0xef, 0x04, 0xef, 0x04, 0xef, 0x04, 0xef, 0x04, 0xef, 0x04,
  0xef, 0x04, 0xef, 0x04, 0xef, 0x04, 0xef, 0x04, 0xef, 0x04, 0xef, 0x04,
  0xef, 0x04, 0xef, 0x04, 0xef, 0x04, 0xef, 0x04, 0xef, 0x04, 0xef, 0x04,
  0xef, 0x04, 0xef, 0x04, 0xef, 0x04, 0xef, 0x04, 0xef, 0x04, 0xef, 0x04,
  0xef, 0x04, 0xef, 0x04, 0xef, 0x04, 0xef, 0x04, 0xef, 0x04, 0xef, 0x04,
  0xef, 0x04, 0xef, 0x04, 0xef, 0x04, 0xef, 0x04, 0xef, 0x04, 0xef, 0x04,
  0xef, 0x04, 0xef, 0x04, 0xef, 0x04, 0x9a, 0x02, 0x9a, 0x02, 0xaa, 0x02,
  0x99, 0x02, 0xcd, 0x03, 0xee, 0x03, 0xef, 0x04, 0xef, 0x04, 0xef, 0x04,
  0xef, 0x04, 0xef, 0x04, 0xef, 0x04, 0xef, 0x04, 0xef, 0x04, 0xef, 0x04,
  0xef, 0x04, 0xef, 0x04, 0xef, 0x04, 0xef, 0x04, 0xef, 0x04, 0xef, 0x04,
  0xef, 0x04, 0xef, 0x04, 0xef, 0x04, 0xef, 0x04, 0xef, 0x04, 0xef, 0x04,
  0xef, 0x04, 0xef, 0x04, 0xef, 0x04, 0xef, 0x04, 0xef, 0x04, 0xef, 0x04,
  0xef, 0x04, 0xef, 0x04, 0xef, 0x04, 0xef, 0x04, 0xef, 0x04, 0xef, 0x04,
  0xef, 0x04, 0xef, 0x04, 0xef, 0x04, 0xef, 0x04, 0xef, 0x04, 0xef, 0x04,
  0xef, 0x04, 0xef, 0x04, 0xef, 0x04, 0xef, 0x04, 0xef, 0x04, 0xef, 0x04,
  0xef, 0x04, 0xef, 0x04, 0xef, 0x04, 0xef, 0x04, 0xef, 0x04, 0xef, 0x04,
  0xef, 0x04, 0xef, 0x04, 0xef, 0x04, 0xef, 0x04, 0xef, 0x04, 0xef, 0x04,
  0xef, 0x04, 0xef, 0x04, 0xef, 0x04, 0xef, 0x04, 0xef, 0x04, 0xef, 0x04,
  0xef, 0x04, 0xef, 0x04, 0xef, 0x04, 0xef, 0x04, 0xef, 0x04, 0xef, 0x04,
  0xef, 0x04, 0xef, 0x04, 0xef, 0x04, 0xef, 0x04, 0xef, 0x04, 0xef, 0x04,
  0xef, 0x04, 0xef, 0x04, 0xef, 0x04, 0xef, 0x04, 0xef, 0x04, 0xef, 0x04,
  0xef, 0x04, 0xef, 0x04, 0xef, 0x04, 0xef, 0x04, 0xef, 0x04, 0xef, 0x04,
  0xef, 0x04, 0xef, 0x04, 0xef, 0x04, 0xef, 0x04, 0xef, 0x04, 0xef, 0x04,
  0xef, 0x04, 0xef, 0x04, 0xef, 0x04, 0xef, 0x04, 0xef, 0x04, 0xef, 0x04,
  0xef, 0x04, 0xef, 0x04, 0xef, 0x04, 0xef, 0x04, 0xef, 0x04, 0xef, 0x04,
  0xef, 0x04, 0xef, 0x04, 0xef, 0x04, 0xef, 0x04, 0xef, 0x04, 0xef, 0x04,
  0xef, 0x04, 0xef, 0x04, 0xef, 0x04, 0xef, 0x04, 0xef, 0x04, 0xef, 0x04,
  0xef, 0x04, 0xef, 0x04, 0xef, 0x04, 0xef, 0x04, 0xef, 0x04, 0xef, 0x04,
  0xef, 0x04, 0xef, 0x04, 0xef, 0x04, 0xef, 0x04, 0xef, 0x04, 0xef, 0x04,
  0xef, 0x04, 0xef, 0x04, 0xef, 0x04, 0xef, 0x04, 0xef, 0x04, 0xef, 0x04,
  0xef, 0x04, 0xef, 0x04, 0xef, 0x04, 0xef, 0x04, 0xef, 0x04, 0xef, 0x04,
  0xef, 0x04, 0xef, 0x04, 0xef, 0x04, 0xef, 0x04, 0xef, 0x04, 0xef, 0x04,
  0xef, 0x04, 0xef, 0x04, 0xef, 0x04, 0xef, 0x04, 0xef, 0x04, 0xef, 0x04,
  0xde, 0x03, 0x22, 0x00, 0xef, 0x04, 0xff, 0x04, 0xdd, 0x03, 0xab, 0x02,
  0xab, 0x02, 0xbb, 0x03, 0xef, 0x04, 0xef, 0x04, 0xef, 0x04, 0xef, 0x04,
  0xef, 0x04, 0xef, 0x04, 0xef, 0x04, 0xef, 0x04, 0xef, 0x04, 0xef, 0x04,
  0xef, 0x04, 0xef, 0x04, 0xef, 0x04, 0xef, 0x04, 0xef, 0x04, 0xef, 0x04,
  0xef, 0x04, 0xef, 0x04, 0xef, 0x04, 0xef, 0x04, 0xef, 0x04, 0xef, 0x04,
  0xef, 0x04, 0xef, 0x04, 0xef, 0x04, 0xef, 0x04, 0xef, 0x04, 0xef, 0x04,
  0xef, 0x04, 0xef, 0x04, 0xef, 0x04, 0xef, 0x04, 0xef, 0x04, 0xef, 0x04,
  0xef, 0x04, 0xef, 0x04, 0xef, 0x04, 0xef, 0x04, 0xef, 0x04, 0xef, 0x04,
  0xef, 0x04, 0xef, 0x04, 0xef, 0x04, 0xef, 0x04, 0xef, 0x04, 0xef, 0x04,
  0xef, 0x04, 0xef, 0x04, 0xef, 0x04, 0xef, 0x04, 0xef, 0x04, 0xef, 0x04,
  0xef, 0x04, 0xef, 0x04, 0xef, 0x04, 0xef, 0x04, 0xef, 0x04, 0xef, 0x04,
  0xef, 0x04, 0xef, 0x04, 0xef, 0x04, 0xef, 0x04, 0xef, 0x04, 0xef, 0x04,
  0xef, 0x04, 0xef, 0x04, 0xef, 0x04, 0xef, 0x04, 0xef, 0x04, 0xef, 0x04,
  0xef, 0x04, 0xef, 0x04, 0xef, 0x04, 0xef, 0x04, 0xef, 0x04, 0xef, 0x04,
  0xef, 0x04, 0xef, 0x04, 0xef, 0x04, 0xef, 0x04, 0xef, 0x04, 0xef, 0x04,
  0xef, 0x04, 0xef, 0x04, 0xef, 0x04, 0xef, 0x04, 0xef, 0x04, 0xef, 0x04,
  0xef, 0x04, 0xef, 0x04, 0xef, 0x04, 0xef, 0x04, 0xef, 0x04, 0xef, 0x04,
  0xef, 0x04, 0xef, 0x04, 0xef, 0x04, 0xef, 0x04, 0xef, 0x04, 0xef, 0x04,
  0xef, 0x04, 0xef, 0x04, 0xef, 0x04, 0xef, 0x04, 0xef, 0x04, 0xef, 0x04,
  0xef, 0x04, 0xef, 0x04, 0xef, 0x04, 0xef, 0x04, 0xef, 0x04, 0xef, 0x04,
  0xef, 0x04, 0xef, 0x04, 0xef, 0x04, 0xef, 0x04, 0xef, 0x04, 0xef, 0x04,
  0xef, 0x04, 0xef, 0x04, 0xef, 0x04, 0xef, 0x04, 0xef, 0x04, 0xef, 0x04,
  0xef, 0x04, 0xef, 0x04, 0xef, 0x04, 0xef, 0x04, 0xef, 0x04, 0xef, 0x04,
  0xef, 0x04, 0xef, 0x04, 0xef, 0x04, 0xef, 0x04, 0xef, 0x04, 0xef, 0x04,
  0xef, 0x04, 0xef, 0x04, 0xef, 0x04, 0xef, 0x04, 0xef, 0x04, 0xef, 0x04,
  0xef, 0x04, 0xef, 0x04, 0xef, 0x04, 0xef, 0x04, 0xef, 0x04, 0xef, 0x04,
  0xef, 0x04, 0xef, 0x04, 0xef, 0x04, 0xef, 0x04, 0xde, 0x03, 0x34, 0x00,
  0xee, 0x04, 0xff, 0x04, 0xdd, 0x03, 0xab, 0x02, 0xbc, 0x03, 0xcd, 0x03,
  0xef, 0x04, 0xff, 0x04, 0xef, 0x04, 0xef, 0x04, 0xef, 0x04, 0xef, 0x04,
  0xef, 0x04, 0xef, 0x04, 0xef, 0x04, 0xef, 0x04, 0xef, 0x04, 0xef, 0x04,
  0xef, 0x04, 0xef, 0x04, 0xef, 0x04, 0xef, 0x04, 0xef, 0x04, 0xef, 0x04,
  0xef, 0x04, 0xef, 0x04, 0xef, 0x04, 0xef, 0x04, 0xef, 0x04, 0xef, 0x04,
  0xef, 0x04, 0xef, 0x04, 0xef, 0x04, 0xef, 0x04, 0xef, 0x04, 0xef, 0x04,
  0xef, 0x04, 0xef, 0x04, 0xef, 0x04, 0xef, 0x04, 0xef, 0x04, 0xef, 0x04,
  0xef, 0x04, 0xef, 0x04, 0xef, 0x04, 0xef, 0x04, 0xef, 0x04, 0xef, 0x04,
  0xef, 0x04, 0xef, 0x04, 0xef, 0x04, 0xef, 0x04, 0xef, 0x04, 0xef, 0x04,
  0xef, 0x04, 0xef, 0x04, 0xef, 0x04, 0xef, 0x04, 0xef, 0x04, 0xef, 0x04,
  0xef, 0x04, 0xef, 0x04, 0xef, 0x04, 0xef, 0x04, 0xef, 0x04, 0xef, 0x04,
  0xef, 0x04, 0xef, 0x04, 0xef, 0x04, 0xef, 0x04, 0xef, 0x04, 0xef, 0x04,
  0xef, 0x04, 0xef, 0x04, 0xef, 0x04, 0xef, 0x04, 0xef, 0x04, 0xef, 0x04,
  0xef, 0x04, 0xef, 0x04, 0xef, 0x04, 0xef, 0x04, 0xef, 0x04, 0xef, 0x04,
  0xef, 0x04, 0xef, 0x04, 0xef, 0x04, 0xef, 0x04, 0xef, 0x04, 0xef, 0x04,
  0xef, 0x04, 0xef, 0x04, 0xef, 0x04, 0xef, 0x04, 0xef, 0x04, 0xef, 0x04,
  0xef, 0x04, 0xef, 0x04, 0xef, 0x04, 0xef, 0x04, 0xef, 0x04, 0xef, 0x04,
  0xef, 0x04, 0xef, 0x04, 0xef, 0x04, 0xef, 0x04, 0xef, 0x04, 0xef, 0x04,
  0xef, 0x04, 0xef, 0x04, 0xef, 0x04, 0xef, 0x04, 0xef, 0x04, 0xef, 0x04,
  0xef, 0x04, 0xef, 0x04, 0xef, 0x04, 0xef, 0x04, 0xef, 0x04, 0xef, 0x04,
  0xef, 0x04, 0xef, 0x04, 0xef, 0x04, 0xef, 0x04, 0xef, 0x04, 0xef, 0x04,
  0xef, 0x04, 0xef, 0x04, 0xef, 0x04, 0xef, 0x04, 0xef, 0x04, 0xef, 0x04,
  0xef, 0x04, 0xef, 0x04, 0xef, 0x04, 0xef, 0x04, 0xef, 0x04, 0xef, 0x04,
  0xef, 0x04, 0xef, 0x04, 0xef, 0x04, 0xef, 0x04, 0xef, 0x04, 0xef, 0x04,
  0xef, 0x04, 0xef, 0x04, 0xef, 0x04, 0xef, 0x04, 0xef, 0x04, 0xef, 0x04,
  0xef, 0x04, 0xef, 0x04, 0xef, 0x04, 0xef, 0x04, 0xef, 0x04, 0xef, 0x04,
  0xff, 0x04, 0xff, 0x04, 0xde, 0x03, 0x34, 0x00, 0xee, 0x04, 0xff, 0x04,
  0xee, 0x03, 0x88, 0x02, 0xef, 0x04, 0xff, 0x04, 0xee, 0x04, 0xbc, 0x03,
  0xef, 0x04, 0xef, 0x04, 0xef, 0x04, 0xef, 0x04, 0xef, 0x04, 0xef, 0x04,
  0xef, 0x04, 0xef, 0x04, 0xef, 0x04, 0xef, 0x04, 0xef, 0x04, 0xef, 0x04,
  0xef, 0x04, 0xef, 0x04, 0xef, 0x04, 0xef, 0x04, 0xef, 0x04, 0xef, 0x04,
  0xef, 0x04, 0xef, 0x04, 0xef, 0x04, 0xef, 0x04, 0xef, 0x04, 0xef, 0x04,
  0xef, 0x04, 0xef, 0x04, 0xef, 0x04, 0xef, 0x04, 0xef, 0x04, 0xef, 0x04,
  0xef, 0x04, 0xef, 0x04, 0xef, 0x04, 0xef, 0x04, 0xef, 0x04, 0xef, 0x04,
  0xef, 0x04, 0xef, 0x04, 0xef, 0x04, 0xef, 0x04, 0xef, 0x04, 0xef, 0x04,
  0xef, 0x04, 0xef, 0x04, 0xef, 0x04, 0xef, 0x04, 0xef, 0x04, 0xef, 0x04,
  0xef, 0x04, 0xef, 0x04, 0xef, 0x04, 0xef, 0x04, 0xef, 0x04, 0xef, 0x04,
  0xef, 0x04, 0xef, 0x04, 0xef, 0x04, 0xef, 0x04, 0xef, 0x04, 0xef, 0x04,
  0xef, 0x04, 0xef, 0x04, 0xef, 0x04, 0xef, 0x04, 0xef, 0x04, 0xef, 0x04,
  0xef, 0x04, 0xef, 0x04, 0xef, 0x04, 0xef, 0x04, 0xef, 0x04, 0xef, 0x04,
  0xef, 0x04, 0xef, 0x04, 0xef, 0x04, 0xef, 0x04, 0xef, 0x04, 0xef, 0x04,
  0xef, 0x04, 0xef, 0x04, 0xef, 0x04, 0xef, 0x04, 0xef, 0x04, 0xef, 0x04,
  0xef, 0x04, 0xef, 0x04, 0xef, 0x04, 0xef, 0x04, 0xef, 0x04, 0xef, 0x04,
  0xef, 0x04, 0xef, 0x04, 0xef, 0x04, 0xef, 0x04, 0xef, 0x04, 0xef, 0x04,
  0xef, 0x04, 0xef, 0x04, 0xef, 0x04, 0xef, 0x04, 0xef, 0x04, 0xef, 0x04,
  0xef, 0x04, 0xef, 0x04, 0xef, 0x04, 0xef, 0x04, 0xef, 0x04, 0xef, 0x04,
  0xef, 0x04, 0xef, 0x04, 0xef, 0x04, 0xef, 0x04, 0xef, 0x04, 0xef, 0x04,
  0xef, 0x04, 0xef, 0x04, 0xef, 0x04, 0xef, 0x04, 0xef, 0x04, 0xef, 0x04,
  0xef, 0x04, 0xef, 0x04, 0xef, 0x04, 0xef, 0x04, 0xef, 0x04, 0xef, 0x04,
  0xef, 0x04, 0xef, 0x04, 0xef, 0x04, 0xef, 0x04, 0xef, 0x04, 0xef, 0x04,
  0xef, 0x04, 0xef, 0x04, 0xef, 0x04, 0xef, 0x04, 0xef, 0x04, 0xef, 0x04,
  0xef, 0x04, 0xef, 0x04, 0xef, 0x04, 0xef, 0x04, 0xef, 0x04, 0xef, 0x04,
  0xef, 0x04, 0xef, 0x04, 0xef, 0x04, 0xde, 0x03, 0xcc, 0x03, 0xcc, 0x03,
  0xbb, 0x03, 0x22, 0x00, 0xef, 0x04, 0xef, 0x04, 0x88, 0x02, 0xcc, 0x03,
  0xcd, 0x03, 0xde, 0x03, 0x89, 0x02, 0xbc, 0x03, 0xbc, 0x03, 0xff, 0x04,
  0xef, 0x04, 0xef, 0x04, 0xef, 0x04, 0xef, 0x04, 0xef, 0x04, 0xef, 0x04,
  0xef, 0x04, 0xef, 0x04, 0xef, 0x04, 0xef, 0x04, 0xef, 0x04, 0xef, 0x04,
  0xef, 0x04, 0xef, 0x04, 0xef, 0x04, 0xef, 0x04, 0xef, 0x04, 0xef, 0x04,
  0xef, 0x04, 0xef, 0x04, 0xef, 0x04, 0xef, 0x04, 0xef, 0x04, 0xef, 0x04,
  0xef, 0x04, 0xef, 0x04, 0xef, 0x04, 0xef, 0x04, 0xef, 0x04, 0xef, 0x04,
  0xef, 0x04, 0xef, 0x04, 0xef, 0x04, 0xef, 0x04, 0xef, 0x04, 0xef, 0x04,
  0xef, 0x04, 0xef, 0x04, 0xef, 0x04, 0xef, 0x04, 0xef, 0x04, 0xef, 0x04,
  0xef, 0x04, 0xef, 0x04, 0xef, 0x04, 0xef, 0x04, 0xef, 0x04, 0xef, 0x04,
  0xef, 0x04, 0xef, 0x04, 0xef, 0x04, 0xef, 0x04, 0xef, 0x04, 0xef, 0x04,
  0xef, 0x04, 0xef, 0x04, 0xef, 0x04, 0xef, 0x04, 0xef, 0x04, 0xef, 0x04,
  0xef, 0x04, 0xef, 0x04, 0xef, 0x04, 0xef, 0x04, 0xef, 0x04, 0xef, 0x04,
  0xef, 0x04, 0xef, 0x04, 0xef, 0x04, 0xef, 0x04, 0xef, 0x04, 0xef, 0x04,
  0xef, 0x04, 0xef, 0x04, 0xef, 0x04, 0xef, 0x04, 0xef, 0x04, 0xef, 0x04,
  0xef, 0x04, 0xef, 0x04, 0xef, 0x04, 0xef, 0x04, 0xef, 0x04, 0xef, 0x04,
  0xef, 0x04, 0xef, 0x04, 0xef, 0x04, 0xef, 0x04, 0xef, 0x04, 0xef, 0x04,
  0xef, 0x04, 0xef, 0x04, 0xef, 0x04, 0xef, 0x04, 0xef, 0x04, 0xef, 0x04,
  0xef, 0x04, 0xef, 0x04, 0xef, 0x04, 0xef, 0x04, 0xef, 0x04, 0xef, 0x04,
  0xef, 0x04, 0xef, 0x04, 0xef, 0x04, 0xef, 0x04, 0xef, 0x04, 0xef, 0x04,
  0xef, 0x04, 0xef, 0x04, 0xef, 0x04, 0xef, 0x04, 0xef, 0x04, 0xef, 0x04,
  0xef, 0x04, 0xef, 0x04, 0xef, 0x04, 0xef, 0x04, 0xef, 0x04, 0xef, 0x04,
  0xef, 0x04, 0xef, 0x04, 0xef, 0x04, 0xef, 0x04, 0xef, 0x04, 0xef, 0x04,
  0xef, 0x04, 0xef, 0x04, 0xef, 0x04, 0xef, 0x04, 0xef, 0x04, 0xef, 0x04,
  0xef, 0x04, 0xef, 0x04, 0xef, 0x04, 0xef, 0x04, 0xef, 0x04, 0xef, 0x04,
  0xef, 0x04, 0xef, 0x04, 0xef, 0x04, 0xef, 0x04, 0xef, 0x04, 0xef, 0x04,
  0xff, 0x04, 0xaa, 0x02, 0xab, 0x02, 0xcd, 0x03, 0xcd, 0x03, 0xdd, 0x03,
  0xef, 0x04, 0xab, 0x02, 0xde, 0x03, 0xef, 0x04, 0x22, 0x00, 0xdd, 0x03,
  0xbb, 0x03, 0xaa, 0x02, 0xbb, 0x03, 0xff, 0x04, 0xef, 0x04, 0xef, 0x04,
  0xef, 0x04, 0xef, 0x04, 0xef, 0x04, 0xef, 0x04, 0xef, 0x04, 0xef, 0x04,
  0xef, 0x04, 0xef, 0x04, 0xef, 0x04, 0xef, 0x04, 0xef, 0x04, 0xef, 0x04,
  0xef, 0x04, 0xef, 0x04, 0xef, 0x04, 0xef, 0x04, 0xef, 0x04, 0xef, 0x04,
  0xef, 0x04, 0xef, 0x04, 0xef, 0x04, 0xef, 0x04, 0xef, 0x04, 0xef, 0x04,
  0xef, 0x04, 0xef, 0x04, 0xef, 0x04, 0xef, 0x04, 0xef, 0x04, 0xef, 0x04,
  0xef, 0x04, 0xef, 0x04, 0xef, 0x04, 0xef, 0x04, 0xef, 0x04, 0xef, 0x04,
  0xef, 0x04, 0xef, 0x04, 0xef, 0x04, 0xef, 0x04, 0xef, 0x04, 0xef, 0x04,
  0xef, 0x04, 0xef, 0x04, 0xef, 0x04, 0xef, 0x04, 0xef, 0x04, 0xef, 0x04,
  0xef, 0x04, 0xef, 0x04, 0xef, 0x04, 0xef, 0x04, 0xef, 0x04, 0xef, 0x04,
  0xef, 0x04, 0xef, 0x04, 0xef, 0x04, 0xef, 0x04, 0xef, 0x04, 0xef, 0x04,
  0xef, 0x04, 0xef, 0x04, 0xef, 0x04, 0xef, 0x04, 0xef, 0x04, 0xef, 0x04,
  0xef, 0x04, 0xef, 0x04, 0xef, 0x04, 0xef, 0x04, 0xef, 0x04, 0xef, 0x04,
  0xef, 0x04, 0xef, 0x04, 0xef, 0x04, 0xef, 0x04, 0xef, 0x04, 0xef, 0x04,
  0xef, 0x04, 0xef, 0x04, 0xef, 0x04, 0xef, 0x04, 0xef, 0x04, 0xef, 0x04,
  0xef, 0x04, 0xef, 0x04, 0xef, 0x04, 0xef, 0x04, 0xef, 0x04, 0xef, 0x04,
  0xef, 0x04, 0xef, 0x04, 0xef, 0x04, 0xef, 0x04, 0xef, 0x04, 0xef, 0x04,
  0xef, 0x04, 0xef, 0x04, 0xef, 0x04, 0xef, 0x04, 0xef, 0x04, 0xef, 0x04,
  0xef, 0x04, 0xef, 0x04, 0xef, 0x04, 0xef, 0x04, 0xef, 0x04, 0xef, 0x04,
  0xef, 0x04, 0xef, 0x04, 0xef, 0x04, 0xef, 0x04, 0xef, 0x04, 0xef, 0x04,
  0xef, 0x04, 0xef, 0x04, 0xef, 0x04, 0xef, 0x04, 0xef, 0x04, 0xef, 0x04,
  0xef, 0x04, 0xef, 0x04, 0xef, 0x04, 0xef, 0x04, 0xef, 0x04, 0xef, 0x04,
  0xef, 0x04, 0xef, 0x04, 0xef, 0x04, 0xef, 0x04, 0xef, 0x04, 0xef, 0x04,
  0xef, 0x04, 0xef, 0x04, 0xef, 0x04, 0xef, 0x04, 0xef, 0x04, 0xef, 0x04,
  0xef, 0x04, 0xef, 0x04, 0xef, 0x04, 0xef, 0x04, 0xef, 0x04, 0xcd, 0x03,
  0x9a, 0x02, 0xff, 0x04, 0xff, 0x04, 0xef, 0x04, 0xef, 0x04, 0x89, 0x02,
  0xaa, 0x02, 0xcc, 0x03, 0x55, 0x01, 0xcd, 0x03, 0x99, 0x02, 0xbb, 0x02,
  0xbb, 0x03, 0xef, 0x04, 0xef, 0x04, 0xef, 0x04, 0xef, 0x04, 0xef, 0x04,
  0xef, 0x04, 0xef, 0x04, 0xef, 0x04, 0xef, 0x04, 0xef, 0x04, 0xef, 0x04,
  0xef, 0x04, 0xef, 0x04, 0xef, 0x04, 0xef, 0x04, 0xef, 0x04, 0xef, 0x04,
  0xef, 0x04, 0xef, 0x04, 0xef, 0x04, 0xef, 0x04, 0xef, 0x04, 0xef, 0x04,
  0xef, 0x04, 0xef, 0x04, 0xef, 0x04, 0xef, 0x04, 0xef, 0x04, 0xef, 0x04,
  0xef, 0x04, 0xef, 0x04, 0xef, 0x04, 0xef, 0x04, 0xef, 0x04, 0xef, 0x04,
  0xef, 0x04, 0xef, 0x04, 0xef, 0x04, 0xef, 0x04, 0xef, 0x04, 0xef, 0x04,
  0xef, 0x04, 0xef, 0x04, 0xef, 0x04, 0xef, 0x04, 0xef, 0x04, 0xef, 0x04,
  0xef, 0x04, 0xef, 0x04, 0xef, 0x04, 0xef, 0x04, 0xef, 0x04, 0xef, 0x04,
  0xef, 0x04, 0xef, 0x04, 0xef, 0x04, 0xef, 0x04, 0xef, 0x04, 0xef, 0x04,
  0xef, 0x04, 0xef, 0x04, 0xef, 0x04, 0xef, 0x04, 0xef, 0x04, 0xef, 0x04,
  0xef, 0x04, 0xef, 0x04, 0xef, 0x04, 0xef, 0x04, 0xef, 0x04, 0xef, 0x04,
  0xef, 0x04, 0xef, 0x04, 0xef, 0x04, 0xef, 0x04, 0xef, 0x04, 0xef, 0x04,
  0xef, 0x04, 0xef, 0x04, 0xef, 0x04, 0xef, 0x04, 0xef, 0x04, 0xef, 0x04,
  0xef, 0x04, 0xef, 0x04, 0xef, 0x04, 0xef, 0x04, 0xef, 0x04, 0xef, 0x04,
  0xef, 0x04, 0xef, 0x04, 0xef, 0x04, 0xef, 0x04, 0xef, 0x04, 0xef, 0x04,
  0xef, 0x04, 0xef, 0x04, 0xef, 0x04, 0xef, 0x04, 0xef, 0x04, 0xef, 0x04,
  0xef, 0x04, 0xef, 0x04, 0xef, 0x04, 0xef, 0x04, 0xef, 0x04, 0xef, 0x04,
  0xef, 0x04, 0xef, 0x04, 0xef, 0x04, 0xef, 0x04, 0xef, 0x04, 0xef, 0x04,
  0xef, 0x04, 0xef, 0x04, 0xef, 0x04, 0xef, 0x04, 0xef, 0x04, 0xef, 0x04,
  0xef, 0x04, 0xef, 0x04, 0xef, 0x04, 0xef, 0x04, 0xef, 0x04, 0xef, 0x04,
  0xef, 0x04, 0xef, 0x04, 0xef, 0x04, 0xef, 0x04, 0xef, 0x04, 0xef, 0x04,
  0xef, 0x04, 0xef, 0x04, 0xef, 0x04, 0xef, 0x04, 0xef, 0x04, 0xef, 0x04,
  0xef, 0x04, 0xef, 0x04, 0xef, 0x04, 0xef, 0x04, 0xef, 0x04, 0xef, 0x04,
  0xef, 0x04, 0xef, 0x04, 0xef, 0x04, 0xef, 0x04, 0x99, 0x02, 0x9a, 0x02,
  0xde, 0x03, 0xff, 0x04, 0xff, 0x04, 0xef, 0x04, 0xcd, 0x03, 0xab, 0x02,
  0x55, 0x01, 0xab, 0x02, 0xcc, 0x03, 0xff, 0x04, 0xbb, 0x03, 0xde, 0x03,
  0xef, 0x04, 0xef, 0x04, 0xef, 0x04, 0xef, 0x04, 0xef, 0x04, 0xef, 0x04,
  0xef, 0x04, 0xef, 0x04, 0xef, 0x04, 0xef, 0x04, 0xef, 0x04, 0xef, 0x04,
  0xef, 0x04, 0xef, 0x04, 0xef, 0x04, 0xef, 0x04, 0xef, 0x04, 0xef, 0x04,
  0xef, 0x04, 0xef, 0x04, 0xef, 0x04, 0xef, 0x04, 0xef, 0x04, 0xef, 0x04,
  0xef, 0x04, 0xef, 0x04, 0xef, 0x04, 0xef, 0x04, 0xef, 0x04, 0xef, 0x04,
  0xef, 0x04, 0xef, 0x04, 0xef, 0x04, 0xef, 0x04, 0xef, 0x04, 0xef, 0x04,
  0xef, 0x04, 0xef, 0x04, 0xef, 0x04, 0xef, 0x04, 0xef, 0x04, 0xef, 0x04,
  0xef, 0x04, 0xef, 0x04, 0xef, 0x04, 0xef, 0x04, 0xef, 0x04, 0xef, 0x04,
  0xef, 0x04, 0xef, 0x04, 0xef, 0x04, 0xef, 0x04, 0xef, 0x04, 0xef, 0x04,
  0xef, 0x04, 0xef, 0x04, 0xef, 0x04, 0xef, 0x04, 0xef, 0x04, 0xef, 0x04,
  0xef, 0x04, 0xef, 0x04, 0xef, 0x04, 0xef, 0x04, 0xef, 0x04, 0xef, 0x04,
  0xef, 0x04, 0xef, 0x04, 0xef, 0x04, 0xef, 0x04, 0xef, 0x04, 0xef, 0x04,
  0xef, 0x04, 0xef, 0x04, 0xef, 0x04, 0xef, 0x04, 0xef, 0x04, 0xef, 0x04,
  0xef, 0x04, 0xef, 0x04, 0xef, 0x04, 0xef, 0x04, 0xef, 0x04, 0xef, 0x04,
  0xef, 0x04, 0xef, 0x04, 0xef, 0x04, 0xef, 0x04, 0xef, 0x04, 0xef, 0x04,
  0xef, 0x04, 0xef, 0x04, 0xef, 0x04, 0xef, 0x04, 0xef, 0x04, 0xef, 0x04,
  0xef, 0x04, 0xef, 0x04, 0xef, 0x04, 0xef, 0x04, 0xef, 0x04, 0xef, 0x04,
  0xef, 0x04, 0xef, 0x04, 0xef, 0x04, 0xef, 0x04, 0xef, 0x04, 0xef, 0x04,
  0xef, 0x04, 0xef, 0x04, 0xef, 0x04, 0xef, 0x04, 0xef, 0x04, 0xef, 0x04,
  0xef, 0x04, 0xef, 0x04, 0xef, 0x04, 0xef, 0x04, 0xef, 0x04, 0xef, 0x04,
  0xef, 0x04, 0xef, 0x04, 0xef, 0x04, 0xef, 0x04, 0xef, 0x04, 0xef, 0x04,
  0xef, 0x04, 0xef, 0x04, 0xef, 0x04, 0xef, 0x04, 0xef, 0x04, 0xef, 0x04,
  0xef, 0x04, 0xef, 0x04, 0xef, 0x04, 0xef, 0x04, 0xef, 0x04, 0xef, 0x04,
  0xef, 0x04, 0xef, 0x04, 0xef, 0x04, 0xef, 0x04, 0xef, 0x04, 0xef, 0x04,
  0xef, 0x04, 0xef, 0x04, 0xef, 0x04, 0x78, 0x01, 0x45, 0x00, 0xde, 0x03,
  0xcd, 0x03, 0xef, 0x04, 0xdd, 0x03, 0xbb, 0x02, 0xaa, 0x02, 0xbb, 0x03,
  0xcd, 0x03, 0xef, 0x04, 0xab, 0x02, 0xee, 0x03, 0xef, 0x04, 0xef, 0x04,
  0xef, 0x04, 0xef, 0x04, 0xef, 0x04, 0xef, 0x04, 0xef, 0x04, 0xef, 0x04,
  0xef, 0x04, 0xef, 0x04, 0xef, 0x04, 0xef, 0x04, 0xef, 0x04, 0xef, 0x04,
  0xef, 0x04, 0xef, 0x04, 0xef, 0x04, 0xef, 0x04, 0xef, 0x04, 0xef, 0x04,
  0xef, 0x04, 0xef, 0x04, 0xef, 0x04, 0xef, 0x04, 0xef, 0x04, 0xef, 0x04,
  0xef, 0x04, 0xef, 0x04, 0xef, 0x04, 0xef, 0x04, 0xef, 0x04, 0xef, 0x04,
  0xef, 0x04, 0xef, 0x04, 0xef, 0x04, 0xef, 0x04, 0xef, 0x04, 0xef, 0x04,
  0xef, 0x04, 0xef, 0x04, 0xef, 0x04, 0xef, 0x04, 0xef, 0x04, 0xef, 0x04,
  0xef, 0x04, 0xef, 0x04, 0xef, 0x04, 0xef, 0x04, 0xef, 0x04, 0xef, 0x04,
  0xef, 0x04, 0xef, 0x04, 0xef, 0x04, 0xef, 0x04, 0xef, 0x04, 0xef, 0x04,
  0xef, 0x04, 0xef, 0x04, 0xef, 0x04, 0xef, 0x04, 0xef, 0x04, 0xef, 0x04,
  0xef, 0x04, 0xef, 0x04, 0xef, 0x04, 0xef, 0x04, 0xef, 0x04, 0xef, 0x04,
  0xef, 0x04, 0xef, 0x04, 0xef, 0x04, 0xef, 0x04, 0xef, 0x04, 0xef, 0x04,
  0xef, 0x04, 0xef, 0x04, 0xef, 0x04, 0xef, 0x04, 0xef, 0x04, 0xef, 0x04,
  0xef, 0x04, 0xef, 0x04, 0xef, 0x04, 0xef, 0x04, 0xef, 0x04, 0xef, 0x04,
  0xef, 0x04, 0xef, 0x04, 0xef, 0x04, 0xef, 0x04, 0xef, 0x04, 0xef, 0x04,
  0xef, 0x04, 0xef, 0x04, 0xef, 0x04, 0xef, 0x04, 0xef, 0x04, 0xef, 0x04,
  0xef, 0x04, 0xef, 0x04, 0xef, 0x04, 0xef, 0x04, 0xef, 0x04, 0xef, 0x04,
  0xef, 0x04, 0xef, 0x04, 0xef, 0x04, 0xef, 0x04, 0xef, 0x04, 0xef, 0x04,
  0xef, 0x04, 0xef, 0x04, 0xef, 0x04, 0xef, 0x04, 0xef, 0x04, 0xef, 0x04,
  0xef, 0x04, 0xef, 0x04, 0xef, 0x04, 0xef, 0x04, 0xef, 0x04, 0xef, 0x04,
  0xef, 0x04, 0xef, 0x04, 0xef, 0x04, 0xef, 0x04, 0xef, 0x04, 0xef, 0x04,
  0xef, 0x04, 0xef, 0x04, 0xef, 0x04, 0xef, 0x04, 0xef, 0x04, 0xef, 0x04,
  0xef, 0x04, 0xef, 0x04, 0xef, 0x04, 0xef, 0x04, 0xef, 0x04, 0xef, 0x04,
  0xef, 0x04, 0xef, 0x04, 0xef, 0x04, 0xef, 0x04, 0xef, 0x04, 0xef, 0x04,
  0xef, 0x04, 0xef, 0x04, 0xcc, 0x03, 0x66, 0x01, 0x56, 0x01, 0x99, 0x02,
  0xef, 0x04, 0xbc, 0x03, 0xdd, 0x03, 0xbc, 0x03, 0xcd, 0x03, 0xaa, 0x02,
  0xde, 0x03, 0xef, 0x04, 0xef, 0x04, 0xef, 0x04, 0xef, 0x04, 0xef, 0x04,
  0xef, 0x04, 0xef, 0x04, 0xef, 0x04, 0xef, 0x04, 0xef, 0x04, 0xef, 0x04,
  0xef, 0x04, 0xef, 0x04, 0xef, 0x04, 0xef, 0x04, 0xef, 0x04, 0xef, 0x04,
  0xef, 0x04, 0xef, 0x04, 0xef, 0x04, 0xef, 0x04, 0xef, 0x04, 0xef, 0x04,
  0xef, 0x04, 0xef, 0x04, 0xef, 0x04, 0xef, 0x04, 0xef, 0x04, 0xef, 0x04,
  0xef, 0x04, 0xef, 0x04, 0xef, 0x04, 0xef, 0x04, 0xef, 0x04, 0xef, 0x04,
  0xef, 0x04, 0xef, 0x04, 0xef, 0x04, 0xef, 0x04, 0xef, 0x04, 0xef, 0x04,
  0xef, 0x04, 0xef, 0x04, 0xef, 0x04, 0xef, 0x04, 0xef, 0x04, 0xef, 0x04,
  0xef, 0x04, 0xef, 0x04, 0xef, 0x04, 0xef, 0x04, 0xef, 0x04, 0xef, 0x04,
  0xef, 0x04, 0xef, 0x04, 0xef, 0x04, 0xef, 0x04, 0xef, 0x04, 0xef, 0x04,
  0xef, 0x04, 0xef, 0x04, 0xef, 0x04, 0xef, 0x04, 0xef, 0x04, 0xef, 0x04,
  0xef, 0x04, 0xef, 0x04, 0xef, 0x04, 0xef, 0x04, 0xef, 0x04, 0xef, 0x04,
  0xef, 0x04, 0xef, 0x04, 0xef, 0x04, 0xef, 0x04, 0xef, 0x04, 0xef, 0x04,
  0xef, 0x04, 0xef, 0x04, 0xef, 0x04, 0xef, 0x04, 0xef, 0x04, 0xef, 0x04,
  0xef, 0x04, 0xef, 0x04, 0xef, 0x04, 0xef, 0x04, 0xef, 0x04, 0xef, 0x04,
  0xef, 0x04, 0xef, 0x04, 0xef, 0x04, 0xef, 0x04, 0xef, 0x04, 0xef, 0x04,
  0xef, 0x04, 0xef, 0x04, 0xef, 0x04, 0xef, 0x04, 0xef, 0x04, 0xef, 0x04,
  0xef, 0x04, 0xef, 0x04, 0xef, 0x04, 0xef, 0x04, 0xef, 0x04, 0xef, 0x04,
  0xef, 0x04, 0xef, 0x04, 0xef, 0x04, 0xef, 0x04, 0xef, 0x04, 0xef, 0x04,
  0xef, 0x04, 0xef, 0x04, 0xef, 0x04, 0xef, 0x04, 0xef, 0x04, 0xef, 0x04,
  0xef, 0x04, 0xef, 0x04, 0xef, 0x04, 0xef, 0x04, 0xef, 0x04, 0xef, 0x04,
  0xef, 0x04, 0xef, 0x04, 0xef, 0x04, 0xef, 0x04, 0xef, 0x04, 0xef, 0x04,
  0xef, 0x04, 0xef, 0x04, 0xef, 0x04, 0xef, 0x04, 0xef, 0x04, 0xef, 0x04,
  0xef, 0x04, 0xef, 0x04, 0xef, 0x04, 0xef, 0x04, 0xef, 0x04, 0xef, 0x04,
  0xef, 0x04, 0xef, 0x04, 0xef, 0x04, 0xef, 0x04, 0xef, 0x04, 0xef, 0x04,
  0xff, 0x04, 0xdd, 0x03, 0xef, 0x04, 0xaa, 0x02, 0xcc, 0x03, 0xef, 0x04,
  0xcc, 0x03, 0xcd, 0x03, 0xcc, 0x03, 0xef, 0x04, 0xef, 0x04, 0xef, 0x04,
  0xef, 0x04, 0xef, 0x04, 0xef, 0x04, 0xef, 0x04, 0xef, 0x04, 0xef, 0x04,
  0xef, 0x04, 0xef, 0x04, 0xef, 0x04, 0xef, 0x04, 0xef, 0x04, 0xef, 0x04,
  0xef, 0x04, 0xef, 0x04, 0xef, 0x04, 0xef, 0x04, 0xef, 0x04, 0xef, 0x04,
  0xef, 0x04, 0xef, 0x04, 0xef, 0x04, 0xef, 0x04, 0xef, 0x04, 0xef, 0x04,
  0xef, 0x04, 0xef, 0x04, 0xef, 0x04, 0xef, 0x04, 0xef, 0x04, 0xef, 0x04,
  0xef, 0x04, 0xef, 0x04, 0xef, 0x04, 0xef, 0x04, 0xef, 0x04, 0xef, 0x04,
  0xef, 0x04, 0xef, 0x04, 0xef, 0x04, 0xef, 0x04, 0xef, 0x04, 0xef, 0x04,
  0xef, 0x04, 0xef, 0x04, 0xef, 0x04, 0xef, 0x04, 0xef, 0x04, 0xef, 0x04,
  0xef, 0x04, 0xef, 0x04, 0xef, 0x04, 0xef, 0x04, 0xef, 0x04, 0xef, 0x04,
  0xef, 0x04, 0xef, 0x04, 0xef, 0x04, 0xef, 0x04, 0xef, 0x04, 0xef, 0x04,
  0xef, 0x04, 0xef, 0x04, 0xef, 0x04, 0xef, 0x04, 0xef, 0x04, 0xef, 0x04,
  0xef, 0x04, 0xef, 0x04, 0xef, 0x04, 0xef, 0x04, 0xef, 0x04, 0xef, 0x04,
  0xef, 0x04, 0xef, 0x04, 0xef, 0x04, 0xef, 0x04, 0xef, 0x04, 0xef, 0x04,
  0xef, 0x04, 0xef, 0x04, 0xef, 0x04, 0xef, 0x04, 0xef, 0x04, 0xef, 0x04,
  0xef, 0x04, 0xef, 0x04, 0xef, 0x04, 0xef, 0x04, 0xef, 0x04, 0xef, 0x04,
  0xef, 0x04, 0xef, 0x04, 0xef, 0x04, 0xef, 0x04, 0xef, 0x04, 0xef, 0x04,
  0xef, 0x04, 0xef, 0x04, 0xef, 0x04, 0xef, 0x04, 0xef, 0x04, 0xef, 0x04,
  0xef, 0x04, 0xef, 0x04, 0xef, 0x04, 0xef, 0x04, 0xef, 0x04, 0xef, 0x04,
  0xef, 0x04, 0xef, 0x04, 0xef, 0x04, 0xef, 0x04, 0xef, 0x04, 0xef, 0x04,
  0xef, 0x04, 0xef, 0x04, 0xef, 0x04, 0xef, 0x04, 0xef, 0x04, 0xef, 0x04,
  0xef, 0x04, 0xef, 0x04, 0xef, 0x04, 0xef, 0x04, 0xef, 0x04, 0xef, 0x04,
  0xef, 0x04, 0xef, 0x04, 0xef, 0x04, 0xef, 0x04, 0xef, 0x04, 0xef, 0x04,
  0xef, 0x04, 0xef, 0x04, 0xef, 0x04, 0xef, 0x04, 0xef, 0x04, 0xef, 0x04,
  0xef, 0x04, 0xef, 0x04, 0xef, 0x04, 0xef, 0x04, 0xef, 0x04, 0xef, 0x04,
  0xef, 0x04, 0xef, 0x04, 0xef, 0x04, 0xef, 0x04, 0xef, 0x04, 0xef, 0x04,
  0xef, 0x04, 0xde, 0x03, 0x67, 0x01, 0xdd, 0x03, 0xef, 0x04, 0xab, 0x02,
  0xef, 0x04, 0xef, 0x04, 0xef, 0x04, 0xef, 0x04, 0xef, 0x04, 0xef, 0x04,
  0xef, 0x04, 0xef, 0x04, 0xef, 0x04, 0xef, 0x04, 0xef, 0x04, 0xef, 0x04,
  0xef, 0x04, 0xef, 0x04, 0xef, 0x04, 0xef, 0x04, 0xef, 0x04, 0xef, 0x04,
  0xef, 0x04, 0xef, 0x04, 0xef, 0x04, 0xef, 0x04, 0xef, 0x04, 0xef, 0x04,
  0xef, 0x04, 0xef, 0x04, 0xef, 0x04, 0xef, 0x04, 0xef, 0x04, 0xef, 0x04,
  0xef, 0x04, 0xef, 0x04, 0xef, 0x04, 0xef, 0x04, 0xef, 0x04, 0xef, 0x04,
  0xef, 0x04, 0xef, 0x04, 0xef, 0x04, 0xef, 0x04, 0xef, 0x04, 0xef, 0x04,
  0xef, 0x04, 0xef, 0x04, 0xef, 0x04, 0xef, 0x04, 0xef, 0x04, 0xef, 0x04,
  0xef, 0x04, 0xef, 0x04, 0xef, 0x04, 0xef, 0x04, 0xef, 0x04, 0xef, 0x04,
  0xef, 0x04, 0xef, 0x04, 0xef, 0x04, 0xef, 0x04, 0xef, 0x04, 0xef, 0x04,
  0xef, 0x04, 0xef, 0x04, 0xef, 0x04, 0xef, 0x04, 0xef, 0x04, 0xef, 0x04,
  0xef, 0x04, 0xef, 0x04, 0xef, 0x04, 0xef, 0x04, 0xef, 0x04, 0xef, 0x04,
  0xef, 0x04, 0xef, 0x04, 0xef, 0x04, 0xef, 0x04, 0xef, 0x04, 0xef, 0x04,
  0xef, 0x04, 0xef, 0x04, 0xef, 0x04, 0xef, 0x04, 0xef, 0x04, 0xef, 0x04,
  0xef, 0x04, 0xef, 0x04, 0xef, 0x04, 0xef, 0x04, 0xef, 0x04, 0xef, 0x04,
  0xef, 0x04, 0xef, 0x04, 0xef, 0x04, 0xef, 0x04, 0xef, 0x04, 0xef, 0x04,
  0xef, 0x04, 0xef, 0x04, 0xef, 0x04, 0xef, 0x04, 0xef, 0x04, 0xef, 0x04,
  0xef, 0x04, 0xef, 0x04, 0xef, 0x04, 0xef, 0x04, 0xef, 0x04, 0xef, 0x04,
  0xef, 0x04, 0xef, 0x04, 0xef, 0x04, 0xef, 0x04, 0xef, 0x04, 0xef, 0x04,
  0xef, 0x04, 0xef, 0x04, 0xef, 0x04, 0xef, 0x04, 0xef, 0x04, 0xef, 0x04,
  0xef, 0x04, 0xef, 0x04, 0xef, 0x04, 0xef, 0x04, 0xef, 0x04, 0xef, 0x04,
  0xef, 0x04, 0xef, 0x04, 0xef, 0x04, 0xef, 0x04, 0xef, 0x04, 0xef, 0x04,
  0xef, 0x04, 0xef, 0x04, 0xef, 0x04, 0xef, 0x04, 0xef, 0x04, 0xef, 0x04,
  0xef, 0x04, 0xef, 0x04, 0xef, 0x04, 0xef, 0x04, 0xef, 0x04, 0xef, 0x04,
  0xef, 0x04, 0xef, 0x04, 0xef, 0x04, 0xef, 0x04, 0xef, 0x04, 0xef, 0x04,
  0xef, 0x04, 0xef, 0x04, 0xef, 0x04, 0xef, 0x04, 0xef, 0x04, 0xff, 0x04,
  0xde, 0x03, 0x55, 0x01, 0x99, 0x02, 0x9a, 0x02, 0xdd, 0x03, 0xef, 0x04,
  0xef, 0x04, 0xef, 0x04, 0xef, 0x04, 0xef, 0x04, 0xef, 0x04, 0xef, 0x04,
  0xef, 0x04, 0xef, 0x04, 0xef, 0x04, 0xef, 0x04, 0xef, 0x04, 0xef, 0x04,
  0xef, 0x04, 0xef, 0x04, 0xef, 0x04, 0xef, 0x04, 0xef, 0x04, 0xef, 0x04,
  0xef, 0x04, 0xef, 0x04, 0xef, 0x04, 0xef, 0x04, 0xef, 0x04, 0xef, 0x04,
  0xef, 0x04, 0xef, 0x04, 0xef, 0x04, 0xef, 0x04, 0xef, 0x04, 0xef, 0x04,
  0xef, 0x04, 0xef, 0x04, 0xef, 0x04, 0xef, 0x04, 0xef, 0x04, 0xef, 0x04,
  0xef, 0x04, 0xef, 0x04, 0xef, 0x04, 0xef, 0x04, 0xef, 0x04, 0xef, 0x04,
  0xef, 0x04, 0xef, 0x04, 0xef, 0x04, 0xef, 0x04, 0xef, 0x04, 0xef, 0x04,
  0xef, 0x04, 0xef, 0x04, 0xef, 0x04, 0xef, 0x04, 0xef, 0x04, 0xef, 0x04,
  0xef, 0x04, 0xef, 0x04, 0xef, 0x04, 0xef, 0x04, 0xef, 0x04, 0xef, 0x04,
  0xef, 0x04, 0xef, 0x04, 0xef, 0x04, 0xef, 0x04, 0xef, 0x04, 0xef, 0x04,
  0xef, 0x04, 0xef, 0x04, 0xef, 0x04, 0xef, 0x04, 0xef, 0x04, 0xef, 0x04,
  0xef, 0x04, 0xef, 0x04, 0xef, 0x04, 0xef, 0x04, 0xef, 0x04, 0xef, 0x04,
  0xef, 0x04, 0xef, 0x04, 0xef, 0x04, 0xef, 0x04, 0xef, 0x04, 0xef, 0x04,
  0xef, 0x04, 0xef, 0x04, 0xef, 0x04, 0xef, 0x04, 0xef, 0x04, 0xef, 0x04,
  0xef, 0x04, 0xef, 0x04, 0xef, 0x04, 0xef, 0x04, 0xef, 0x04, 0xef, 0x04,
  0xef, 0x04, 0xef, 0x04, 0xef, 0x04, 0xef, 0x04, 0xef, 0x04, 0xef, 0x04,
  0xef, 0x04, 0xef, 0x04, 0xef, 0x04, 0xef, 0x04, 0xef, 0x04, 0xef, 0x04,
  0xef, 0x04, 0xef, 0x04, 0xef, 0x04, 0xef, 0x04, 0xef, 0x04, 0xef, 0x04,
  0xef, 0x04, 0xef, 0x04, 0xef, 0x04, 0xef, 0x04, 0xef, 0x04, 0xef, 0x04,
  0xef, 0x04, 0xef, 0x04, 0xef, 0x04, 0xef, 0x04, 0xef, 0x04, 0xef, 0x04,
  0xef, 0x04, 0xef, 0x04, 0xef, 0x04, 0xef, 0x04, 0xef, 0x04, 0xef, 0x04,
  0xef, 0x04, 0xef, 0x04, 0xef, 0x04, 0xef, 0x04, 0xef, 0x04, 0xef, 0x04,
  0xef, 0x04, 0xef, 0x04, 0xef, 0x04, 0xef, 0x04, 0xef, 0x04, 0xef, 0x04,
  0xef, 0x04, 0xef, 0x04, 0xef, 0x04, 0xef, 0x04, 0xef, 0x04, 0xef, 0x04,
  0xef, 0x04, 0xef, 0x04, 0xef, 0x04, 0xef, 0x04, 0xef, 0x04, 0xde, 0x03,
  0xcd, 0x03, 0xcd, 0x03, 0xef, 0x04, 0xef, 0x04, 0xef, 0x04, 0xef, 0x04,
  0xef, 0x04, 0xef, 0x04, 0xef, 0x04, 0xef, 0x04, 0xef, 0x04, 0xef, 0x04,
  0xef, 0x04, 0xef, 0x04, 0xef, 0x04, 0xef, 0x04, 0xef, 0x04, 0xef, 0x04,
  0xef, 0x04, 0xef, 0x04, 0xef, 0x04, 0xef, 0x04, 0xef, 0x04, 0xef, 0x04,
  0xef, 0x04, 0xef, 0x04, 0xef, 0x04, 0xef, 0x04, 0xef, 0x04, 0xef, 0x04,
  0xef, 0x04, 0xef, 0x04, 0xef, 0x04, 0xef, 0x04, 0xef, 0x04, 0xef, 0x04,
  0xef, 0x04, 0xef, 0x04, 0xef, 0x04, 0xef, 0x04, 0xef, 0x04, 0xef, 0x04,
  0xef, 0x04, 0xef, 0x04, 0xef, 0x04, 0xef, 0x04, 0xef, 0x04, 0xef, 0x04,
  0xef, 0x04, 0xef, 0x04, 0xef, 0x04, 0xef, 0x04, 0xef, 0x04, 0xef, 0x04,
  0xef, 0x04, 0xef, 0x04, 0xef, 0x04, 0xef, 0x04, 0xef, 0x04, 0xef, 0x04,
  0xef, 0x04, 0xef, 0x04, 0xef, 0x04, 0xef, 0x04, 0xef, 0x04, 0xef, 0x04,
  0xef, 0x04, 0xef, 0x04, 0xef, 0x04, 0xef, 0x04, 0xef, 0x04, 0xef, 0x04,
  0xef, 0x04, 0xef, 0x04, 0xef, 0x04, 0xef, 0x04, 0xef, 0x04, 0xef, 0x04,
  0xef, 0x04, 0xef, 0x04, 0xef, 0x04, 0xef, 0x04, 0xef, 0x04, 0xef, 0x04,
  0xef, 0x04, 0xef, 0x04, 0xef, 0x04, 0xef, 0x04, 0xef, 0x04, 0xef, 0x04,
  0xef, 0x04, 0xef, 0x04, 0xef, 0x04, 0xef, 0x04, 0xef, 0x04, 0xef, 0x04,
  0xef, 0x04, 0xef, 0x04, 0xef, 0x04, 0xef, 0x04, 0xef, 0x04, 0xef, 0x04,
  0xef, 0x04, 0xef, 0x04, 0xef, 0x04, 0xef, 0x04, 0xef, 0x04, 0xef, 0x04,
  0xef, 0x04, 0xef, 0x04, 0xef, 0x04, 0xef, 0x04, 0xef, 0x04, 0xef, 0x04,
  0xef, 0x04, 0xef, 0x04, 0xef, 0x04, 0xef, 0x04, 0xef, 0x04, 0xef, 0x04,
  0xef, 0x04, 0xef, 0x04, 0xef, 0x04, 0xef, 0x04, 0xef, 0x04, 0xef, 0x04,
  0xef, 0x04, 0xef, 0x04, 0xef, 0x04, 0xef, 0x04, 0xef, 0x04, 0xef, 0x04,
  0xef, 0x04, 0xef, 0x04, 0xef, 0x04, 0xef, 0x04, 0xef, 0x04, 0xef, 0x04,
  0xef, 0x04, 0xef, 0x04, 0xef, 0x04, 0xef, 0x04, 0xef, 0x04, 0xef, 0x04,
  0xef, 0x04, 0xef, 0x04, 0xef, 0x04, 0xef, 0x04, 0xef, 0x04, 0xef, 0x04,
  0xef, 0x04, 0xef, 0x04, 0xef, 0x04, 0xef, 0x04, 0xef, 0x04, 0xef, 0x04,
  0xef, 0x04, 0xef, 0x04, 0xef, 0x04, 0xef, 0x04, 0xef, 0x04, 0xef, 0x04,
  0xef, 0x04, 0xef, 0x04, 0xef, 0x04, 0xef, 0x04, 0xef, 0x04, 0xef, 0x04,
  0xef, 0x04, 0xef, 0x04, 0xef, 0x04, 0xef, 0x04, 0xef, 0x04, 0xef, 0x04,
  0xef, 0x04, 0xef, 0x04, 0xef, 0x04, 0xef, 0x04, 0xef, 0x04, 0xef, 0x04,
  0xef, 0x04, 0xef, 0x04, 0xef, 0x04, 0xef, 0x04, 0xef, 0x04, 0xef, 0x04,
  0xef, 0x04, 0xef, 0x04, 0xef, 0x04, 0xef, 0x04, 0xef, 0x04, 0xef, 0x04,
  0xef, 0x04, 0xef, 0x04, 0xef, 0x04, 0xef, 0x04, 0xef, 0x04, 0xef, 0x04,
  0xef, 0x04, 0xef, 0x04, 0xef, 0x04, 0xef, 0x04, 0xef, 0x04, 0xef, 0x04,
  0xef, 0x04, 0xef, 0x04, 0xef, 0x04, 0xef, 0x04, 0xef, 0x04, 0xef, 0x04,
  0xef, 0x04, 0xef, 0x04, 0xef, 0x04, 0xef, 0x04, 0xef, 0x04, 0xef, 0x04,
  0xef, 0x04, 0xef, 0x04, 0xef, 0x04, 0xef, 0x04, 0xef, 0x04, 0xef, 0x04,
  0xef, 0x04, 0xef, 0x04, 0xef, 0x04, 0xef, 0x04, 0xef, 0x04, 0xef, 0x04,
  0xef, 0x04, 0xef, 0x04, 0xef, 0x04, 0xef, 0x04, 0xef, 0x04, 0xef, 0x04,
  0xef, 0x04, 0xef, 0x04, 0xef, 0x04, 0xef, 0x04, 0xef, 0x04, 0xef, 0x04,
  0xef, 0x04, 0xef, 0x04, 0xef, 0x04, 0xef, 0x04, 0xef, 0x04, 0xef, 0x04,
  0xef, 0x04, 0xef, 0x04, 0xef, 0x04, 0xef, 0x04, 0xef, 0x04, 0xef, 0x04,
  0xef, 0x04, 0xef, 0x04, 0xef, 0x04, 0xef, 0x04, 0xef, 0x04, 0xef, 0x04,
  0xef, 0x04, 0xef, 0x04, 0xef, 0x04, 0xef, 0x04, 0xef, 0x04, 0xef, 0x04,
  0xef, 0x04, 0xef, 0x04, 0xef, 0x04, 0xef, 0x04, 0xef, 0x04, 0xef, 0x04,
  0xef, 0x04, 0xef, 0x04, 0xef, 0x04, 0xef, 0x04, 0xef, 0x04, 0xef, 0x04,
  0xef, 0x04, 0xef, 0x04, 0xef, 0x04, 0xef, 0x04, 0xef, 0x04, 0xef, 0x04,
  0xef, 0x04, 0xef, 0x04, 0xef, 0x04, 0xef, 0x04, 0xef, 0x04, 0xef, 0x04,
  0xef, 0x04, 0xef, 0x04, 0xef, 0x04, 0xef, 0x04, 0xef, 0x04, 0xef, 0x04,
  0xef, 0x04, 0xef, 0x04, 0xef, 0x04, 0xef, 0x04, 0xef, 0x04, 0xef, 0x04,
  0xef, 0x04, 0xef, 0x04, 0xef, 0x04, 0xef, 0x04, 0xef, 0x04, 0xef, 0x04,
  0xef, 0x04, 0xef, 0x04, 0xef, 0x04, 0xef, 0x04, 0xef, 0x04, 0xef, 0x04,
  0xef, 0x04, 0xef, 0x04, 0xef, 0x04, 0xef, 0x04, 0xef, 0x04, 0xef, 0x04,
  0xef, 0x04, 0xef, 0x04, 0xef, 0x04, 0xef, 0x04, 0xef, 0x04, 0xef, 0x04,
  0xef, 0x04, 0xef, 0x04, 0xef, 0x04, 0xef, 0x04, 0xef, 0x04, 0xef, 0x04,
  0xef, 0x04, 0xef, 0x04, 0xef, 0x04, 0xef, 0x04, 0xef, 0x04, 0xef, 0x04,
  0xef, 0x04, 0xef, 0x04, 0xef, 0x04, 0xef, 0x04, 0xef, 0x04, 0xef, 0x04,
  0xef, 0x04, 0xef, 0x04, 0xef, 0x04, 0xef, 0x04, 0xef, 0x04, 0xef, 0x04,
  0xef, 0x04, 0xef, 0x04, 0xef, 0x04, 0xef, 0x04, 0xef, 0x04, 0xef, 0x04,
  0xef, 0x04, 0xef, 0x04, 0xef, 0x04, 0xef, 0x04, 0xef, 0x04, 0xef, 0x04,
  0xef, 0x04, 0xef, 0x04, 0xef, 0x04, 0xef, 0x04, 0xef, 0x04, 0xef, 0x04,
  0xef, 0x04, 0xef, 0x04, 0xef, 0x04, 0xef, 0x04, 0xef, 0x04, 0xef, 0x04,
  0xef, 0x04, 0xef, 0x04, 0xef, 0x04, 0xef, 0x04, 0xef, 0x04, 0xef, 0x04,
  0xef, 0x04, 0xef, 0x04, 0xef, 0x04, 0xef, 0x04, 0xef, 0x04, 0xef, 0x04,
  0xef, 0x04, 0xef, 0x04, 0xef, 0x04, 0xef, 0x04, 0xef, 0x04, 0xef, 0x04,
  0xef, 0x04, 0xef, 0x04, 0xef, 0x04, 0xef, 0x04, 0xef, 0x04, 0xef, 0x04,
  0xef, 0x04, 0xef, 0x04, 0xef, 0x04, 0xef, 0x04, 0xef, 0x04, 0xef, 0x04,
  0xef, 0x04, 0xef, 0x04, 0xef, 0x04, 0xef, 0x04, 0xef, 0x04, 0xef, 0x04,
  0xef, 0x04, 0xef, 0x04, 0xef, 0x04, 0xef, 0x04, 0xef, 0x04, 0xef, 0x04,
  0xef, 0x04, 0xef, 0x04, 0xef, 0x04, 0xef, 0x04, 0xef, 0x04, 0xef, 0x04,
  0xef, 0x04, 0xef, 0x04, 0xef, 0x04, 0xef, 0x04, 0xef, 0x04, 0xef, 0x04,
  0xef, 0x04, 0xef, 0x04, 0xef, 0x04, 0xef, 0x04, 0xef, 0x04, 0xef, 0x04,
  0xef, 0x04, 0xef, 0x04, 0xef, 0x04, 0xef, 0x04, 0xef, 0x04, 0xef, 0x04,
  0xef, 0x04, 0xef, 0x04, 0xef, 0x04, 0xef, 0x04, 0xef, 0x04, 0xef, 0x04,
  0xef, 0x04, 0xef, 0x04, 0xef, 0x04, 0xef, 0x04, 0xef, 0x04, 0xef, 0x04,
  0xef, 0x04, 0xef, 0x04, 0xef, 0x04, 0xef, 0x04, 0xef, 0x04, 0xef, 0x04,
  0xef, 0x04, 0xef, 0x04, 0xef, 0x04, 0xef, 0x04, 0xef, 0x04, 0xef, 0x04,
  0xef, 0x04, 0xef, 0x04, 0xef, 0x04, 0xef, 0x04, 0xef, 0x04, 0xef, 0x04,
  0xef, 0x04, 0xef, 0x04, 0xef, 0x04, 0xef, 0x04, 0xef, 0x04, 0xef, 0x04,
  0xef, 0x04, 0xef, 0x04, 0xef, 0x04, 0xef, 0x04, 0xef, 0x04, 0xef, 0x04,
  0xef, 0x04, 0xef, 0x04, 0xef, 0x04, 0xef, 0x04, 0xef, 0x04, 0xef, 0x04,
  0xef, 0x04, 0xef, 0x04, 0xef, 0x04, 0xef, 0x04, 0xef, 0x04, 0xef, 0x04,
  0xef, 0x04, 0xef, 0x04, 0xef, 0x04, 0xef, 0x04, 0xef, 0x04, 0xef, 0x04,
  0xef, 0x04, 0xef, 0x04, 0xef, 0x04, 0xef, 0x04, 0xef, 0x04, 0xef, 0x04,
  0xef, 0x04, 0xef, 0x04, 0xef, 0x04, 0xef, 0x04, 0xef, 0x04, 0xef, 0x04,
  0xef, 0x04, 0xef, 0x04, 0xef, 0x04, 0xef, 0x04, 0xef, 0x04, 0xef, 0x04,
  0xef, 0x04, 0xef, 0x04, 0xef, 0x04, 0xef, 0x04, 0xef, 0x04, 0xef, 0x04,
  0xef, 0x04, 0xef, 0x04, 0xef, 0x04, 0xef, 0x04, 0xef, 0x04, 0xef, 0x04,
  0xef, 0x04, 0xef, 0x04, 0xef, 0x04, 0xef, 0x04, 0xef, 0x04, 0xef, 0x04,
  0xef, 0x04, 0xef, 0x04, 0xef, 0x04, 0xef, 0x04, 0xef, 0x04, 0xef, 0x04,
  0xef, 0x04, 0xef, 0x04, 0xef, 0x04, 0xef, 0x04, 0xef, 0x04, 0xef, 0x04,
  0xef, 0x04, 0xef, 0x04, 0xef, 0x04, 0xef, 0x04, 0xef, 0x04, 0xef, 0x04,
  0xef, 0x04, 0xef, 0x04, 0xef, 0x04, 0xef, 0x04, 0xef, 0x04, 0xef, 0x04,
  0xef, 0x04, 0xef, 0x04, 0xef, 0x04, 0xef, 0x04, 0xef, 0x04, 0xef, 0x04,
  0xef, 0x04, 0xef, 0x04, 0xef, 0x04, 0xef, 0x04, 0xef, 0x04, 0xef, 0x04,
  0xef, 0x04, 0xef, 0x04, 0xef, 0x04, 0xef, 0x04, 0xef, 0x04, 0xef, 0x04,
  0xef, 0x04, 0xef, 0x04, 0xef, 0x04, 0xef, 0x04, 0xef, 0x04, 0xef, 0x04,
  0xef, 0x04, 0xef, 0x04, 0xef, 0x04, 0xef, 0x04, 0xef, 0x04, 0xef, 0x04,
  0xef, 0x04, 0xef, 0x04, 0xef, 0x04, 0xef, 0x04, 0xef, 0x04, 0xef, 0x04,
  0xef, 0x04, 0xef, 0x04, 0xef, 0x04, 0xef, 0x04, 0xef, 0x04, 0xef, 0x04,
  0xef, 0x04, 0xff, 0x04, 0xef, 0x04, 0xef, 0x04, 0xef, 0x04, 0xef, 0x04,
  0xef, 0x04, 0xef, 0x04, 0xef, 0x04, 0xef, 0x04, 0xef, 0x04, 0xef, 0x04,
  0xef, 0x04, 0xef, 0x04, 0xef, 0x04, 0xef, 0x04, 0xef, 0x04, 0xef, 0x04,
  0xef, 0x04, 0xef, 0x04, 0xef, 0x04, 0xef, 0x04, 0xef, 0x04, 0xef, 0x04,
  0xef, 0x04, 0xef, 0x04, 0xef, 0x04, 0xef, 0x04, 0xff, 0x04, 0xef, 0x04,
  0xef, 0x04, 0xef, 0x04, 0xef, 0x04, 0xef, 0x04, 0xef, 0x04, 0xef, 0x04,
  0xef, 0x04, 0xef, 0x04, 0xef, 0x04, 0xef, 0x04, 0xef, 0x04, 0xef, 0x04,
  0xff, 0x04, 0xef, 0x04, 0xef, 0x04, 0xef, 0x04, 0xef, 0x04, 0xef, 0x04,
  0xef, 0x04, 0xef, 0x04, 0xef, 0x04, 0xef, 0x04, 0xef, 0x04, 0xef, 0x04,
  0xef, 0x04, 0xef, 0x04, 0xef, 0x04, 0xef, 0x04, 0xef, 0x04, 0xef, 0x04,
  0xef, 0x04, 0xef, 0x04, 0xef, 0x04, 0xef, 0x04, 0xef, 0x04, 0xef, 0x04,
  0xef, 0x04, 0xef, 0x04, 0xef, 0x04, 0xff, 0x04, 0xef, 0x04, 0xef, 0x04,
  0xef, 0x04, 0xef, 0x04, 0xef, 0x04, 0xef, 0x04, 0xef, 0x04, 0xef, 0x04,
  0xef, 0x04, 0xef, 0x04, 0xef, 0x04, 0xef, 0x04, 0xef, 0x04, 0xef, 0x04,
  0xef, 0x04, 0xef, 0x04, 0xef, 0x04, 0xef, 0x04, 0xef, 0x04, 0xef, 0x04,
  0xef, 0x04, 0xef, 0x04, 0xef, 0x04, 0xef, 0x04, 0xef, 0x04, 0xef, 0x04,
  0xef, 0x04, 0xef, 0x04, 0xef, 0x04, 0xef, 0x04, 0xef, 0x04, 0xef, 0x04,
  0xef, 0x04, 0xef, 0x04, 0xef, 0x04, 0xef, 0x04, 0xef, 0x04, 0xef, 0x04,
  0xef, 0x04, 0xef, 0x04, 0xef, 0x04, 0xef, 0x04, 0xef, 0x04, 0xef, 0x04,
  0xef, 0x04, 0xef, 0x04, 0xef, 0x04, 0xef, 0x04, 0xef, 0x04, 0xef, 0x04,
  0xef, 0x04, 0xef, 0x04, 0xef, 0x04, 0xef, 0x04, 0xef, 0x04, 0xef, 0x04,
  0xef, 0x04, 0xef, 0x04, 0xef, 0x04, 0xef, 0x04, 0xef, 0x04, 0xef, 0x04,
  0xef, 0x04, 0xef, 0x04, 0xef, 0x04, 0xef, 0x04, 0xef, 0x04, 0xef, 0x04,
  0xef, 0x04, 0xef, 0x04, 0xef, 0x04, 0xef, 0x04, 0xef, 0x04, 0xef, 0x04,
  0xef, 0x04, 0xef, 0x04, 0xef, 0x04, 0xef, 0x04, 0xef, 0x04, 0xef, 0x04,
  0xef, 0x04, 0xef, 0x04, 0xef, 0x04, 0xef, 0x04, 0xef, 0x04, 0xef, 0x04,
  0xef, 0x04, 0xef, 0x04, 0xef, 0x04, 0xef, 0x04, 0xbc, 0x03, 0x99, 0x02,
  0xaa, 0x02, 0xef, 0x04, 0xbb, 0x02, 0xaa, 0x02, 0xaa, 0x02, 0xcc, 0x03,
  0xde, 0x03, 0xdd, 0x03, 0xff, 0x04, 0xcd, 0x03, 0xde, 0x03, 0xde, 0x03,
  0xaa, 0x02, 0xaa, 0x02, 0xde, 0x03, 0xef, 0x04, 0xbc, 0x03, 0xaa, 0x02,
  0xbb, 0x03, 0xef, 0x04, 0xef, 0x04, 0xef, 0x04, 0xef, 0x04, 0xef, 0x04,
  0xef, 0x04, 0xcd, 0x03, 0x9a, 0x02, 0x9a, 0x02, 0xde, 0x03, 0xcc, 0x03,
  0xde, 0x03, 0xff, 0x04, 0xcc, 0x03, 0xef, 0x04, 0xcd, 0x03, 0xaa, 0x02,
  0xab, 0x02, 0xef, 0x04, 0xef, 0x04, 0xbb, 0x02, 0x99, 0x02, 0xab, 0x02,
  0xef, 0x04, 0xaa, 0x02, 0xaa, 0x02, 0xab, 0x02, 0xef, 0x04, 0xcd, 0x03,
  0xde, 0x03, 0xff, 0x04, 0xcc, 0x03, 0xee, 0x03, 0xbc, 0x03, 0xef, 0x04,
  0xde, 0x03, 0xcc, 0x03, 0xde, 0x03, 0x9a, 0x02, 0xaa, 0x02, 0xaa, 0x02,
  0xee, 0x04, 0xbc, 0x03, 0xef, 0x04, 0xef, 0x04, 0xcc, 0x03, 0xff, 0x04,
  0xcc, 0x03, 0x99, 0x02, 0xaa, 0x02, 0xee, 0x03, 0xde, 0x03, 0xaa, 0x02,
  0xaa, 0x02, 0xde, 0x03, 0xef, 0x04, 0xef, 0x04, 0xef, 0x04, 0xef, 0x04,
  0xef, 0x04, 0xef, 0x04, 0xef, 0x04, 0xef, 0x04, 0xef, 0x04, 0xef, 0x04,
  0xef, 0x04, 0xef, 0x04, 0xef, 0x04, 0xef, 0x04, 0xef, 0x04, 0xef, 0x04,
  0xef, 0x04, 0xef, 0x04, 0xef, 0x04, 0xef, 0x04, 0xef, 0x04, 0xef, 0x04,
  0xef, 0x04, 0xef, 0x04, 0xef, 0x04, 0xef, 0x04, 0xef, 0x04, 0xef, 0x04,
  0xef, 0x04, 0xef, 0x04, 0xef, 0x04, 0xef, 0x04, 0xef, 0x04, 0xef, 0x04,
  0xef, 0x04, 0xef, 0x04, 0xef, 0x04, 0xef, 0x04, 0xef, 0x04, 0xef, 0x04,
  0xef, 0x04, 0xef, 0x04, 0xef, 0x04, 0xef, 0x04, 0xef, 0x04, 0xef, 0x04,
  0xef, 0x04, 0xef, 0x04, 0xef, 0x04, 0xef, 0x04, 0xef, 0x04, 0xef, 0x04,
  0xef, 0x04, 0xef, 0x04, 0xef, 0x04, 0xef, 0x04, 0xef, 0x04, 0xef, 0x04,
  0xef, 0x04, 0xef, 0x04, 0xef, 0x04, 0xef, 0x04, 0xef, 0x04, 0xef, 0x04,
  0xef, 0x04, 0xef, 0x04, 0xef, 0x04, 0xef, 0x04, 0xef, 0x04, 0xef, 0x04,
  0xef, 0x04, 0xef, 0x04, 0xef, 0x04, 0xef, 0x04, 0xef, 0x04, 0xef, 0x04,
  0xef, 0x04, 0xef, 0x04, 0xef, 0x04, 0xef, 0x04, 0xef, 0x04, 0xef, 0x04,
  0xef, 0x04, 0xef, 0x04, 0xef, 0x04, 0xaa, 0x02, 0xde, 0x03, 0xef, 0x04,
  0x9a, 0x02, 0xde, 0x03, 0xee, 0x03, 0xef, 0x04, 0xde, 0x03, 0xbb, 0x03,
  0xef, 0x04, 0xbb, 0x02, 0xee, 0x03, 0xaa, 0x02, 0xef, 0x04, 0xef, 0x04,
  0xab, 0x02, 0xde, 0x03, 0xbb, 0x02, 0xee, 0x03, 0xdd, 0x03, 0xde, 0x03,
  0xef, 0x04, 0xef, 0x04, 0xef, 0x04, 0xef, 0x04, 0xef, 0x04, 0xef, 0x04,
  0xbb, 0x03, 0xcd, 0x03, 0xff, 0x04, 0xaa, 0x02, 0xaa, 0x02, 0xee, 0x03,
  0xaa, 0x02, 0xde, 0x03, 0xaa, 0x02, 0xee, 0x03, 0xdd, 0x03, 0xde, 0x03,
  0xef, 0x04, 0xef, 0x04, 0x9a, 0x02, 0xef, 0x04, 0xee, 0x04, 0xaa, 0x02,
  0xef, 0x04, 0xde, 0x03, 0xbb, 0x03, 0xcc, 0x03, 0xdd, 0x03, 0xff, 0x04,
  0xab, 0x02, 0xde, 0x03, 0x89, 0x02, 0xbb, 0x02, 0xaa, 0x02, 0xab, 0x02,
  0xcd, 0x03, 0xbc, 0x03, 0xee, 0x03, 0xef, 0x04, 0xef, 0x04, 0x89, 0x02,
  0xbb, 0x03, 0xee, 0x03, 0xaa, 0x02, 0xef, 0x04, 0xef, 0x04, 0xaa, 0x02,
  0xde, 0x03, 0xef, 0x04, 0xaa, 0x02, 0xde, 0x03, 0xde, 0x03, 0xcd, 0x03,
  0xef, 0x04, 0xef, 0x04, 0xef, 0x04, 0xef, 0x04, 0xef, 0x04, 0xef, 0x04,
  0xef, 0x04, 0xef, 0x04, 0xef, 0x04, 0xef, 0x04, 0xef, 0x04, 0xef, 0x04,
  0xef, 0x04, 0xef, 0x04, 0xef, 0x04, 0xef, 0x04, 0xef, 0x04, 0xef, 0x04,
  0xef, 0x04, 0xef, 0x04, 0xef, 0x04, 0xef, 0x04, 0xef, 0x04, 0xef, 0x04,
  0xef, 0x04, 0xef, 0x04, 0xef, 0x04, 0xef, 0x04, 0xef, 0x04, 0xef, 0x04,
  0xef, 0x04, 0xef, 0x04, 0xef, 0x04, 0xef, 0x04, 0xef, 0x04, 0xef, 0x04,
  0xef, 0x04, 0xef, 0x04, 0xef, 0x04, 0xef, 0x04, 0xef, 0x04, 0xef, 0x04,
  0xef, 0x04, 0xef, 0x04, 0xef, 0x04, 0xef, 0x04, 0xef, 0x04, 0xef, 0x04,
  0xef, 0x04, 0xef, 0x04, 0xef, 0x04, 0xef, 0x04, 0xef, 0x04, 0xef, 0x04,
  0xef, 0x04, 0xef, 0x04, 0xef, 0x04, 0xef, 0x04, 0xef, 0x04, 0xef, 0x04,
  0xef, 0x04, 0xef, 0x04, 0xef, 0x04, 0xef, 0x04, 0xef, 0x04, 0xef, 0x04,
  0xef, 0x04, 0xef, 0x04, 0xef, 0x04, 0xef, 0x04, 0xef, 0x04, 0xef, 0x04,
  0xef, 0x04, 0xef, 0x04, 0xef, 0x04, 0xef, 0x04, 0xef, 0x04, 0xef, 0x04,
  0xef, 0x04, 0xef, 0x04, 0xef, 0x04, 0xef, 0x04, 0xef, 0x04, 0xef, 0x04,
  0xff, 0x04, 0xaa, 0x02, 0xee, 0x03, 0xef, 0x04, 0x89, 0x02, 0xaa, 0x02,
  0xcd, 0x03, 0xef, 0x04, 0xff, 0x04, 0xde, 0x03, 0x45, 0x01, 0xde, 0x03,
  0xff, 0x04, 0x9a, 0x02, 0xbc, 0x03, 0xbc, 0x03, 0x9a, 0x02, 0xff, 0x04,
  0xcc, 0x03, 0xaa, 0x02, 0xbb, 0x02, 0xee, 0x04, 0xef, 0x04, 0xef, 0x04,
  0xef, 0x04, 0xef, 0x04, 0xef, 0x04, 0xff, 0x04, 0xbc, 0x03, 0xdd, 0x03,
  0xff, 0x04, 0xab, 0x02, 0xde, 0x03, 0xbc, 0x03, 0x89, 0x02, 0xef, 0x04,
  0xcd, 0x03, 0xaa, 0x02, 0xab, 0x02, 0xde, 0x03, 0xef, 0x04, 0xef, 0x04,
  0xaa, 0x02, 0xef, 0x04, 0xef, 0x04, 0x89, 0x02, 0xbc, 0x03, 0xbb, 0x03,
  0xcd, 0x03, 0xcc, 0x03, 0xdd, 0x03, 0xff, 0x04, 0xab, 0x02, 0xde, 0x03,
  0xab, 0x02, 0xee, 0x04, 0xde, 0x03, 0xbb, 0x03, 0xcd, 0x03, 0x88, 0x02,
  0xbb, 0x02, 0xef, 0x04, 0xef, 0x04, 0xaa, 0x02, 0xde, 0x03, 0xab, 0x02,
  0xaa, 0x02, 0xff, 0x04, 0xff, 0x04, 0xab, 0x02, 0xde, 0x03, 0xef, 0x04,
  0xde, 0x03, 0xaa, 0x02, 0xaa, 0x02, 0xcd, 0x03, 0xef, 0x04, 0xef, 0x04,
  0xef, 0x04, 0xef, 0x04, 0xef, 0x04, 0xef, 0x04, 0xef, 0x04, 0xef, 0x04,
  0xef, 0x04, 0xef, 0x04, 0xef, 0x04, 0xef, 0x04, 0xef, 0x04, 0xef, 0x04,
  0xef, 0x04, 0xef, 0x04, 0xef, 0x04, 0xef, 0x04, 0xef, 0x04, 0xef, 0x04,
  0xef, 0x04, 0xef, 0x04, 0xef, 0x04, 0xef, 0x04, 0xef, 0x04, 0xef, 0x04,
  0xef, 0x04, 0xef, 0x04, 0xef, 0x04, 0xef, 0x04, 0xef, 0x04, 0xef, 0x04,
  0xef, 0x04, 0xef, 0x04, 0xef, 0x04, 0xef, 0x04, 0xef, 0x04, 0xef, 0x04,
  0xef, 0x04, 0xef, 0x04, 0xef, 0x04, 0xef, 0x04, 0xef, 0x04, 0xef, 0x04,
  0xef, 0x04, 0xef, 0x04, 0xef, 0x04, 0xef, 0x04, 0xef, 0x04, 0xef, 0x04,
  0xef, 0x04, 0xef, 0x04, 0xef, 0x04, 0xef, 0x04, 0xef, 0x04, 0xef, 0x04,
  0xef, 0x04, 0xef, 0x04, 0xef, 0x04, 0xef, 0x04, 0xef, 0x04, 0xef, 0x04,
  0xef, 0x04, 0xef, 0x04, 0xef, 0x04, 0xef, 0x04, 0xef, 0x04, 0xef, 0x04,
  0xef, 0x04, 0xef, 0x04, 0xef, 0x04, 0xef, 0x04, 0xef, 0x04, 0xef, 0x04,
  0xef, 0x04, 0xef, 0x04, 0xef, 0x04, 0xef, 0x04, 0xef, 0x04, 0xef, 0x04,
  0xef, 0x04, 0xef, 0x04, 0xef, 0x04, 0xef, 0x04, 0xef, 0x04, 0xaa, 0x02,
  0xee, 0x03, 0xef, 0x04, 0xaa, 0x02, 0xff, 0x04, 0xff, 0x04, 0xef, 0x04,
  0xef, 0x04, 0xbc, 0x03, 0xcd, 0x03, 0xbc, 0x03, 0xef, 0x04, 0x9a, 0x02,
  0xcd, 0x03, 0xcd, 0x03, 0x9a, 0x02, 0xef, 0x04, 0xee, 0x03, 0xff, 0x04,
  0xcc, 0x03, 0xcd, 0x03, 0xff, 0x04, 0xef, 0x04, 0xef, 0x04, 0xef, 0x04,
  0xef, 0x04, 0xff, 0x04, 0xbc, 0x03, 0xdd, 0x03, 0xff, 0x04, 0xab, 0x02,
  0xee, 0x03, 0xef, 0x04, 0x99, 0x02, 0xef, 0x04, 0xee, 0x03, 0xff, 0x04,
  0xdd, 0x03, 0xbb, 0x03, 0xff, 0x04, 0xef, 0x04, 0xaa, 0x02, 0xef, 0x04,
  0xef, 0x04, 0x99, 0x02, 0xbc, 0x03, 0xaa, 0x02, 0xff, 0x04, 0xbc, 0x03,
  0xdd, 0x03, 0xff, 0x04, 0xab, 0x02, 0xde, 0x03, 0xaa, 0x02, 0xff, 0x04,
  0xee, 0x03, 0xbb, 0x02, 0xcd, 0x03, 0xcd, 0x03, 0xff, 0x04, 0xef, 0x04,
  0xef, 0x04, 0xaa, 0x02, 0xef, 0x04, 0xde, 0x03, 0x9a, 0x02, 0xff, 0x04,
  0xff, 0x04, 0xab, 0x02, 0xde, 0x03, 0xef, 0x04, 0xde, 0x03, 0xff, 0x04,
  0xef, 0x04, 0x9a, 0x02, 0xef, 0x04, 0xef, 0x04, 0xef, 0x04, 0xef, 0x04,
  0xef, 0x04, 0xef, 0x04, 0xef, 0x04, 0xef, 0x04, 0xef, 0x04, 0xef, 0x04,
  0xef, 0x04, 0xef, 0x04, 0xef, 0x04, 0xef, 0x04, 0xef, 0x04, 0xef, 0x04,
  0xef, 0x04, 0xef, 0x04, 0xef, 0x04, 0xef, 0x04, 0xef, 0x04, 0xef, 0x04,
  0xef, 0x04, 0xef, 0x04, 0xef, 0x04, 0xef, 0x04, 0xef, 0x04, 0xef, 0x04,
  0xef, 0x04, 0xef, 0x04, 0xef, 0x04, 0xef, 0x04, 0xef, 0x04, 0xef, 0x04,
  0xef, 0x04, 0xef, 0x04, 0xef, 0x04, 0xef, 0x04, 0xef, 0x04, 0xef, 0x04,
  0xef, 0x04, 0xef, 0x04, 0xef, 0x04, 0xef, 0x04, 0xef, 0x04, 0xef, 0x04,
  0xef, 0x04, 0xef, 0x04, 0xef, 0x04, 0xef, 0x04, 0xef, 0x04, 0xef, 0x04,
  0xef, 0x04, 0xef, 0x04, 0xef, 0x04, 0xef, 0x04, 0xef, 0x04, 0xef, 0x04,
  0xef, 0x04, 0xef, 0x04, 0xef, 0x04, 0xef, 0x04, 0xef, 0x04, 0xef, 0x04,
  0xef, 0x04, 0xef, 0x04, 0xef, 0x04, 0xef, 0x04, 0xef, 0x04, 0xef, 0x04,
  0xef, 0x04, 0xef, 0x04, 0xef, 0x04, 0xef, 0x04, 0xef, 0x04, 0xef, 0x04,
  0xef, 0x04, 0xef, 0x04, 0xef, 0x04, 0xef, 0x04, 0xef, 0x04, 0xef, 0x04,
  0xef, 0x04, 0xef, 0x04, 0xef, 0x04, 0xbb, 0x03, 0xee, 0x04, 0xef, 0x04,
  0x9a, 0x02, 0xaa, 0x02, 0xaa, 0x02, 0xcc, 0x03, 0xdd, 0x03, 0xcd, 0x03,
  0xff, 0x04, 0xcc, 0x03, 0xde, 0x03, 0xbb, 0x03, 0xef, 0x04, 0xef, 0x04,
  0xbb, 0x02, 0xef, 0x04, 0xbb, 0x02, 0xaa, 0x02, 0xab, 0x02, 0xee, 0x04,
  0xef, 0x04, 0xef, 0x04, 0xef, 0x04, 0xef, 0x04, 0xef, 0x04, 0xcd, 0x03,
  0x88, 0x02, 0x99, 0x02, 0xde, 0x03, 0xbc, 0x03, 0xee, 0x03, 0xef, 0x04,
  0xbb, 0x02, 0xef, 0x04, 0xbc, 0x03, 0xaa, 0x02, 0xab, 0x02, 0xde, 0x03,
  0xef, 0x04, 0xef, 0x04, 0xab, 0x02, 0xef, 0x04, 0xef, 0x04, 0xbb, 0x03,
  0xff, 0x04, 0xcd, 0x03, 0xcd, 0x03, 0xee, 0x03, 0xab, 0x02, 0xaa, 0x02,
  0xbc, 0x03, 0xef, 0x04, 0xbb, 0x02, 0xef, 0x04, 0xee, 0x03, 0xbc, 0x03,
  0xdd, 0x03, 0x89, 0x02, 0xaa, 0x02, 0xaa, 0x02, 0xee, 0x04, 0xbb, 0x02,
  0xef, 0x04, 0xef, 0x04, 0xbb, 0x03, 0xef, 0x04, 0xef, 0x04, 0xbc, 0x03,
  0xde, 0x03, 0xef, 0x04, 0xcd, 0x03, 0xaa, 0x02, 0xaa, 0x02, 0xcd, 0x03,
  0xef, 0x04, 0xef, 0x04, 0xef, 0x04, 0xef, 0x04, 0xef, 0x04, 0xef, 0x04,
  0xef, 0x04, 0xef, 0x04, 0xef, 0x04, 0xef, 0x04, 0xef, 0x04, 0xef, 0x04,
  0xef, 0x04, 0xef, 0x04, 0xef, 0x04, 0xef, 0x04, 0xef, 0x04, 0xef, 0x04,
  0xef, 0x04, 0xef, 0x04, 0xef, 0x04, 0xef, 0x04, 0xef, 0x04, 0xef, 0x04,
  0xef, 0x04, 0xef, 0x04, 0xef, 0x04, 0xef, 0x04, 0xef, 0x04, 0xef, 0x04,
  0xef, 0x04, 0xef, 0x04, 0xef, 0x04, 0xef, 0x04, 0xef, 0x04, 0xef, 0x04,
  0xef, 0x04, 0xef, 0x04, 0xef, 0x04, 0xef, 0x04, 0xef, 0x04, 0xef, 0x04,
  0xef, 0x04, 0xef, 0x04, 0xef, 0x04, 0xef, 0x04, 0xef, 0x04, 0xef, 0x04,
  0xef, 0x04, 0xef, 0x04, 0xef, 0x04, 0xef, 0x04, 0xef, 0x04, 0xef, 0x04,
  0xef, 0x04, 0xef, 0x04, 0xef, 0x04, 0xef, 0x04, 0xef, 0x04, 0xef, 0x04,
  0xef, 0x04, 0xef, 0x04, 0xef, 0x04, 0xef, 0x04, 0xef, 0x04, 0xef, 0x04,
  0xef, 0x04, 0xef, 0x04, 0xef, 0x04, 0xef, 0x04, 0xef, 0x04, 0xef, 0x04,
  0xef, 0x04, 0xef, 0x04, 0xef, 0x04, 0xef, 0x04, 0xef, 0x04, 0xef, 0x04,
  0xef, 0x04, 0xef, 0x04, 0xef, 0x04, 0xef, 0x04, 0xef, 0x04, 0xef, 0x04,
  0xef, 0x04, 0xef, 0x04, 0xef, 0x04, 0xef, 0x04, 0xef, 0x04, 0xef, 0x04,
  0xef, 0x04, 0xef, 0x04, 0xef, 0x04, 0xef, 0x04, 0xef, 0x04, 0xef, 0x04,
  0xef, 0x04, 0xef, 0x04, 0xef, 0x04, 0xef, 0x04, 0xef, 0x04, 0xef, 0x04,
  0xef, 0x04, 0xef, 0x04, 0xef, 0x04, 0xef, 0x04, 0xef, 0x04, 0xef, 0x04,
  0xef, 0x04, 0xef, 0x04, 0xef, 0x04, 0xef, 0x04, 0xef, 0x04, 0xef, 0x04,
  0xef, 0x04, 0xef, 0x04, 0xef, 0x04, 0xef, 0x04, 0xef, 0x04, 0xef, 0x04,
  0xef, 0x04, 0xef, 0x04, 0xef, 0x04, 0xef, 0x04, 0xef, 0x04, 0xef, 0x04,
  0xef, 0x04, 0xef, 0x04, 0xef, 0x04, 0xef, 0x04, 0xef, 0x04, 0xef, 0x04,
  0xef, 0x04, 0xef, 0x04, 0xef, 0x04, 0xef, 0x04, 0xef, 0x04, 0xef, 0x04,
  0xef, 0x04, 0xef, 0x04, 0xef, 0x04, 0xef, 0x04, 0xef, 0x04, 0xef, 0x04,
  0xef, 0x04, 0xef, 0x04, 0xef, 0x04, 0xef, 0x04, 0xef, 0x04, 0xef, 0x04,
  0xef, 0x04, 0xef, 0x04, 0xef, 0x04, 0xef, 0x04, 0xef, 0x04, 0xef, 0x04,
  0xef, 0x04, 0xef, 0x04, 0xef, 0x04, 0xef, 0x04, 0xef, 0x04, 0xef, 0x04,
  0xef, 0x04, 0xef, 0x04, 0xef, 0x04, 0xef, 0x04, 0xef, 0x04, 0xef, 0x04,
  0xef, 0x04, 0xef, 0x04, 0xef, 0x04, 0xef, 0x04, 0xef, 0x04, 0xef, 0x04,
  0xef, 0x04, 0xef, 0x04, 0xef, 0x04, 0xef, 0x04, 0xef, 0x04, 0xef, 0x04,
  0xef, 0x04, 0xef, 0x04, 0xef, 0x04, 0xef, 0x04, 0xef, 0x04, 0xef, 0x04,
  0xef, 0x04, 0xef, 0x04, 0xef, 0x04, 0xef, 0x04, 0xef, 0x04, 0xef, 0x04,
  0xef, 0x04, 0xef, 0x04, 0xef, 0x04, 0xef, 0x04, 0xef, 0x04, 0xef, 0x04,
  0xef, 0x04, 0xef, 0x04, 0xef, 0x04, 0xef, 0x04, 0xef, 0x04, 0xef, 0x04,
  0xef, 0x04, 0xef, 0x04, 0xef, 0x04, 0xef, 0x04, 0xef, 0x04, 0xef, 0x04,
  0xef, 0x04, 0xef, 0x04, 0xef, 0x04, 0xef, 0x04, 0xef, 0x04, 0xef, 0x04,
  0xef, 0x04, 0xef, 0x04, 0xef, 0x04, 0xef, 0x04, 0xef, 0x04, 0xef, 0x04,
  0xef, 0x04, 0xef, 0x04, 0xef, 0x04, 0xef, 0x04, 0xef, 0x04, 0xef, 0x04,
  0xef, 0x04, 0xef, 0x04, 0xef, 0x04, 0xef, 0x04, 0xef, 0x04, 0xef, 0x04,
  0xef, 0x04, 0xef, 0x04, 0xef, 0x04, 0xef, 0x04, 0xef, 0x04, 0xef, 0x04,
  0xef, 0x04, 0xef, 0x04, 0xef, 0x04, 0xef, 0x04, 0xef, 0x04, 0xef, 0x04,
  0xef, 0x04, 0xef, 0x04, 0xef, 0x04, 0xef, 0x04, 0xef, 0x04, 0xef, 0x04,
  0xef, 0x04, 0xef, 0x04, 0xef, 0x04, 0xef, 0x04, 0xef, 0x04, 0xef, 0x04,
  0xef, 0x04, 0xef, 0x04, 0xef, 0x04, 0xef, 0x04, 0xef, 0x04, 0xef, 0x04,
  0xef, 0x04, 0xef, 0x04, 0xef, 0x04, 0xef, 0x04, 0xef, 0x04, 0xef, 0x04,
  0xef, 0x04, 0xef, 0x04, 0xef, 0x04, 0xef, 0x04, 0xef, 0x04, 0xef, 0x04,
  0xef, 0x04, 0xef, 0x04, 0xef, 0x04, 0xef, 0x04, 0xef, 0x04, 0xef, 0x04,
  0xef, 0x04, 0xef, 0x04, 0xef, 0x04, 0xef, 0x04, 0xef, 0x04, 0xef, 0x04,
  0xef, 0x04, 0xef, 0x04, 0xef, 0x04, 0xef, 0x04, 0xef, 0x04, 0xef, 0x04,
  0xef, 0x04, 0xef, 0x04, 0xef, 0x04, 0xef, 0x04, 0xef, 0x04, 0xef, 0x04,
  0xef, 0x04, 0xef, 0x04, 0xef, 0x04, 0xef, 0x04, 0xef, 0x04, 0xef, 0x04,
  0xef, 0x04, 0xef, 0x04, 0xef, 0x04, 0xef, 0x04, 0xef, 0x04, 0xef, 0x04,
  0xef, 0x04, 0xef, 0x04, 0xef, 0x04, 0xef, 0x04, 0xef, 0x04, 0xef, 0x04,
  0xef, 0x04, 0xef, 0x04, 0xef, 0x04, 0xef, 0x04, 0xef, 0x04, 0xef, 0x04,
  0xef, 0x04, 0xef, 0x04, 0xef, 0x04, 0xef, 0x04, 0xef, 0x04, 0xef, 0x04,
  0xef, 0x04, 0xef, 0x04, 0xef, 0x04, 0xef, 0x04, 0xef, 0x04, 0xef, 0x04,
  0xef, 0x04, 0xef, 0x04, 0xef, 0x04, 0xef, 0x04, 0xef, 0x04, 0xef, 0x04,
  0xef, 0x04, 0xef, 0x04, 0xef, 0x04, 0xef, 0x04, 0xef, 0x04, 0xef, 0x04,
  0xef, 0x04, 0xef, 0x04, 0xef, 0x04, 0xef, 0x04, 0xef, 0x04, 0xef, 0x04,
  0xef, 0x04, 0xef, 0x04, 0xef, 0x04, 0xef, 0x04, 0xef, 0x04, 0xef, 0x04,
  0xef, 0x04, 0xef, 0x04, 0xef, 0x04, 0xef, 0x04, 0xef, 0x04, 0xef, 0x04,
  0xef, 0x04, 0xef, 0x04, 0xef, 0x04, 0xef, 0x04, 0xef, 0x04, 0xef, 0x04,
  0xef, 0x04, 0xef, 0x04, 0xef, 0x04, 0xef, 0x04, 0xef, 0x04, 0xef, 0x04,
  0xef, 0x04, 0xef, 0x04, 0xef, 0x04, 0xef, 0x04, 0xef, 0x04, 0xef, 0x04,
  0xef, 0x04, 0xef, 0x04, 0xef, 0x04, 0xef, 0x04, 0xef, 0x04, 0xef, 0x04,
  0xef, 0x04, 0xef, 0x04, 0xef, 0x04, 0xef, 0x04, 0xef, 0x04, 0xef, 0x04,
  0xef, 0x04, 0xef, 0x04, 0xef, 0x04, 0xef, 0x04, 0xef, 0x04, 0xef, 0x04,
  0xef, 0x04, 0xef, 0x04, 0xef, 0x04, 0xef, 0x04, 0xef, 0x04, 0xef, 0x04,
  0xef, 0x04, 0xef, 0x04, 0xef, 0x04, 0xef, 0x04, 0xef, 0x04, 0xef, 0x04,
  0xef, 0x04, 0xef, 0x04, 0xef, 0x04, 0xef, 0x04, 0xef, 0x04, 0xef, 0x04,
  0xef, 0x04, 0xef, 0x04, 0xef, 0x04, 0xef, 0x04, 0xef, 0x04, 0xef, 0x04,
  0xef, 0x04, 0xef, 0x04, 0xef, 0x04, 0xef, 0x04, 0xef, 0x04, 0xef, 0x04,
  0xef, 0x04, 0xef, 0x04, 0xef, 0x04, 0xef, 0x04, 0xef, 0x04, 0xef, 0x04,
  0xef, 0x04, 0xef, 0x04, 0xef, 0x04, 0xef, 0x04, 0xef, 0x04, 0xef, 0x04,
  0xef, 0x04, 0xef, 0x04, 0xef, 0x04, 0xef, 0x04, 0xef, 0x04, 0xef, 0x04,
  0xef, 0x04, 0xef, 0x04, 0xef, 0x04, 0xef, 0x04, 0xef, 0x04, 0xef, 0x04,
  0xef, 0x04, 0xef, 0x04, 0xef, 0x04, 0xef, 0x04, 0xef, 0x04, 0xef, 0x04,
  0xef, 0x04, 0xef, 0x04, 0xef, 0x04, 0xef, 0x04, 0xef, 0x04, 0xef, 0x04,
  0xef, 0x04, 0xef, 0x04, 0xef, 0x04, 0xef, 0x04, 0xef, 0x04, 0xef, 0x04,
  0xef, 0x04, 0xef, 0x04, 0xef, 0x04, 0xef, 0x04, 0xef, 0x04, 0xef, 0x04,
  0xef, 0x04, 0xef, 0x04, 0xef, 0x04, 0xef, 0x04, 0xef, 0x04, 0xef, 0x04,
  0xef, 0x04, 0xef, 0x04, 0xef, 0x04, 0xef, 0x04, 0xef, 0x04, 0xef, 0x04,
  0xef, 0x04, 0xef, 0x04, 0xef, 0x04, 0xef, 0x04, 0xef, 0x04, 0xef, 0x04,
  0xef, 0x04, 0xef, 0x04, 0xef, 0x04, 0xef, 0x04, 0xef, 0x04, 0xef, 0x04,
  0xef, 0x04, 0xef, 0x04, 0xef, 0x04, 0xef, 0x04, 0xef, 0x04, 0xef, 0x04,
  0xef, 0x04, 0xef, 0x04, 0xef, 0x04, 0xef, 0x04, 0xef, 0x04, 0xef, 0x04,
  0xef, 0x04, 0xef, 0x04, 0xef, 0x04, 0xef, 0x04, 0xef, 0x04, 0xef, 0x04,
  0xef, 0x04, 0xef, 0x04, 0xef, 0x04, 0xef, 0x04, 0xef, 0x04, 0xef, 0x04,
  0xef, 0x04, 0xef, 0x04, 0xef, 0x04, 0xef, 0x04, 0xef, 0x04, 0xef, 0x04,
  0xef, 0x04, 0xef, 0x04, 0xef, 0x04, 0xef, 0x04, 0xef, 0x04, 0xef, 0x04,
  0xef, 0x04, 0xef, 0x04, 0xef, 0x04, 0xef, 0x04, 0xef, 0x04, 0xef, 0x04,
  0xef, 0x04, 0xef, 0x04, 0xef, 0x04, 0xef, 0x04, 0xef, 0x04, 0xef, 0x04,
  0xef, 0x04, 0xef, 0x04, 0xef, 0x04, 0xef, 0x04, 0xef, 0x04, 0xef, 0x04,
  0xef, 0x04, 0xef, 0x04, 0xef, 0x04, 0xef, 0x04, 0xef, 0x04, 0xef, 0x04,
  0xef, 0x04, 0xef, 0x04, 0xef, 0x04, 0xef, 0x04, 0xef, 0x04, 0xef, 0x04,
  0xef, 0x04, 0xef, 0x04, 0xef, 0x04, 0xef, 0x04, 0xef, 0x04, 0xef, 0x04,
  0xef, 0x04, 0xef, 0x04, 0xff, 0x04, 0xff, 0x04, 0xef, 0x04, 0xef, 0x04,
  0xef, 0x04, 0xef, 0x04, 0xef, 0x04, 0xef, 0x04, 0xef, 0x04, 0xff, 0x04,
  0xff, 0x04, 0xef, 0x04, 0xef, 0x04, 0xef, 0x04, 0xef, 0x04, 0xef, 0x04,
  0xef, 0x04, 0xef, 0x04, 0xff, 0x04, 0xff, 0x04, 0xef, 0x04, 0xef, 0x04,
  0xff, 0x04, 0xff, 0x04, 0xff, 0x04, 0xef, 0x04, 0xef, 0x04, 0xef, 0x04,
  0xef, 0x04, 0xef, 0x04, 0xef, 0x04, 0xff, 0x04, 0xff, 0x04, 0xff, 0x04,
  0xef, 0x04, 0xef, 0x04, 0xef, 0x04, 0xef, 0x04, 0xef, 0x04, 0xef, 0x04,
  0xef, 0x04, 0xff, 0x04, 0xff, 0x04, 0xef, 0x04, 0xef, 0x04, 0xff, 0x04,
  0xff, 0x04, 0xff, 0x04, 0xef, 0x04, 0xef, 0x04, 0xff, 0x04, 0xff, 0x04,
  0xef, 0x04, 0xef, 0x04, 0xef, 0x04, 0xef, 0x04, 0xef, 0x04, 0xef, 0x04,
  0xef, 0x04, 0xef, 0x04, 0xef, 0x04, 0xef, 0x04, 0xef, 0x04, 0xef, 0x04,
  0xef, 0x04, 0xef, 0x04, 0xef, 0x04, 0xef, 0x04, 0xef, 0x04, 0xef, 0x04,
  0xef, 0x04, 0xef, 0x04, 0xef, 0x04, 0xef, 0x04, 0xef, 0x04, 0xef, 0x04,
  0xef, 0x04, 0xef, 0x04, 0xef, 0x04, 0xef, 0x04, 0xef, 0x04, 0xef, 0x04,
  0xef, 0x04, 0xef, 0x04, 0xef, 0x04, 0xef, 0x04, 0xef, 0x04, 0xef, 0x04,
  0xef, 0x04, 0xef, 0x04, 0xef, 0x04, 0xef, 0x04, 0xef, 0x04, 0xef, 0x04,
  0xef, 0x04, 0xef, 0x04, 0xef, 0x04, 0xef, 0x04, 0xef, 0x04, 0xef, 0x04,
  0xef, 0x04, 0xef, 0x04, 0xef, 0x04, 0xef, 0x04, 0xef, 0x04, 0xef, 0x04,
  0xef, 0x04, 0xef, 0x04, 0xef, 0x04, 0xef, 0x04, 0xef, 0x04, 0xef, 0x04,
  0xef, 0x04, 0xef, 0x04, 0xef, 0x04, 0xef, 0x04, 0xef, 0x04, 0xef, 0x04,
  0xef, 0x04, 0xef, 0x04, 0xef, 0x04, 0xef, 0x04, 0xef, 0x04, 0xef, 0x04,
  0xef, 0x04, 0xef, 0x04, 0xef, 0x04, 0xef, 0x04, 0xef, 0x04, 0xef, 0x04,
  0xef, 0x04, 0xef, 0x04, 0xef, 0x04, 0xef, 0x04, 0xef, 0x04, 0xef, 0x04,
  0xef, 0x04, 0xef, 0x04, 0xef, 0x04, 0xef, 0x04, 0xef, 0x04, 0xef, 0x04,
  0xef, 0x04, 0xef, 0x04, 0xef, 0x04, 0xef, 0x04, 0xef, 0x04, 0xef, 0x04,
  0xef, 0x04, 0xef, 0x04, 0xef, 0x04, 0xef, 0x04, 0xef, 0x04, 0xef, 0x04,
  0xde, 0x03, 0xdd, 0x03, 0xff, 0x04, 0xdd, 0x03, 0xee, 0x03, 0xcc, 0x03,
  0xab, 0x02, 0xab, 0x02, 0xbc, 0x03, 0xee, 0x03, 0xcd, 0x03, 0xff, 0x04,
  0xdd, 0x03, 0xde, 0x03, 0xcc, 0x03, 0xaa, 0x02, 0xab, 0x02, 0xbc, 0x03,
  0xef, 0x04, 0xef, 0x04, 0xef, 0x04, 0xef, 0x04, 0xef, 0x04, 0xef, 0x04,
  0xbb, 0x02, 0xaa, 0x02, 0xdd, 0x03, 0xef, 0x04, 0xab, 0x02, 0xab, 0x02,
  0xaa, 0x02, 0xdd, 0x03, 0xdd, 0x03, 0xde, 0x03, 0xff, 0x04, 0xcc, 0x03,
  0xef, 0x04, 0xbb, 0x02, 0xab, 0x02, 0xbb, 0x03, 0xef, 0x04, 0xdd, 0x03,
  0xde, 0x03, 0xff, 0x04, 0xcd, 0x03, 0xef, 0x04, 0xde, 0x03, 0xaa, 0x02,
  0xaa, 0x02, 0xcd, 0x03, 0xde, 0x03, 0xaa, 0x02, 0xab, 0x02, 0xab, 0x02,
  0xef, 0x04, 0xbc, 0x03, 0xab, 0x02, 0xab, 0x02, 0xee, 0x03, 0xef, 0x04,
  0xef, 0x04, 0xef, 0x04, 0xef, 0x04, 0xef, 0x04, 0xef, 0x04, 0xef, 0x04,
  0xef, 0x04, 0xef, 0x04, 0xef, 0x04, 0xef, 0x04, 0xef, 0x04, 0xef, 0x04,
  0xef, 0x04, 0xef, 0x04, 0xef, 0x04, 0xef, 0x04, 0xef, 0x04, 0xef, 0x04,
  0xef, 0x04, 0xef, 0x04, 0xef, 0x04, 0xef, 0x04, 0xef, 0x04, 0xef, 0x04,
  0xef, 0x04, 0xef, 0x04, 0xef, 0x04, 0xef, 0x04, 0xef, 0x04, 0xef, 0x04,
  0xef, 0x04, 0xef, 0x04, 0xef, 0x04, 0xef, 0x04, 0xef, 0x04, 0xef, 0x04,
  0xef, 0x04, 0xef, 0x04, 0xef, 0x04, 0xef, 0x04, 0xef, 0x04, 0xef, 0x04,
  0xef, 0x04, 0xef, 0x04, 0xef, 0x04, 0xef, 0x04, 0xef, 0x04, 0xef, 0x04,
  0xef, 0x04, 0xef, 0x04, 0xef, 0x04, 0xef, 0x04, 0xef, 0x04, 0xef, 0x04,
  0xef, 0x04, 0xef, 0x04, 0xef, 0x04, 0xef, 0x04, 0xef, 0x04, 0xef, 0x04,
  0xef, 0x04, 0xef, 0x04, 0xef, 0x04, 0xef, 0x04, 0xef, 0x04, 0xef, 0x04,
  0xef, 0x04, 0xef, 0x04, 0xef, 0x04, 0xef, 0x04, 0xef, 0x04, 0xef, 0x04,
  0xef, 0x04, 0xef, 0x04, 0xef, 0x04, 0xef, 0x04, 0xef, 0x04, 0xef, 0x04,
  0xef, 0x04, 0xef, 0x04, 0xef, 0x04, 0xef, 0x04, 0xef, 0x04, 0xef, 0x04,
  0xef, 0x04, 0xef, 0x04, 0xef, 0x04, 0xef, 0x04, 0xef, 0x04, 0xef, 0x04,
  0xef, 0x04, 0xef, 0x04, 0xef, 0x04, 0xef, 0x04, 0xef, 0x04, 0xef, 0x04,
  0xef, 0x04, 0xef, 0x04, 0xef, 0x04, 0xef, 0x04, 0xcd, 0x03, 0xbc, 0x03,
  0xff, 0x04, 0xbb, 0x03, 0xdd, 0x03, 0xaa, 0x02, 0xde, 0x03, 0xde, 0x03,
  0xaa, 0x02, 0xde, 0x03, 0x88, 0x02, 0xbc, 0x03, 0x88, 0x02, 0xdd, 0x03,
  0xaa, 0x02, 0xdd, 0x03, 0xde, 0x03, 0xee, 0x03, 0xef, 0x04, 0xef, 0x04,
  0xef, 0x04, 0xef, 0x04, 0xff, 0x04, 0xbb, 0x03, 0xdd, 0x03, 0xee, 0x03,
  0xcd, 0x03, 0xde, 0x03, 0x9a, 0x02, 0xee, 0x04, 0xcc, 0x03, 0xbc, 0x03,
  0xbb, 0x03, 0x9a, 0x02, 0xbc, 0x03, 0x78, 0x01, 0xee, 0x03, 0x9a, 0x02,
  0xef, 0x04, 0xdd, 0x03, 0xbc, 0x03, 0xbc, 0x03, 0xdd, 0x03, 0xff, 0x04,
  0xab, 0x02, 0xde, 0x03, 0xef, 0x04, 0xcd, 0x03, 0xab, 0x02, 0xef, 0x04,
  0xcc, 0x03, 0xbc, 0x03, 0xee, 0x03, 0xde, 0x03, 0xef, 0x04, 0x9a, 0x02,
  0xee, 0x03, 0xde, 0x03, 0xab, 0x02, 0xef, 0x04, 0xef, 0x04, 0xef, 0x04,
  0xef, 0x04, 0xef, 0x04, 0xef, 0x04, 0xef, 0x04, 0xef, 0x04, 0xef, 0x04,
  0xef, 0x04, 0xef, 0x04, 0xef, 0x04, 0xef, 0x04, 0xef, 0x04, 0xef, 0x04,
  0xef, 0x04, 0xef, 0x04, 0xef, 0x04, 0xef, 0x04, 0xef, 0x04, 0xef, 0x04,
  0xef, 0x04, 0xef, 0x04, 0xef, 0x04, 0xef, 0x04, 0xef, 0x04, 0xef, 0x04,
  0xef, 0x04, 0xef, 0x04, 0xef, 0x04, 0xef, 0x04, 0xef, 0x04, 0xef, 0x04,
  0xef, 0x04, 0xef, 0x04, 0xef, 0x04, 0xef, 0x04, 0xef, 0x04, 0xef, 0x04,
  0xef, 0x04, 0xef, 0x04, 0xef, 0x04, 0xef, 0x04, 0xef, 0x04, 0xef, 0x04,
  0xef, 0x04, 0xef, 0x04, 0xef, 0x04, 0xef, 0x04, 0xef, 0x04, 0xef, 0x04,
  0xef, 0x04, 0xef, 0x04, 0xef, 0x04, 0xef, 0x04, 0xef, 0x04, 0xef, 0x04,
  0xef, 0x04, 0xef, 0x04, 0xef, 0x04, 0xef, 0x04, 0xef, 0x04, 0xef, 0x04,
  0xef, 0x04, 0xef, 0x04, 0xef, 0x04, 0xef, 0x04, 0xef, 0x04, 0xef, 0x04,
  0xef, 0x04, 0xef, 0x04, 0xef, 0x04, 0xef, 0x04, 0xef, 0x04, 0xef, 0x04,
  0xef, 0x04, 0xef, 0x04, 0xef, 0x04, 0xef, 0x04, 0xef, 0x04, 0xef, 0x04,
  0xef, 0x04, 0xef, 0x04, 0xef, 0x04, 0xef, 0x04, 0xef, 0x04, 0xef, 0x04,
  0xef, 0x04, 0xef, 0x04, 0xef, 0x04, 0xef, 0x04, 0xef, 0x04, 0xef, 0x04,
  0xef, 0x04, 0xef, 0x04, 0xef, 0x04, 0xef, 0x04, 0xef, 0x04, 0xef, 0x04,
  0xef, 0x04, 0xef, 0x04, 0xcd, 0x03, 0x88, 0x02, 0xab, 0x02, 0x78, 0x01,
  0xde, 0x03, 0xab, 0x02, 0xef, 0x04, 0xef, 0x04, 0xaa, 0x02, 0xdd, 0x03,
  0xbc, 0x03, 0xde, 0x03, 0xcc, 0x03, 0xdd, 0x03, 0xaa, 0x02, 0x99, 0x02,
  0xcc, 0x03, 0xff, 0x04, 0xef, 0x04, 0xef, 0x04, 0xef, 0x04, 0xef, 0x04,
  0xff, 0x04, 0xab, 0x02, 0xee, 0x03, 0xef, 0x04, 0xff, 0x04, 0xee, 0x03,
  0xab, 0x02, 0xff, 0x04, 0xdd, 0x03, 0xcc, 0x03, 0xbc, 0x03, 0xdd, 0x03,
  0xde, 0x03, 0xab, 0x02, 0xde, 0x03, 0x99, 0x02, 0xcd, 0x03, 0xbc, 0x03,
  0xcd, 0x03, 0xcc, 0x03, 0xdd, 0x03, 0xff, 0x04, 0xab, 0x02, 0xde, 0x03,
  0xff, 0x04, 0xdd, 0x03, 0xbc, 0x03, 0xff, 0x04, 0xcc, 0x03, 0x88, 0x02,
  0xab, 0x02, 0xef, 0x04, 0xef, 0x04, 0x99, 0x02, 0xcd, 0x03, 0xcc, 0x03,
  0xbb, 0x03, 0xef, 0x04, 0xef, 0x04, 0xef, 0x04, 0xef, 0x04, 0xef, 0x04,
  0xef, 0x04, 0xef, 0x04, 0xef, 0x04, 0xef, 0x04, 0xef, 0x04, 0xef, 0x04,
  0xef, 0x04, 0xef, 0x04, 0xef, 0x04, 0xef, 0x04, 0xef, 0x04, 0xef, 0x04,
  0xef, 0x04, 0xef, 0x04, 0xef, 0x04, 0xef, 0x04, 0xef, 0x04, 0xef, 0x04,
  0xef, 0x04, 0xef, 0x04, 0xef, 0x04, 0xef, 0x04, 0xef, 0x04, 0xef, 0x04,
  0xef, 0x04, 0xef, 0x04, 0xef, 0x04, 0xef, 0x04, 0xef, 0x04, 0xef, 0x04,
  0xef, 0x04, 0xef, 0x04, 0xef, 0x04, 0xef, 0x04, 0xef, 0x04, 0xef, 0x04,
  0xef, 0x04, 0xef, 0x04, 0xef, 0x04, 0xef, 0x04, 0xef, 0x04, 0xef, 0x04,
  0xef, 0x04, 0xef, 0x04, 0xef, 0x04, 0xef, 0x04, 0xef, 0x04, 0xef, 0x04,
  0xef, 0x04, 0xef, 0x04, 0xef, 0x04, 0xef, 0x04, 0xef, 0x04, 0xef, 0x04,
  0xef, 0x04, 0xef, 0x04, 0xef, 0x04, 0xef, 0x04, 0xef, 0x04, 0xef, 0x04,
  0xef, 0x04, 0xef, 0x04, 0xef, 0x04, 0xef, 0x04, 0xef, 0x04, 0xef, 0x04,
  0xef, 0x04, 0xef, 0x04, 0xef, 0x04, 0xef, 0x04, 0xef, 0x04, 0xef, 0x04,
  0xef, 0x04, 0xef, 0x04, 0xef, 0x04, 0xef, 0x04, 0xef, 0x04, 0xef, 0x04,
  0xef, 0x04, 0xef, 0x04, 0xef, 0x04, 0xef, 0x04, 0xef, 0x04, 0xef, 0x04,
  0xef, 0x04, 0xef, 0x04, 0xef, 0x04, 0xef, 0x04, 0xef, 0x04, 0xef, 0x04,
  0xef, 0x04, 0xef, 0x04, 0xef, 0x04, 0xef, 0x04, 0xef, 0x04, 0xef, 0x04,
  0xcd, 0x03, 0xcc, 0x03, 0xff, 0x04, 0xbc, 0x03, 0xdd, 0x03, 0xaa, 0x02,
  0xef, 0x04, 0xef, 0x04, 0xaa, 0x02, 0xdd, 0x03, 0xbc, 0x03, 0xff, 0x04,
  0xcc, 0x03, 0xcd, 0x03, 0xab, 0x02, 0xef, 0x04, 0xff, 0x04, 0xef, 0x04,
  0xef, 0x04, 0xef, 0x04, 0xef, 0x04, 0xef, 0x04, 0xff, 0x04, 0xab, 0x02,
  0xee, 0x03, 0xff, 0x04, 0xee, 0x03, 0xde, 0x03, 0xab, 0x02, 0xff, 0x04,
  0xdd, 0x03, 0xcc, 0x03, 0xbc, 0x03, 0xde, 0x03, 0xff, 0x04, 0xaa, 0x02,
  0xde, 0x03, 0x99, 0x02, 0xcd, 0x03, 0xcd, 0x03, 0xff, 0x04, 0xbc, 0x03,
  0xdd, 0x03, 0xff, 0x04, 0xab, 0x02, 0xde, 0x03, 0xff, 0x04, 0xdd, 0x03,
  0xbc, 0x03, 0xff, 0x04, 0xcc, 0x03, 0xcd, 0x03, 0xff, 0x04, 0xff, 0x04,
  0xef, 0x04, 0x99, 0x02, 0xbc, 0x03, 0x89, 0x02, 0xef, 0x04, 0xef, 0x04,
  0xef, 0x04, 0xef, 0x04, 0xef, 0x04, 0xef, 0x04, 0xef, 0x04, 0xef, 0x04,
  0xef, 0x04, 0xef, 0x04, 0xef, 0x04, 0xef, 0x04, 0xef, 0x04, 0xef, 0x04,
  0xef, 0x04, 0xef, 0x04, 0xef, 0x04, 0xef, 0x04, 0xef, 0x04, 0xef, 0x04,
  0xef, 0x04, 0xef, 0x04, 0xef, 0x04, 0xef, 0x04, 0xef, 0x04, 0xef, 0x04,
  0xef, 0x04, 0xef, 0x04, 0xef, 0x04, 0xef, 0x04, 0xef, 0x04, 0xef, 0x04,
  0xef, 0x04, 0xef, 0x04, 0xef, 0x04, 0xef, 0x04, 0xef, 0x04, 0xef, 0x04,
  0xef, 0x04, 0xef, 0x04, 0xef, 0x04, 0xef, 0x04, 0xef, 0x04, 0xef, 0x04,
  0xef, 0x04, 0xef, 0x04, 0xef, 0x04, 0xef, 0x04, 0xef, 0x04, 0xef, 0x04,
  0xef, 0x04, 0xef, 0x04, 0xef, 0x04, 0xef, 0x04, 0xef, 0x04, 0xef, 0x04,
  0xef, 0x04, 0xef, 0x04, 0xef, 0x04, 0xef, 0x04, 0xef, 0x04, 0xef, 0x04,
  0xef, 0x04, 0xef, 0x04, 0xef, 0x04, 0xef, 0x04, 0xef, 0x04, 0xef, 0x04,
  0xef, 0x04, 0xef, 0x04, 0xef, 0x04, 0xef, 0x04, 0xef, 0x04, 0xef, 0x04,
  0xef, 0x04, 0xef, 0x04, 0xef, 0x04, 0xef, 0x04, 0xef, 0x04, 0xef, 0x04,
  0xef, 0x04, 0xef, 0x04, 0xef, 0x04, 0xef, 0x04, 0xef, 0x04, 0xef, 0x04,
  0xef, 0x04, 0xef, 0x04, 0xef, 0x04, 0xef, 0x04, 0xef, 0x04, 0xef, 0x04,
  0xef, 0x04, 0xef, 0x04, 0xef, 0x04, 0xef, 0x04, 0xef, 0x04, 0xef, 0x04,
  0xef, 0x04, 0xef, 0x04, 0xef, 0x04, 0xef, 0x04, 0xcd, 0x03, 0xcc, 0x03,
  0xff, 0x04, 0xbc, 0x03, 0xde, 0x03, 0xaa, 0x02, 0xaa, 0x02, 0xaa, 0x02,
  0xaa, 0x02, 0xde, 0x03, 0xbc, 0x03, 0xff, 0x04, 0xcc, 0x03, 0xdd, 0x03,
  0xab, 0x02, 0xaa, 0x02, 0xab, 0x02, 0xbc, 0x03, 0xef, 0x04, 0xef, 0x04,
  0xef, 0x04, 0xef, 0x04, 0xef, 0x04, 0xdd, 0x03, 0xab, 0x02, 0xaa, 0x02,
  0xbc, 0x03, 0xee, 0x04, 0x88, 0x02, 0xab, 0x02, 0x99, 0x02, 0xcc, 0x03,
  0xbc, 0x03, 0xde, 0x03, 0xff, 0x04, 0xab, 0x02, 0xde, 0x03, 0xab, 0x02,
  0xff, 0x04, 0xef, 0x04, 0xef, 0x04, 0xde, 0x03, 0xab, 0x02, 0xab, 0x02,
  0xbb, 0x03, 0xef, 0x04, 0xef, 0x04, 0xdd, 0x03, 0xbc, 0x03, 0xff, 0x04,
  0xcd, 0x03, 0x99, 0x02, 0xab, 0x02, 0xab, 0x02, 0xee, 0x04, 0xab, 0x02,
  0xff, 0x04, 0xdd, 0x03, 0xcc, 0x03, 0xef, 0x04, 0xef, 0x04, 0xef, 0x04,
  0xef, 0x04, 0xef, 0x04, 0xef, 0x04, 0xef, 0x04, 0xef, 0x04, 0xef, 0x04,
  0xef, 0x04, 0xef, 0x04, 0xef, 0x04, 0xef, 0x04, 0xef, 0x04, 0xef, 0x04,
  0xef, 0x04, 0xef, 0x04, 0xef, 0x04, 0xef, 0x04, 0xef, 0x04, 0xef, 0x04,
  0xef, 0x04, 0xef, 0x04, 0xef, 0x04, 0xef, 0x04, 0xef, 0x04, 0xef, 0x04,
  0xef, 0x04, 0xef, 0x04, 0xef, 0x04, 0xef, 0x04, 0xef, 0x04, 0xef, 0x04,
  0xef, 0x04, 0xef, 0x04, 0xef, 0x04, 0xef, 0x04, 0xef, 0x04, 0xef, 0x04,
  0xef, 0x04, 0xef, 0x04, 0xef, 0x04, 0xef, 0x04, 0xef, 0x04, 0xef, 0x04,
  0xef, 0x04, 0xef, 0x04, 0xef, 0x04, 0xef, 0x04, 0xef, 0x04, 0xef, 0x04,
  0xef, 0x04, 0xef, 0x04, 0xef, 0x04, 0xef, 0x04, 0xef, 0x04, 0xef, 0x04,
  0xef, 0x04, 0xef, 0x04, 0xef, 0x04, 0xef, 0x04, 0xef, 0x04, 0xef, 0x04,
  0xef, 0x04, 0xef, 0x04, 0xef, 0x04, 0xef, 0x04, 0xef, 0x04, 0xef, 0x04,
  0xef, 0x04, 0xef, 0x04, 0xef, 0x04, 0xef, 0x04, 0xef, 0x04, 0xef, 0x04,
  0xef, 0x04, 0xef, 0x04, 0xef, 0x04, 0xef, 0x04, 0xef, 0x04, 0xef, 0x04,
  0xef, 0x04, 0xef, 0x04, 0xef, 0x04, 0xef, 0x04, 0xef, 0x04, 0xef, 0x04,
  0xef, 0x04, 0xef, 0x04, 0xef, 0x04, 0xef, 0x04, 0xef, 0x04, 0xef, 0x04,
  0xef, 0x04, 0xef, 0x04, 0xef, 0x04, 0xef, 0x04, 0xef, 0x04, 0xef, 0x04,
  0xef, 0x04, 0xef, 0x04, 0xef, 0x04, 0xef, 0x04, 0xef, 0x04, 0xef, 0x04,
  0xef, 0x04, 0xef, 0x04, 0xee, 0x03, 0xee, 0x03, 0xef, 0x04, 0xef, 0x04,
  0xef, 0x04, 0xef, 0x04, 0xef, 0x04, 0xef, 0x04, 0xef, 0x04, 0xee, 0x03,
  0xee, 0x03, 0xee, 0x03, 0xef, 0x04, 0xef, 0x04, 0xef, 0x04, 0xef, 0x04,
  0xef, 0x04, 0xef, 0x04, 0xee, 0x03, 0xee, 0x03, 0xef, 0x04, 0xef, 0x04,
  0xee, 0x03, 0xee, 0x03, 0xee, 0x03, 0xef, 0x04, 0xef, 0x04, 0xef, 0x04,
  0xef, 0x04, 0xef, 0x04, 0xef, 0x04, 0xef, 0x04, 0xef, 0x04, 0xef, 0x04,
  0xef, 0x04, 0xef, 0x04, 0xee, 0x03, 0xde, 0x03, 0xef, 0x04, 0xef, 0x04,
  0xef, 0x04, 0xef, 0x04, 0xef, 0x04, 0xef, 0x04, 0xef, 0x04, 0xee, 0x03,
  0xee, 0x03, 0xee, 0x03, 0xef, 0x04, 0xef, 0x04, 0xef, 0x04, 0xef, 0x04,
  0xef, 0x04, 0xef, 0x04, 0xef, 0x04, 0xef, 0x04, 0xef, 0x04, 0xef, 0x04,
  0xef, 0x04, 0xef, 0x04, 0xef, 0x04, 0xef, 0x04, 0xef, 0x04, 0xef, 0x04,
  0xef, 0x04, 0xef, 0x04, 0xef, 0x04, 0xef, 0x04, 0xef, 0x04, 0xef, 0x04,
  0xef, 0x04, 0xef, 0x04, 0xef, 0x04, 0xef, 0x04, 0xef, 0x04, 0xef, 0x04,
  0xef, 0x04, 0xef, 0x04, 0xef, 0x04, 0xef, 0x04, 0xef, 0x04, 0xef, 0x04,
  0xef, 0x04, 0xef, 0x04, 0xef, 0x04, 0xef, 0x04, 0xef, 0x04, 0xef, 0x04,
  0xef, 0x04, 0xef, 0x04, 0xef, 0x04, 0xef, 0x04, 0xef, 0x04, 0xef, 0x04,
  0xef, 0x04, 0xef, 0x04, 0xef, 0x04, 0xef, 0x04, 0xef, 0x04, 0xef, 0x04,
  0xef, 0x04, 0xef, 0x04, 0xef, 0x04, 0xef, 0x04, 0xef, 0x04, 0xef, 0x04,
  0xef, 0x04, 0xef, 0x04, 0xef, 0x04, 0xef, 0x04, 0xef, 0x04, 0xef, 0x04,
  0xef, 0x04, 0xef, 0x04, 0xef, 0x04, 0xef, 0x04, 0xef, 0x04, 0xef, 0x04,
  0xef, 0x04, 0xef, 0x04, 0xef, 0x04, 0xef, 0x04, 0xef, 0x04, 0xef, 0x04,
  0xef, 0x04, 0xef, 0x04, 0xef, 0x04, 0xef, 0x04, 0xef, 0x04, 0xef, 0x04,
  0xef, 0x04, 0xef, 0x04, 0xef, 0x04, 0xef, 0x04, 0xef, 0x04, 0xef, 0x04,
  0xef, 0x04, 0xef, 0x04, 0xef, 0x04, 0xef, 0x04, 0xef, 0x04, 0xef, 0x04,
  0xef, 0x04, 0xef, 0x04, 0xef, 0x04, 0xef, 0x04, 0xef, 0x04, 0xef, 0x04,
  0xef, 0x04, 0xef, 0x04, 0xef, 0x04, 0xef, 0x04, 0xef, 0x04, 0xef, 0x04,
  0xef, 0x04, 0xef, 0x04, 0xef, 0x04, 0xef, 0x04, 0xef, 0x04, 0xef, 0x04,
  0xef, 0x04, 0xef, 0x04, 0xef, 0x04, 0xef, 0x04, 0xef, 0x04, 0xef, 0x04,
  0xef, 0x04, 0xef, 0x04, 0xef, 0x04, 0xef, 0x04, 0xef, 0x04, 0xef, 0x04,
  0xef, 0x04, 0xef, 0x04, 0xef, 0x04, 0xef, 0x04, 0xef, 0x04, 0xef, 0x04,
  0xef, 0x04, 0xef, 0x04, 0xef, 0x04, 0xef, 0x04, 0xef, 0x04, 0xef, 0x04,
  0xef, 0x04, 0xef, 0x04, 0xef, 0x04, 0xef, 0x04, 0xef, 0x04, 0xef, 0x04,
  0xef, 0x04, 0xef, 0x04, 0xef, 0x04, 0xef, 0x04, 0xef, 0x04, 0xef, 0x04,
  0xef, 0x04, 0xef, 0x04, 0xef, 0x04, 0xef, 0x04, 0xef, 0x04, 0xef, 0x04,
  0xef, 0x04, 0xef, 0x04, 0xef, 0x04, 0xef, 0x04, 0xef, 0x04, 0xef, 0x04,
  0xef, 0x04, 0xef, 0x04, 0xef, 0x04, 0xef, 0x04, 0xef, 0x04, 0xef, 0x04,
  0xef, 0x04, 0xef, 0x04, 0xef, 0x04, 0xef, 0x04, 0xef, 0x04, 0xef, 0x04,
  0xef, 0x04, 0xef, 0x04, 0xef, 0x04, 0xef, 0x04, 0xef, 0x04, 0xef, 0x04,
  0xef, 0x04, 0xef, 0x04, 0xef, 0x04, 0xef, 0x04, 0xef, 0x04, 0xef, 0x04,
  0xef, 0x04, 0xef, 0x04, 0xef, 0x04, 0xef, 0x04, 0xef, 0x04, 0xef, 0x04,
  0xef, 0x04, 0xef, 0x04, 0xef, 0x04, 0xef, 0x04, 0xef, 0x04, 0xef, 0x04,
  0xef, 0x04, 0xef, 0x04, 0xef, 0x04, 0xef, 0x04, 0xef, 0x04, 0xef, 0x04,
  0xef, 0x04, 0xef, 0x04, 0xef, 0x04, 0xef, 0x04, 0xef, 0x04, 0xef, 0x04,
  0xef, 0x04, 0xef, 0x04, 0xef, 0x04, 0xef, 0x04, 0xef, 0x04, 0xef, 0x04,
  0xef, 0x04, 0xef, 0x04, 0xef, 0x04, 0xef, 0x04, 0xef, 0x04, 0xef, 0x04,
  0xef, 0x04, 0xef, 0x04, 0xef, 0x04, 0xef, 0x04, 0xef, 0x04, 0xef, 0x04,
  0xef, 0x04, 0xef, 0x04, 0xef, 0x04, 0xef, 0x04, 0xef, 0x04, 0xef, 0x04,
  0xef, 0x04, 0xef, 0x04, 0xef, 0x04, 0xef, 0x04, 0xef, 0x04, 0xef, 0x04,
  0xef, 0x04, 0xef, 0x04, 0xef, 0x04, 0xef, 0x04, 0xef, 0x04, 0xef, 0x04,
  0xef, 0x04, 0xef, 0x04, 0xef, 0x04, 0xef, 0x04, 0xef, 0x04, 0xef, 0x04,
  0xef, 0x04, 0xef, 0x04, 0xef, 0x04, 0xef, 0x04, 0xef, 0x04, 0xef, 0x04,
  0xef, 0x04, 0xef, 0x04, 0xef, 0x04, 0xef, 0x04, 0xef, 0x04, 0xef, 0x04,
  0xef, 0x04, 0xef, 0x04, 0xef, 0x04, 0xef, 0x04, 0xef, 0x04, 0xef, 0x04,
  0xef, 0x04, 0xef, 0x04, 0xef, 0x04, 0xef, 0x04, 0xef, 0x04, 0xef, 0x04,
  0xef, 0x04, 0xef, 0x04, 0xef, 0x04, 0xef, 0x04, 0xef, 0x04, 0xef, 0x04,
  0xef, 0x04, 0xef, 0x04, 0xef, 0x04, 0xef, 0x04, 0xef, 0x04, 0xef, 0x04,
  0xef, 0x04, 0xef, 0x04, 0xef, 0x04, 0xef, 0x04, 0xef, 0x04, 0xef, 0x04,
  0xef, 0x04, 0xef, 0x04, 0xef, 0x04, 0xef, 0x04, 0xef, 0x04, 0xef, 0x04,
  0xef, 0x04, 0xef, 0x04, 0xef, 0x04, 0xef, 0x04, 0xef, 0x04, 0xef, 0x04,
  0xef, 0x04, 0xef, 0x04, 0xef, 0x04, 0xef, 0x04, 0xef, 0x04, 0xef, 0x04,
  0xef, 0x04, 0xef, 0x04, 0xef, 0x04, 0xef, 0x04, 0xef, 0x04, 0xef, 0x04,
  0xef, 0x04, 0xef, 0x04, 0xef, 0x04, 0xef, 0x04, 0xef, 0x04, 0xef, 0x04,
  0xef, 0x04, 0xef, 0x04, 0xef, 0x04, 0xef, 0x04, 0xef, 0x04, 0xef, 0x04,
  0xef, 0x04, 0xef, 0x04, 0xef, 0x04, 0xef, 0x04, 0xef, 0x04, 0xef, 0x04,
  0xef, 0x04, 0xef, 0x04, 0xef, 0x04, 0xef, 0x04, 0xef, 0x04, 0xef, 0x04,
  0xef, 0x04, 0xef, 0x04, 0xef, 0x04, 0xef, 0x04, 0xef, 0x04, 0xef, 0x04,
  0xef, 0x04, 0xef, 0x04, 0xef, 0x04, 0xef, 0x04, 0xef, 0x04, 0xef, 0x04,
  0xef, 0x04, 0xef, 0x04, 0xef, 0x04, 0xef, 0x04, 0xef, 0x04, 0xef, 0x04,
  0xef, 0x04, 0xef, 0x04, 0xef, 0x04, 0xef, 0x04, 0xef, 0x04, 0xef, 0x04,
  0xef, 0x04, 0xef, 0x04, 0xef, 0x04, 0xef, 0x04, 0xef, 0x04, 0xef, 0x04,
  0xef, 0x04, 0xef, 0x04, 0xef, 0x04, 0xef, 0x04, 0xef, 0x04, 0xef, 0x04,
  0xef, 0x04, 0xef, 0x04, 0xef, 0x04, 0xef, 0x04, 0xef, 0x04, 0xef, 0x04,
  0xef, 0x04, 0xef, 0x04, 0xef, 0x04, 0xef, 0x04, 0xef, 0x04, 0xef, 0x04,
  0xef, 0x04, 0xef, 0x04, 0xef, 0x04, 0xef, 0x04, 0xef, 0x04, 0xef, 0x04,
  0xef, 0x04, 0xef, 0x04, 0xef, 0x04, 0xef, 0x04, 0xef, 0x04, 0xef, 0x04,
  0xef, 0x04, 0xef, 0x04, 0xef, 0x04, 0xef, 0x04, 0xef, 0x04, 0xef, 0x04,
  0xef, 0x04, 0xef, 0x04, 0xef, 0x04, 0xef, 0x04, 0xef, 0x04, 0xef, 0x04,
  0xef, 0x04, 0xef, 0x04, 0xef, 0x04, 0xef, 0x04, 0xef, 0x04, 0xef, 0x04,
  0xef, 0x04, 0xef, 0x04, 0xef, 0x04, 0xef, 0x04, 0xef, 0x04, 0xef, 0x04,
  0xef, 0x04, 0xef, 0x04, 0xef, 0x04, 0xef, 0x04, 0xef, 0x04, 0xef, 0x04,
  0xef, 0x04, 0xef, 0x04, 0xef, 0x04, 0xef, 0x04, 0xef, 0x04, 0xef, 0x04,
  0xef, 0x04, 0xef, 0x04, 0xef, 0x04, 0xef, 0x04, 0xef, 0x04, 0xef, 0x04,
  0xef, 0x04, 0xef, 0x04, 0xef, 0x04, 0xef, 0x04, 0xef, 0x04, 0xef, 0x04,
  0xef, 0x04, 0xef, 0x04, 0xef, 0x04, 0xef, 0x04, 0xef, 0x04, 0xef, 0x04,
  0xef, 0x04, 0xef, 0x04, 0xef, 0x04, 0xef, 0x04, 0xef, 0x04, 0xef, 0x04,
  0xef, 0x04, 0xef, 0x04, 0xef, 0x04, 0xef, 0x04, 0xef, 0x04, 0xef, 0x04,
  0xef, 0x04, 0xef, 0x04, 0xef, 0x04, 0xef, 0x04, 0xef, 0x04, 0xef, 0x04,
  0xef, 0x04, 0xef, 0x04, 0xef, 0x04, 0xef, 0x04, 0xef, 0x04, 0xef, 0x04,
  0xef, 0x04, 0xef, 0x04, 0xef, 0x04, 0xef, 0x04, 0xef, 0x04, 0xef, 0x04,
  0xef, 0x04, 0xef, 0x04, 0xef, 0x04, 0xef, 0x04, 0xef, 0x04, 0xef, 0x04,
  0xef, 0x04, 0xef, 0x04, 0xef, 0x04, 0xef, 0x04, 0xef, 0x04, 0xef, 0x04,
  0xef, 0x04, 0xef, 0x04, 0xef, 0x04, 0xef, 0x04, 0xef, 0x04, 0xef, 0x04,
  0xef, 0x04, 0xef, 0x04, 0xef, 0x04, 0xef, 0x04, 0xef, 0x04, 0xef, 0x04,
  0xef, 0x04, 0xef, 0x04, 0xef, 0x04, 0xef, 0x04, 0xef, 0x04, 0xef, 0x04,
  0xef, 0x04, 0xef, 0x04, 0xef, 0x04, 0xef, 0x04, 0xef, 0x04, 0xef, 0x04,
  0xef, 0x04, 0xef, 0x04, 0xef, 0x04, 0xef, 0x04, 0xef, 0x04, 0xef, 0x04,
  0xef, 0x04, 0xef, 0x04, 0xef, 0x04, 0xef, 0x04, 0xef, 0x04, 0xef, 0x04,
  0xef, 0x04, 0xef, 0x04, 0xef, 0x04, 0xef, 0x04, 0xef, 0x04, 0xef, 0x04,
  0xef, 0x04, 0xef, 0x04, 0xef, 0x04, 0xef, 0x04, 0xef, 0x04, 0xef, 0x04,
  0xef, 0x04, 0xef, 0x04, 0xef, 0x04, 0xef, 0x04, 0xef, 0x04, 0xef, 0x04,
  0xef, 0x04, 0xef, 0x04, 0xef, 0x04, 0xef, 0x04, 0xef, 0x04, 0xef, 0x04,
  0xef, 0x04, 0xef, 0x04, 0xef, 0x04, 0xef, 0x04, 0xef, 0x04, 0xef, 0x04,
  0xef, 0x04, 0xef, 0x04, 0xef, 0x04, 0xef, 0x04, 0xef, 0x04, 0xef, 0x04,
  0xef, 0x04, 0xef, 0x04, 0xef, 0x04, 0xef, 0x04, 0xef, 0x04, 0xef, 0x04,
  0xef, 0x04, 0xef, 0x04, 0xef, 0x04, 0xef, 0x04, 0xef, 0x04, 0xef, 0x04,
  0xef, 0x04, 0xef, 0x04, 0xef, 0x04, 0xef, 0x04, 0xef, 0x04, 0xef, 0x04,
  0xef, 0x04, 0xef, 0x04, 0xef, 0x04, 0xef, 0x04, 0xef, 0x04, 0xef, 0x04,
  0xef, 0x04, 0xef, 0x04, 0xef, 0x04, 0xef, 0x04, 0xef, 0x04, 0xef, 0x04,
  0xef, 0x04, 0xef, 0x04, 0xef, 0x04, 0xef, 0x04, 0xef, 0x04, 0xef, 0x04,
  0xef, 0x04, 0xef, 0x04, 0xef, 0x04, 0xef, 0x04, 0xef, 0x04, 0xef, 0x04,
  0xef, 0x04, 0xef, 0x04, 0xef, 0x04, 0xef, 0x04, 0xef, 0x04, 0xef, 0x04,
  0xef, 0x04, 0xef, 0x04, 0xef, 0x04, 0xef, 0x04, 0xef, 0x04, 0xef, 0x04,
  0xef, 0x04, 0xef, 0x04, 0xef, 0x04, 0xef, 0x04, 0xef, 0x04, 0xef, 0x04,
  0xef, 0x04, 0xef, 0x04, 0xef, 0x04, 0xef, 0x04, 0xef, 0x04, 0xef, 0x04,
  0xef, 0x04, 0xef, 0x04, 0xef, 0x04, 0xef, 0x04, 0xef, 0x04, 0xef, 0x04,
  0xef, 0x04, 0xef, 0x04, 0xef, 0x04, 0xef, 0x04, 0xef, 0x04, 0xef, 0x04,
  0xef, 0x04, 0xef, 0x04, 0xef, 0x04, 0xef, 0x04, 0xef, 0x04, 0xef, 0x04,
  0xef, 0x04, 0xef, 0x04, 0xef, 0x04, 0xef, 0x04, 0xef, 0x04, 0xef, 0x04,
  0xef, 0x04, 0xef, 0x04, 0xef, 0x04, 0xef, 0x04, 0xef, 0x04, 0xef, 0x04,
  0xef, 0x04, 0xef, 0x04, 0xef, 0x04, 0xef, 0x04, 0xef, 0x04, 0xef, 0x04,
  0xef, 0x04, 0xef, 0x04, 0xef, 0x04, 0xef, 0x04, 0xef, 0x04, 0xef, 0x04,
  0xef, 0x04, 0xef, 0x04, 0xef, 0x04, 0xef, 0x04, 0xef, 0x04, 0xef, 0x04,
  0xef, 0x04, 0xef, 0x04, 0xef, 0x04, 0xef, 0x04, 0xef, 0x04, 0xef, 0x04,
  0xef, 0x04, 0xef, 0x04, 0xef, 0x04, 0xef, 0x04, 0xef, 0x04, 0xef, 0x04,
  0xef, 0x04, 0xef, 0x04, 0xef, 0x04, 0xef, 0x04, 0xef, 0x04, 0xef, 0x04,
  0xef, 0x04, 0xef, 0x04, 0xef, 0x04, 0xef, 0x04, 0xef, 0x04, 0xef, 0x04,
  0xef, 0x04, 0xef, 0x04, 0xef, 0x04, 0xef, 0x04, 0xef, 0x04, 0xef, 0x04,
  0xef, 0x04, 0xef, 0x04, 0xef, 0x04, 0xef, 0x04, 0xef, 0x04, 0xef, 0x04,
  0xef, 0x04, 0xef, 0x04, 0xef, 0x04, 0xef, 0x04, 0xef, 0x04, 0xef, 0x04,
  0xef, 0x04, 0xef, 0x04, 0xef, 0x04, 0xef, 0x04, 0xef, 0x04, 0xef, 0x04,
  0xef, 0x04, 0xef, 0x04, 0xef, 0x04, 0xef, 0x04, 0xef, 0x04, 0xef, 0x04,
  0xef, 0x04, 0xef, 0x04, 0xef, 0x04, 0xef, 0x04, 0xef, 0x04, 0xef, 0x04,
  0xef, 0x04, 0xef, 0x04, 0xef, 0x04, 0xef, 0x04, 0xef, 0x04, 0xef, 0x04,
  0xef, 0x04, 0xef, 0x04, 0xef, 0x04, 0xef, 0x04, 0xef, 0x04, 0xef, 0x04,
  0xef, 0x04, 0xef, 0x04, 0xef, 0x04, 0xef, 0x04, 0xef, 0x04, 0xef, 0x04,
  0xef, 0x04, 0xef, 0x04, 0xef, 0x04, 0xef, 0x04, 0xef, 0x04, 0xef, 0x04,
  0xef, 0x04, 0xef, 0x04, 0xef, 0x04, 0xef, 0x04, 0xef, 0x04, 0xef, 0x04,
  0xef, 0x04, 0xef, 0x04, 0xef, 0x04, 0xef, 0x04, 0xef, 0x04, 0xef, 0x04,
  0xef, 0x04, 0xef, 0x04, 0xef, 0x04, 0xef, 0x04, 0xef, 0x04, 0xef, 0x04,
  0xef, 0x04, 0xef, 0x04, 0xef, 0x04, 0xef, 0x04, 0xef, 0x04, 0xef, 0x04,
  0xef, 0x04, 0xef, 0x04, 0xef, 0x04, 0xef, 0x04, 0xef, 0x04, 0xef, 0x04,
  0xef, 0x04, 0xef, 0x04, 0xef, 0x04, 0xef, 0x04, 0xef, 0x04, 0xef, 0x04,
  0xef, 0x04, 0xef, 0x04, 0xef, 0x04, 0xef, 0x04, 0xef, 0x04, 0xef, 0x04,
  0xef, 0x04, 0xef, 0x04, 0xef, 0x04, 0xef, 0x04, 0xef, 0x04, 0xef, 0x04,
  0xef, 0x04, 0xef, 0x04, 0xef, 0x04, 0xef, 0x04, 0xef, 0x04, 0xef, 0x04,
  0xef, 0x04, 0xef, 0x04, 0xef, 0x04, 0xef, 0x04, 0xef, 0x04, 0xef, 0x04,
  0xef, 0x04, 0xef, 0x04, 0xef, 0x04, 0xef, 0x04, 0xef, 0x04, 0xef, 0x04,
  0xef, 0x04, 0xef, 0x04, 0xef, 0x04, 0xef, 0x04, 0xef, 0x04, 0xef, 0x04,
  0xef, 0x04, 0xef, 0x04, 0xef, 0x04, 0xef, 0x04, 0xef, 0x04, 0xef, 0x04,
  0xef, 0x04, 0xef, 0x04, 0xef, 0x04, 0xef, 0x04, 0xef, 0x04, 0xef, 0x04,
  0xef, 0x04, 0xef, 0x04, 0xef, 0x04, 0xef, 0x04, 0xef, 0x04, 0xef, 0x04,
  0xef, 0x04, 0xef, 0x04, 0xef, 0x04, 0xef, 0x04, 0xef, 0x04, 0xef, 0x04,
  0xef, 0x04, 0xef, 0x04, 0xef, 0x04, 0xef, 0x04, 0xef, 0x04, 0xef, 0x04,
  0xef, 0x04, 0xef, 0x04, 0xef, 0x04, 0xef, 0x04, 0xef, 0x04, 0xef, 0x04,
  0xef, 0x04, 0xef, 0x04, 0xef, 0x04, 0xef, 0x04, 0xef, 0x04, 0xef, 0x04,
  0xef, 0x04, 0xef, 0x04, 0xef, 0x04, 0xef, 0x04, 0xef, 0x04, 0xef, 0x04,
  0xef, 0x04, 0xef, 0x04, 0xef, 0x04, 0xef, 0x04, 0xef, 0x04, 0xef, 0x04,
  0xef, 0x04, 0xef, 0x04, 0xef, 0x04, 0xef, 0x04, 0xef, 0x04, 0xef, 0x04,
  0xef, 0x04, 0xef, 0x04, 0xef, 0x04, 0xef, 0x04, 0xef, 0x04, 0xef, 0x04,
  0xef, 0x04, 0xef, 0x04, 0xef, 0x04, 0xef, 0x04, 0xef, 0x04, 0xef, 0x04,
  0xef, 0x04, 0xef, 0x04, 0xef, 0x04, 0xef, 0x04, 0xef, 0x04, 0xef, 0x04,
  0xef, 0x04, 0xef, 0x04, 0xef, 0x04, 0xef, 0x04, 0xef, 0x04, 0xef, 0x04,
  0xef, 0x04, 0xef, 0x04, 0xef, 0x04, 0xef, 0x04, 0xef, 0x04, 0xef, 0x04,
  0xef, 0x04, 0xef, 0x04, 0xef, 0x04, 0xef, 0x04, 0xef, 0x04, 0xef, 0x04,
  0xef, 0x04, 0xef, 0x04, 0xef, 0x04, 0xef, 0x04, 0xef, 0x04, 0xef, 0x04,
  0xef, 0x04, 0xef, 0x04, 0xef, 0x04, 0xef, 0x04, 0xef, 0x04, 0xef, 0x04,
  0xef, 0x04, 0xef, 0x04, 0xef, 0x04, 0xef, 0x04, 0xef, 0x04, 0xef, 0x04,
  0xef, 0x04, 0xef, 0x04, 0xef, 0x04, 0xef, 0x04, 0xef, 0x04, 0xef, 0x04,
  0xef, 0x04, 0xef, 0x04, 0xef, 0x04, 0xef, 0x04, 0xef, 0x04, 0xef, 0x04,
  0xef, 0x04, 0xef, 0x04, 0xef, 0x04, 0xef, 0x04, 0xef, 0x04, 0xef, 0x04,
  0xef, 0x04, 0xef, 0x04, 0xef, 0x04, 0xef, 0x04, 0xef, 0x04, 0xef, 0x04,
  0xef, 0x04, 0xef, 0x04, 0xef, 0x04, 0xef, 0x04, 0xef, 0x04, 0xef, 0x04,
  0xef, 0x04, 0xef, 0x04, 0xef, 0x04, 0xef, 0x04, 0xef, 0x04, 0xef, 0x04,
  0xef, 0x04, 0xef, 0x04, 0xef, 0x04, 0xef, 0x04, 0xef, 0x04, 0xef, 0x04,
  0xef, 0x04, 0xef, 0x04, 0xef, 0x04, 0xef, 0x04, 0xef, 0x04, 0xef, 0x04,
  0xef, 0x04, 0xef, 0x04, 0xef, 0x04, 0xef, 0x04, 0xef, 0x04, 0xef, 0x04,
  0xef, 0x04, 0xef, 0x04, 0xef, 0x04, 0xef, 0x04, 0xef, 0x04, 0xef, 0x04,
  0xef, 0x04, 0xef, 0x04, 0xef, 0x04, 0xef, 0x04, 0xef, 0x04, 0xef, 0x04,
  0xef, 0x04, 0xef, 0x04, 0xef, 0x04, 0xef, 0x04, 0xef, 0x04, 0xef, 0x04,
  0xef, 0x04, 0xef, 0x04, 0xef, 0x04, 0xef, 0x04, 0xef, 0x04, 0xef, 0x04,
  0xef, 0x04, 0xef, 0x04, 0xef, 0x04, 0xef, 0x04, 0xef, 0x04, 0xef, 0x04,
  0xef, 0x04, 0xef, 0x04, 0xef, 0x04, 0xef, 0x04, 0xef, 0x04, 0xef, 0x04,
  0xef, 0x04, 0xef, 0x04, 0xef, 0x04, 0xef, 0x04, 0xef, 0x04, 0xef, 0x04,
  0xef, 0x04, 0xef, 0x04, 0xef, 0x04, 0xef, 0x04, 0xef, 0x04, 0xef, 0x04,
  0xef, 0x04, 0xef, 0x04, 0xef, 0x04, 0xef, 0x04, 0xef, 0x04, 0xef, 0x04,
  0xef, 0x04, 0xef, 0x04, 0xef, 0x04, 0xef, 0x04, 0xef, 0x04, 0xef, 0x04,
  0xef, 0x04, 0xef, 0x04, 0xef, 0x04, 0xef, 0x04, 0xef, 0x04, 0xef, 0x04,
  0xef, 0x04, 0xef, 0x04, 0xef, 0x04, 0xef, 0x04, 0xef, 0x04, 0xef, 0x04,
  0xef, 0x04, 0xef, 0x04, 0xef, 0x04, 0xef, 0x04, 0xef, 0x04, 0xef, 0x04,
  0xef, 0x04, 0xef, 0x04, 0xef, 0x04, 0xef, 0x04, 0xef, 0x04, 0xef, 0x04,
  0xef, 0x04, 0xef, 0x04, 0xef, 0x04, 0xef, 0x04, 0xef, 0x04, 0xef, 0x04,
  0xef, 0x04, 0xef, 0x04, 0xef, 0x04, 0xef, 0x04, 0xef, 0x04, 0xef, 0x04,
  0xef, 0x04, 0xef, 0x04, 0xef, 0x04, 0xef, 0x04, 0xef, 0x04, 0xef, 0x04,
  0xef, 0x04, 0xef, 0x04, 0xef, 0x04, 0xef, 0x04, 0xef, 0x04, 0xef, 0x04,
  0xef, 0x04, 0xef, 0x04, 0xef, 0x04, 0xef, 0x04, 0xef, 0x04, 0xef, 0x04,
  0xef, 0x04, 0xef, 0x04, 0xef, 0x04, 0xef, 0x04, 0xef, 0x04, 0xef, 0x04,
  0xef, 0x04, 0xef, 0x04, 0xef, 0x04, 0xef, 0x04, 0xef, 0x04, 0xef, 0x04,
  0xef, 0x04, 0xef, 0x04, 0xef, 0x04, 0xef, 0x04, 0xef, 0x04, 0xef, 0x04,
  0xef, 0x04, 0xef, 0x04, 0xef, 0x04, 0xef, 0x04, 0xef, 0x04, 0xef, 0x04,
  0xef, 0x04, 0xef, 0x04, 0xef, 0x04, 0xef, 0x04, 0xef, 0x04, 0xef, 0x04,
  0xef, 0x04, 0xef, 0x04, 0xef, 0x04, 0xef, 0x04, 0xef, 0x04, 0xef, 0x04,
  0xef, 0x04, 0xef, 0x04, 0xef, 0x04, 0xef, 0x04, 0xef, 0x04, 0xef, 0x04,
  0xef, 0x04, 0xef, 0x04, 0xef, 0x04, 0xef, 0x04, 0xef, 0x04, 0xef, 0x04,
  0xef, 0x04, 0xef, 0x04, 0xef, 0x04, 0xef, 0x04, 0xef, 0x04, 0xef, 0x04,
  0xef, 0x04, 0xef, 0x04, 0xef, 0x04, 0xef, 0x04, 0xef, 0x04, 0xef, 0x04,
  0xef, 0x04, 0xef, 0x04, 0xef, 0x04, 0xef, 0x04, 0xef, 0x04, 0xef, 0x04,
  0xef, 0x04, 0xef, 0x04, 0xef, 0x04, 0xef, 0x04, 0xef, 0x04, 0xef, 0x04,
  0xef, 0x04, 0xef, 0x04, 0xef, 0x04, 0xef, 0x04, 0xef, 0x04, 0xef, 0x04,
  0xef, 0x04, 0xef, 0x04, 0xef, 0x04, 0xef, 0x04, 0xef, 0x04, 0xef, 0x04,
  0xef, 0x04, 0xef, 0x04, 0xef, 0x04, 0xef, 0x04, 0xef, 0x04, 0xef, 0x04,
  0xef, 0x04, 0xef, 0x04, 0xef, 0x04, 0xef, 0x04, 0xef, 0x04, 0xef, 0x04,
  0xef, 0x04, 0xef, 0x04, 0xef, 0x04, 0xef, 0x04, 0xef, 0x04, 0xef, 0x04,
  0xef, 0x04, 0xef, 0x04, 0xef, 0x04, 0xef, 0x04, 0xef, 0x04, 0xef, 0x04,
  0xef, 0x04, 0xef, 0x04, 0xef, 0x04, 0xef, 0x04, 0xef, 0x04, 0xef, 0x04,
  0xef, 0x04, 0xef, 0x04, 0xef, 0x04, 0xef, 0x04, 0xef, 0x04, 0xef, 0x04,
  0xef, 0x04, 0xef, 0x04, 0xef, 0x04, 0xef, 0x04, 0xef, 0x04, 0xef, 0x04,
  0xef, 0x04, 0xef, 0x04, 0xef, 0x04, 0xef, 0x04, 0xef, 0x04, 0xef, 0x04,
  0xef, 0x04, 0xef, 0x04, 0xef, 0x04, 0xef, 0x04, 0xef, 0x04, 0xef, 0x04,
  0xef, 0x04, 0xef, 0x04, 0xef, 0x04, 0xef, 0x04, 0xef, 0x04, 0xef, 0x04,
  0xef, 0x04, 0xef, 0x04, 0xef, 0x04, 0xef, 0x04, 0xef, 0x04, 0xef, 0x04,
  0xef, 0x04, 0xef, 0x04, 0xef, 0x04, 0xef, 0x04, 0xef, 0x04, 0xef, 0x04,
  0xef, 0x04, 0xef, 0x04, 0xef, 0x04, 0xef, 0x04, 0xef, 0x04, 0xef, 0x04,
  0xef, 0x04, 0xef, 0x04, 0xef, 0x04, 0xef, 0x04, 0xef, 0x04, 0xef, 0x04,
  0xef, 0x04, 0xef, 0x04, 0xef, 0x04, 0xef, 0x04, 0xef, 0x04, 0xef, 0x04,
  0xef, 0x04, 0xef, 0x04, 0xef, 0x04, 0xef, 0x04, 0xef, 0x04, 0xef, 0x04,
  0xef, 0x04, 0xef, 0x04, 0xef, 0x04, 0xef, 0x04, 0xef, 0x04, 0xef, 0x04,
  0xef, 0x04, 0xef, 0x04, 0xef, 0x04, 0xef, 0x04, 0xef, 0x04, 0xef, 0x04,
  0xef, 0x04, 0xef, 0x04, 0xef, 0x04, 0xef, 0x04, 0xef, 0x04, 0xef, 0x04,
  0xef, 0x04, 0xef, 0x04, 0xef, 0x04, 0xef, 0x04, 0xef, 0x04, 0xef, 0x04,
  0xef, 0x04, 0xef, 0x04, 0xef, 0x04, 0xef, 0x04, 0xef, 0x04, 0xef, 0x04,
  0xef, 0x04, 0xef, 0x04, 0xef, 0x04, 0xef, 0x04, 0xef, 0x04, 0xef, 0x04,
  0xef, 0x04, 0xef, 0x04, 0xef, 0x04, 0xef, 0x04, 0xef, 0x04, 0xef, 0x04,
  0xef, 0x04, 0xef, 0x04, 0xef, 0x04, 0xef, 0x04, 0xef, 0x04, 0xef, 0x04,
  0xef, 0x04, 0xef, 0x04, 0xef, 0x04, 0xef, 0x04, 0xef, 0x04, 0xef, 0x04,
  0xef, 0x04, 0xef, 0x04, 0xef, 0x04, 0xef, 0x04, 0xef, 0x04, 0xef, 0x04,
  0xef, 0x04, 0xef, 0x04, 0xef, 0x04, 0xef, 0x04, 0xef, 0x04, 0xef, 0x04,
  0xef, 0x04, 0xef, 0x04, 0xef, 0x04, 0xef, 0x04, 0xef, 0x04, 0xef, 0x04,
  0xef, 0x04, 0xef, 0x04, 0xef, 0x04, 0xef, 0x04, 0xef, 0x04, 0xef, 0x04,
  0xef, 0x04, 0xef, 0x04, 0xef, 0x04, 0xef, 0x04, 0xef, 0x04, 0xef, 0x04,
  0xef, 0x04, 0xef, 0x04, 0xef, 0x04, 0xef, 0x04, 0xef, 0x04, 0xef, 0x04,
  0xef, 0x04, 0xef, 0x04, 0xef, 0x04, 0xef, 0x04, 0xef, 0x04, 0xef, 0x04,
  0xef, 0x04, 0xef, 0x04, 0xef, 0x04, 0xef, 0x04, 0xef, 0x04, 0xef, 0x04,
  0xef, 0x04, 0xef, 0x04, 0xef, 0x04, 0xef, 0x04, 0xef, 0x04, 0xef, 0x04,
  0xef, 0x04, 0xef, 0x04, 0xef, 0x04, 0xef, 0x04, 0xef, 0x04, 0xef, 0x04,
  0xef, 0x04, 0xef, 0x04, 0xef, 0x04, 0xef, 0x04, 0xef, 0x04, 0xef, 0x04,
  0xef, 0x04, 0xef, 0x04, 0xef, 0x04, 0xef, 0x04, 0xef, 0x04, 0xef, 0x04,
  0xef, 0x04, 0xef, 0x04, 0xef, 0x04, 0xef, 0x04, 0xef, 0x04, 0xef, 0x04,
  0xef, 0x04, 0xef, 0x04, 0xef, 0x04, 0xef, 0x04, 0xef, 0x04, 0xef, 0x04,
  0xef, 0x04, 0xef, 0x04, 0xef, 0x04, 0xef, 0x04, 0xef, 0x04, 0xef, 0x04,
  0xef, 0x04, 0xef, 0x04, 0xef, 0x04, 0xef, 0x04, 0xef, 0x04, 0xef, 0x04,
  0xef, 0x04, 0xef, 0x04, 0xef, 0x04, 0xef, 0x04, 0xef, 0x04, 0xef, 0x04,
  0xef, 0x04, 0xef, 0x04, 0xef, 0x04, 0xef, 0x04, 0xef, 0x04, 0xef, 0x04,
  0xef, 0x04, 0xef, 0x04, 0xef, 0x04, 0xef, 0x04, 0xef, 0x04, 0xef, 0x04,
  0xef, 0x04, 0xef, 0x04, 0xef, 0x04, 0xef, 0x04, 0xef, 0x04, 0xef, 0x04,
  0xef, 0x04, 0xef, 0x04, 0xef, 0x04, 0xef, 0x04, 0xef, 0x04, 0xef, 0x04,
  0xef, 0x04, 0xef, 0x04, 0xef, 0x04, 0xef, 0x04, 0xef, 0x04, 0xef, 0x04,
  0xef, 0x04, 0xef, 0x04, 0xef, 0x04, 0xef, 0x04, 0xef, 0x04, 0xef, 0x04,
  0xef, 0x04, 0xef, 0x04, 0xef, 0x04, 0xef, 0x04, 0xef, 0x04, 0xef, 0x04,
  0xef, 0x04, 0xef, 0x04, 0xef, 0x04, 0xef, 0x04, 0xef, 0x04, 0xef, 0x04,
  0xef, 0x04, 0xef, 0x04, 0xef, 0x04, 0xef, 0x04, 0xef, 0x04, 0xef, 0x04,
  0xef, 0x04, 0xef, 0x04, 0xef, 0x04, 0xef, 0x04, 0xef, 0x04, 0xef, 0x04,
  0xef, 0x04, 0xef, 0x04, 0xef, 0x04, 0xef, 0x04, 0xef, 0x04, 0xef, 0x04,
  0xef, 0x04, 0xef, 0x04, 0xef, 0x04, 0xef, 0x04, 0xef, 0x04, 0xef, 0x04,
  0xef, 0x04, 0xef, 0x04, 0xef, 0x04, 0xef, 0x04, 0xef, 0x04, 0xef, 0x04,
  0xef, 0x04, 0xef, 0x04, 0xef, 0x04, 0xef, 0x04, 0xef, 0x04, 0xef, 0x04,
  0xef, 0x04, 0xef, 0x04, 0xef, 0x04, 0xef, 0x04, 0xef, 0x04, 0xef, 0x04,
  0xef, 0x04, 0xef, 0x04, 0xef, 0x04, 0xef, 0x04, 0xef, 0x04, 0xef, 0x04,
  0xef, 0x04, 0xef, 0x04, 0xef, 0x04, 0xef, 0x04, 0xef, 0x04, 0xef, 0x04,
  0xef, 0x04, 0xef, 0x04, 0xef, 0x04, 0xef, 0x04, 0xef, 0x04, 0xef, 0x04,
  0xef, 0x04, 0xef, 0x04, 0xef, 0x04, 0xef, 0x04, 0xef, 0x04, 0xef, 0x04,
  0xef, 0x04, 0xef, 0x04, 0xef, 0x04, 0xef, 0x04, 0xef, 0x04, 0xef, 0x04,
  0xef, 0x04, 0xef, 0x04, 0xef, 0x04, 0xef, 0x04, 0xef, 0x04, 0xef, 0x04,
  0xef, 0x04, 0xef, 0x04, 0xef, 0x04, 0xef, 0x04, 0xef, 0x04, 0xef, 0x04,
  0xef, 0x04, 0xef, 0x04, 0xef, 0x04, 0xef, 0x04, 0xef, 0x04, 0xef, 0x04,
  0xef, 0x04, 0xef, 0x04, 0xef, 0x04, 0xef, 0x04, 0xef, 0x04, 0xef, 0x04,
  0xef, 0x04, 0xef, 0x04, 0xef, 0x04, 0xef, 0x04, 0xef, 0x04, 0xef, 0x04,
  0xef, 0x04, 0xef, 0x04, 0xef, 0x04, 0xef, 0x04, 0xef, 0x04, 0xef, 0x04,
  0xef, 0x04, 0xef, 0x04, 0xef, 0x04, 0xef, 0x04, 0xef, 0x04, 0xef, 0x04,
  0xef, 0x04, 0xef, 0x04, 0xef, 0x04, 0xef, 0x04, 0xef, 0x04, 0xef, 0x04,
  0xef, 0x04, 0xef, 0x04, 0xef, 0x04, 0xef, 0x04, 0xef, 0x04, 0xef, 0x04,
  0xef, 0x04, 0xef, 0x04, 0xef, 0x04, 0xef, 0x04, 0xef, 0x04, 0xef, 0x04,
  0xef, 0x04, 0xef, 0x04, 0xef, 0x04, 0xef, 0x04, 0xef, 0x04, 0xef, 0x04,
  0xef, 0x04, 0xef, 0x04, 0xef, 0x04, 0xef, 0x04, 0xef, 0x04, 0xef, 0x04,
  0xef, 0x04, 0xef, 0x04, 0xef, 0x04, 0xef, 0x04, 0xef, 0x04, 0xef, 0x04,
  0xef, 0x04, 0xef, 0x04, 0xef, 0x04, 0xef, 0x04, 0xef, 0x04, 0xef, 0x04,
  0xef, 0x04, 0xef, 0x04, 0xef, 0x04, 0xef, 0x04, 0xef, 0x04, 0xef, 0x04,
  0xef, 0x04, 0xef, 0x04, 0xef, 0x04, 0xef, 0x04, 0xef, 0x04, 0xef, 0x04,
  0xef, 0x04, 0xef, 0x04, 0xef, 0x04, 0xef, 0x04, 0xef, 0x04, 0xef, 0x04,
  0xef, 0x04, 0xef, 0x04, 0xef, 0x04, 0xef, 0x04, 0xef, 0x04, 0xef, 0x04,
  0xef, 0x04, 0xef, 0x04, 0xef, 0x04, 0xef, 0x04, 0xef, 0x04, 0xef, 0x04,
  0xef, 0x04, 0xef, 0x04, 0xef, 0x04, 0xef, 0x04, 0xef, 0x04, 0xef, 0x04,
  0xef, 0x04, 0xef, 0x04, 0xef, 0x04, 0xef, 0x04, 0xef, 0x04, 0xef, 0x04,
  0xef, 0x04, 0xef, 0x04, 0xef, 0x04, 0xef, 0x04, 0xef, 0x04, 0xef, 0x04,
  0xef, 0x04, 0xef, 0x04, 0xef, 0x04, 0xef, 0x04, 0xef, 0x04, 0xef, 0x04,
  0xef, 0x04, 0xef, 0x04, 0xef, 0x04, 0xef, 0x04, 0xef, 0x04, 0xef, 0x04,
  0xef, 0x04, 0xef, 0x04, 0xef, 0x04, 0xef, 0x04, 0xef, 0x04, 0xef, 0x04,
  0xef, 0x04, 0xef, 0x04, 0xef, 0x04, 0xef, 0x04, 0xef, 0x04, 0xef, 0x04,
  0xef, 0x04, 0xef, 0x04, 0xef, 0x04, 0xef, 0x04, 0xef, 0x04, 0xef, 0x04,
  0xef, 0x04, 0xef, 0x04, 0xef, 0x04, 0xef, 0x04, 0xef, 0x04, 0xef, 0x04,
  0xef, 0x04, 0xef, 0x04, 0xef, 0x04, 0xef, 0x04, 0xef, 0x04, 0xef, 0x04,
  0xef, 0x04, 0xef, 0x04, 0xef, 0x04, 0xef, 0x04, 0xef, 0x04, 0xef, 0x04,
  0xef, 0x04, 0xef, 0x04, 0xef, 0x04, 0xef, 0x04, 0xef, 0x04, 0xef, 0x04,
  0xef, 0x04, 0xef, 0x04, 0xef, 0x04, 0xef, 0x04, 0xef, 0x04, 0xef, 0x04,
  0xef, 0x04, 0xef, 0x04, 0xef, 0x04, 0xef, 0x04, 0xef, 0x04, 0xef, 0x04,
  0xef, 0x04, 0xef, 0x04, 0xef, 0x04, 0xef, 0x04, 0xef, 0x04, 0xef, 0x04,
  0xef, 0x04, 0xef, 0x04, 0xef, 0x04, 0xef, 0x04, 0xef, 0x04, 0xef, 0x04,
  0xef, 0x04, 0xef, 0x04, 0xef, 0x04, 0xef, 0x04, 0xef, 0x04, 0xef, 0x04,
  0xef, 0x04, 0xef, 0x04, 0xef, 0x04, 0xef, 0x04, 0xef, 0x04, 0xef, 0x04,
  0xef, 0x04, 0xef, 0x04, 0xef, 0x04, 0xef, 0x04, 0xef, 0x04, 0xef, 0x04,
  0xef, 0x04, 0xef, 0x04, 0xef, 0x04, 0xef, 0x04, 0xef, 0x04, 0xef, 0x04,
  0xef, 0x04, 0xef, 0x04, 0xef, 0x04, 0xef, 0x04, 0xef, 0x04, 0xef, 0x04,
  0xef, 0x04, 0xef, 0x04, 0xef, 0x04, 0xef, 0x04, 0xef, 0x04, 0xef, 0x04,
  0xef, 0x04, 0xef, 0x04, 0xef, 0x04, 0xef, 0x04, 0xef, 0x04, 0xef, 0x04,
  0xef, 0x04, 0xef, 0x04, 0xef, 0x04, 0xef, 0x04, 0xef, 0x04, 0xef, 0x04,
  0xef, 0x04, 0xef, 0x04, 0xef, 0x04, 0xef, 0x04, 0xef, 0x04, 0xef, 0x04,
  0xef, 0x04, 0xef, 0x04, 0xef, 0x04, 0xef, 0x04, 0xef, 0x04, 0xef, 0x04,
  0xef, 0x04, 0xef, 0x04, 0xef, 0x04, 0xef, 0x04, 0xef, 0x04, 0xef, 0x04,
  0xef, 0x04, 0xef, 0x04, 0xef, 0x04, 0xef, 0x04, 0xef, 0x04, 0xef, 0x04,
  0xef, 0x04, 0xef, 0x04, 0xef, 0x04, 0xef, 0x04, 0xef, 0x04, 0xef, 0x04,
  0xef, 0x04, 0xef, 0x04, 0xef, 0x04, 0xef, 0x04, 0xef, 0x04, 0xef, 0x04,
  0xef, 0x04, 0xef, 0x04, 0xef, 0x04, 0xef, 0x04, 0xef, 0x04, 0xef, 0x04,
  0xef, 0x04, 0xef, 0x04, 0xef, 0x04, 0xef, 0x04, 0xef, 0x04, 0xef, 0x04,
  0xef, 0x04, 0xef, 0x04, 0xef, 0x04, 0xef, 0x04, 0xef, 0x04, 0xef, 0x04,
  0xef, 0x04, 0xef, 0x04, 0xef, 0x04, 0xef, 0x04, 0xef, 0x04, 0xef, 0x04,
  0xef, 0x04, 0xef, 0x04, 0xef, 0x04, 0xef, 0x04, 0xef, 0x04, 0xef, 0x04,
  0xef, 0x04, 0xef, 0x04, 0xef, 0x04, 0xef, 0x04, 0xef, 0x04, 0xef, 0x04,
  0xef, 0x04, 0xef, 0x04, 0xef, 0x04, 0xef, 0x04, 0xef, 0x04, 0xef, 0x04,
  0xef, 0x04, 0xef, 0x04, 0xef, 0x04, 0xef, 0x04, 0xef, 0x04, 0xef, 0x04,
  0xef, 0x04, 0xef, 0x04, 0xef, 0x04, 0xef, 0x04, 0xef, 0x04, 0xef, 0x04,
  0xef, 0x04, 0xef, 0x04, 0xef, 0x04, 0xef, 0x04, 0xef, 0x04, 0xef, 0x04,
  0xef, 0x04, 0xef, 0x04, 0xef, 0x04, 0xef, 0x04, 0xef, 0x04, 0xef, 0x04,
  0xef, 0x04, 0xef, 0x04, 0xef, 0x04, 0xef, 0x04, 0xef, 0x04, 0xef, 0x04,
  0xef, 0x04, 0xef, 0x04, 0xef, 0x04, 0xef, 0x04, 0xef, 0x04, 0xef, 0x04,
  0xef, 0x04, 0xef, 0x04, 0xef, 0x04, 0xef, 0x04, 0xef, 0x04, 0xef, 0x04,
  0xef, 0x04, 0xef, 0x04, 0xef, 0x04, 0xef, 0x04, 0xef, 0x04, 0xef, 0x04,
  0xef, 0x04, 0xef, 0x04, 0xef, 0x04, 0xef, 0x04, 0xef, 0x04, 0xef, 0x04,
  0xef, 0x04, 0xef, 0x04, 0xef, 0x04, 0xef, 0x04, 0xef, 0x04, 0xef, 0x04,
  0xef, 0x04, 0xef, 0x04, 0xef, 0x04, 0xef, 0x04, 0xef, 0x04, 0xef, 0x04,
  0xef, 0x04, 0xef, 0x04, 0xef, 0x04, 0xef, 0x04, 0xef, 0x04, 0xef, 0x04,
  0xef, 0x04, 0xef, 0x04, 0xef, 0x04, 0xef, 0x04, 0xef, 0x04, 0xef, 0x04,
  0xef, 0x04, 0xef, 0x04, 0xef, 0x04, 0xef, 0x04, 0xef, 0x04, 0xef, 0x04,
  0xef, 0x04, 0xef, 0x04, 0xef, 0x04, 0xef, 0x04, 0xef, 0x04, 0xef, 0x04,
  0xef, 0x04, 0xef, 0x04, 0xef, 0x04, 0xef, 0x04, 0xef, 0x04, 0xef, 0x04,
  0xef, 0x04, 0xef, 0x04, 0xef, 0x04, 0xef, 0x04, 0xef, 0x04, 0xef, 0x04,
  0xef, 0x04, 0xef, 0x04, 0xef, 0x04, 0xef, 0x04, 0xef, 0x04, 0xef, 0x04,
  0xef, 0x04, 0xef, 0x04, 0xef, 0x04, 0xef, 0x04, 0xef, 0x04, 0xef, 0x04,
  0xef, 0x04, 0xef, 0x04, 0xef, 0x04, 0xef, 0x04, 0xef, 0x04, 0xef, 0x04,
  0xef, 0x04, 0xef, 0x04, 0xef, 0x04, 0xef, 0x04, 0xef, 0x04, 0xef, 0x04,
  0xef, 0x04, 0xef, 0x04, 0xef, 0x04, 0xef, 0x04, 0xef, 0x04, 0xef, 0x04,
  0xef, 0x04, 0xef, 0x04, 0xef, 0x04, 0xef, 0x04, 0xef, 0x04, 0xef, 0x04,
  0xef, 0x04, 0xef, 0x04, 0xef, 0x04, 0xef, 0x04, 0xef, 0x04, 0xef, 0x04,
  0xef, 0x04, 0xef, 0x04, 0xef, 0x04, 0xef, 0x04, 0xef, 0x04, 0xef, 0x04,
  0xef, 0x04, 0xef, 0x04, 0xef, 0x04, 0xef, 0x04, 0xef, 0x04, 0xef, 0x04,
  0xef, 0x04, 0xef, 0x04, 0xef, 0x04, 0xef, 0x04, 0xef, 0x04, 0xef, 0x04,
  0xef, 0x04, 0xef, 0x04, 0xef, 0x04, 0xef, 0x04, 0xef, 0x04, 0xef, 0x04,
  0xef, 0x04, 0xef, 0x04, 0xef, 0x04, 0xef, 0x04, 0xef, 0x04, 0xef, 0x04,
  0xef, 0x04, 0xef, 0x04, 0xef, 0x04, 0xef, 0x04, 0xef, 0x04, 0xef, 0x04,
  0xef, 0x04, 0xef, 0x04, 0xef, 0x04, 0xef, 0x04, 0xef, 0x04, 0xef, 0x04,
  0xef, 0x04, 0xef, 0x04, 0xef, 0x04, 0xef, 0x04, 0xef, 0x04, 0xef, 0x04,
  0xef, 0x04, 0xef, 0x04, 0xef, 0x04, 0xef, 0x04, 0xef, 0x04, 0xef, 0x04,
  0xef, 0x04, 0xef, 0x04, 0xef, 0x04, 0xef, 0x04, 0xef, 0x04, 0xef, 0x04,
  0xef, 0x04, 0xef, 0x04, 0xef, 0x04, 0xef, 0x04, 0xef, 0x04, 0xef, 0x04,
  0xef, 0x04, 0xef, 0x04, 0xef, 0x04, 0xef, 0x04, 0xef, 0x04, 0xef, 0x04,
  0xef, 0x04, 0xef, 0x04, 0xef, 0x04, 0xef, 0x04, 0xef, 0x04, 0xef, 0x04,
  0xef, 0x04, 0xef, 0x04, 0xef, 0x04, 0xef, 0x04, 0xef, 0x04, 0xef, 0x04,
  0xef, 0x04, 0xef, 0x04, 0xef, 0x04, 0xef, 0x04, 0xef, 0x04, 0xef, 0x04,
  0xef, 0x04, 0xef, 0x04, 0xef, 0x04, 0xef, 0x04, 0xef, 0x04, 0xef, 0x04,
  0xef, 0x04, 0xef, 0x04, 0xef, 0x04, 0xef, 0x04, 0xef, 0x04, 0xef, 0x04,
  0xef, 0x04, 0xef, 0x04, 0xef, 0x04, 0xef, 0x04, 0xef, 0x04, 0xef, 0x04,
  0xef, 0x04, 0xef, 0x04, 0xef, 0x04, 0xef, 0x04, 0xef, 0x04, 0xef, 0x04,
  0xef, 0x04, 0xef, 0x04, 0xef, 0x04, 0xef, 0x04, 0xef, 0x04, 0xef, 0x04,
  0xef, 0x04, 0xef, 0x04, 0xef, 0x04, 0xef, 0x04, 0xef, 0x04, 0xef, 0x04,
  0xef, 0x04, 0xef, 0x04, 0xef, 0x04, 0xef, 0x04, 0xef, 0x04, 0xef, 0x04,
  0xef, 0x04, 0xef, 0x04, 0xef, 0x04, 0xef, 0x04, 0xef, 0x04, 0xef, 0x04,
  0xef, 0x04, 0xef, 0x04, 0xef, 0x04, 0xef, 0x04, 0xef, 0x04, 0xef, 0x04,
  0xef, 0x04, 0xef, 0x04, 0xef, 0x04, 0xef, 0x04, 0xef, 0x04, 0xef, 0x04,
  0xef, 0x04, 0xef, 0x04, 0xef, 0x04, 0xef, 0x04, 0xef, 0x04, 0xef, 0x04,
  0xef, 0x04, 0xef, 0x04, 0xef, 0x04, 0xef, 0x04, 0xef, 0x04, 0xef, 0x04,
  0xef, 0x04, 0xef, 0x04, 0xef, 0x04, 0xef, 0x04, 0xef, 0x04, 0xef, 0x04,
  0xef, 0x04, 0xef, 0x04, 0xef, 0x04, 0xef, 0x04, 0xef, 0x04, 0xef, 0x04,
  0xef, 0x04, 0xef, 0x04, 0xef, 0x04, 0xef, 0x04, 0xef, 0x04, 0xef, 0x04,
  0xef, 0x04, 0xef, 0x04, 0xef, 0x04, 0xef, 0x04, 0xef, 0x04, 0xef, 0x04,
  0xef, 0x04, 0xef, 0x04, 0xef, 0x04, 0xef, 0x04, 0xef, 0x04, 0xef, 0x04,
  0xef, 0x04, 0xef, 0x04, 0xef, 0x04, 0xef, 0x04, 0xef, 0x04, 0xef, 0x04,
  0xef, 0x04, 0xef, 0x04, 0xef, 0x04, 0xef, 0x04, 0xef, 0x04, 0xef, 0x04,
  0xef, 0x04, 0xef, 0x04, 0xef, 0x04, 0xef, 0x04, 0xef, 0x04, 0xef, 0x04,
  0xef, 0x04, 0xef, 0x04, 0xef, 0x04, 0xef, 0x04, 0xef, 0x04, 0xef, 0x04,
  0xef, 0x04, 0xef, 0x04, 0xef, 0x04, 0xef, 0x04, 0xef, 0x04, 0xef, 0x04,
  0xef, 0x04, 0xef, 0x04, 0xef, 0x04, 0xef, 0x04, 0xef, 0x04, 0xef, 0x04,
  0xef, 0x04, 0xef, 0x04, 0xef, 0x04, 0xef, 0x04, 0xef, 0x04, 0xef, 0x04,
  0xef, 0x04, 0xef, 0x04, 0xef, 0x04, 0xef, 0x04, 0xef, 0x04, 0xef, 0x04,
  0xef, 0x04, 0xef, 0x04, 0xef, 0x04, 0xef, 0x04, 0xef, 0x04, 0xef, 0x04,
  0xef, 0x04, 0xef, 0x04, 0xef, 0x04, 0xef, 0x04, 0xef, 0x04, 0xef, 0x04,
  0xef, 0x04, 0xef, 0x04, 0xef, 0x04, 0xef, 0x04, 0xef, 0x04, 0xef, 0x04,
  0xef, 0x04, 0xef, 0x04, 0xef, 0x04, 0xef, 0x04, 0xef, 0x04, 0xef, 0x04,
  0xef, 0x04, 0xef, 0x04, 0xef, 0x04, 0xef, 0x04, 0xef, 0x04, 0xef, 0x04,
  0xef, 0x04, 0xef, 0x04, 0xef, 0x04, 0xef, 0x04, 0xef, 0x04, 0xef, 0x04,
  0xef, 0x04, 0xef, 0x04, 0xef, 0x04, 0xef, 0x04, 0xef, 0x04, 0xef, 0x04,
  0xef, 0x04, 0xef, 0x04, 0xef, 0x04, 0xef, 0x04, 0xef, 0x04, 0xef, 0x04,
  0xef, 0x04, 0xef, 0x04, 0xef, 0x04, 0xef, 0x04, 0xef, 0x04, 0xef, 0x04,
  0xef, 0x04, 0xef, 0x04, 0xef, 0x04, 0xef, 0x04, 0xef, 0x04, 0xef, 0x04,
  0xef, 0x04, 0xef, 0x04, 0xef, 0x04, 0xef, 0x04, 0xef, 0x04, 0xef, 0x04,
  0xef, 0x04, 0xef, 0x04, 0xef, 0x04, 0xef, 0x04, 0xef, 0x04, 0xef, 0x04,
  0xef, 0x04, 0xef, 0x04, 0xef, 0x04, 0xef, 0x04, 0xef, 0x04, 0xef, 0x04,
  0xef, 0x04, 0xef, 0x04, 0xef, 0x04, 0xef, 0x04, 0xef, 0x04, 0xef, 0x04,
  0xef, 0x04, 0xef, 0x04, 0xef, 0x04, 0xef, 0x04, 0xef, 0x04, 0xef, 0x04,
  0xef, 0x04, 0xef, 0x04, 0xef, 0x04, 0xef, 0x04, 0xef, 0x04, 0xef, 0x04,
  0xef, 0x04, 0xef, 0x04, 0xef, 0x04, 0xef, 0x04, 0xef, 0x04, 0xef, 0x04,
  0xef, 0x04, 0xef, 0x04, 0xef, 0x04, 0xef, 0x04, 0xef, 0x04, 0xef, 0x04,
  0xef, 0x04, 0xef, 0x04, 0xef, 0x04, 0xef, 0x04, 0xef, 0x04, 0xef, 0x04,
  0xef, 0x04, 0xef, 0x04, 0xef, 0x04, 0xef, 0x04, 0xef, 0x04, 0xef, 0x04,
  0xef, 0x04, 0xef, 0x04, 0xef, 0x04, 0xef, 0x04, 0xef, 0x04, 0xef, 0x04,
  0xef, 0x04, 0xef, 0x04, 0xef, 0x04, 0xef, 0x04, 0xef, 0x04, 0xef, 0x04,
  0xef, 0x04, 0xef, 0x04, 0xef, 0x04, 0xef, 0x04, 0xef, 0x04, 0xef, 0x04,
  0xef, 0x04, 0xef, 0x04, 0xef, 0x04, 0xef, 0x04, 0xef, 0x04, 0xef, 0x04,
  0xef, 0x04, 0xef, 0x04, 0xef, 0x04, 0xef, 0x04, 0xef, 0x04, 0xef, 0x04,
  0xef, 0x04, 0xef, 0x04, 0xef, 0x04, 0xef, 0x04, 0xef, 0x04, 0xef, 0x04,
  0xef, 0x04, 0xef, 0x04, 0xef, 0x04, 0xef, 0x04, 0xef, 0x04, 0xef, 0x04,
  0xef, 0x04, 0xef, 0x04, 0xef, 0x04, 0xef, 0x04, 0xef, 0x04, 0xef, 0x04,
  0xef, 0x04, 0xef, 0x04, 0xef, 0x04, 0xef, 0x04, 0xef, 0x04, 0xef, 0x04,
  0xef, 0x04, 0xef, 0x04, 0xef, 0x04, 0xef, 0x04, 0xef, 0x04, 0xef, 0x04,
  0xef, 0x04, 0xef, 0x04, 0xef, 0x04, 0xef, 0x04, 0xef, 0x04, 0xef, 0x04,
  0xef, 0x04, 0xef, 0x04, 0xef, 0x04, 0xef, 0x04, 0xef, 0x04, 0xef, 0x04,
  0xef, 0x04, 0xef, 0x04, 0xef, 0x04, 0xef, 0x04, 0xef, 0x04, 0xef, 0x04,
  0xef, 0x04, 0xef, 0x04, 0xef, 0x04, 0xef, 0x04, 0xef, 0x04, 0xef, 0x04,
  0xef, 0x04, 0xef, 0x04, 0xef, 0x04, 0xef, 0x04, 0xef, 0x04, 0xef, 0x04,
  0xef, 0x04, 0xef, 0x04, 0xef, 0x04, 0xef, 0x04, 0xef, 0x04, 0xef, 0x04,
  0xef, 0x04, 0xef, 0x04, 0xef, 0x04, 0xef, 0x04, 0xef, 0x04, 0xef, 0x04,
  0xef, 0x04, 0xef, 0x04, 0xef, 0x04, 0xef, 0x04, 0xef, 0x04, 0xef, 0x04,
  0xef, 0x04, 0xef, 0x04, 0xef, 0x04, 0xef, 0x04, 0xef, 0x04, 0xef, 0x04,
  0xef, 0x04, 0xef, 0x04, 0xef, 0x04, 0xef, 0x04, 0xef, 0x04, 0xef, 0x04,
  0xef, 0x04, 0xef, 0x04, 0xef, 0x04, 0xef, 0x04, 0xef, 0x04, 0xef, 0x04,
  0xef, 0x04, 0xef, 0x04, 0xef, 0x04, 0xef, 0x04, 0xef, 0x04, 0xef, 0x04,
  0xef, 0x04, 0xef, 0x04, 0xef, 0x04, 0xef, 0x04, 0xef, 0x04, 0xef, 0x04,
  0xef, 0x04, 0xef, 0x04, 0xef, 0x04, 0xef, 0x04, 0xef, 0x04, 0xef, 0x04,
  0xef, 0x04, 0xef, 0x04, 0xef, 0x04, 0xef, 0x04, 0xef, 0x04, 0xef, 0x04,
  0xef, 0x04, 0xef, 0x04, 0xef, 0x04, 0xef, 0x04, 0xef, 0x04, 0xef, 0x04,
  0xef, 0x04, 0xef, 0x04, 0xef, 0x04, 0xef, 0x04, 0xef, 0x04, 0xef, 0x04,
  0xef, 0x04, 0xef, 0x04, 0xef, 0x04, 0xef, 0x04, 0xef, 0x04, 0xef, 0x04,
  0xef, 0x04, 0xef, 0x04, 0xef, 0x04, 0xef, 0x04, 0xef, 0x04, 0xef, 0x04,
  0xef, 0x04, 0xef, 0x04, 0xef, 0x04, 0xef, 0x04, 0xef, 0x04, 0xef, 0x04,
  0xef, 0x04, 0xef, 0x04, 0xef, 0x04, 0xef, 0x04, 0xef, 0x04, 0xef, 0x04,
  0xef, 0x04, 0xef, 0x04, 0xef, 0x04, 0xef, 0x04, 0xef, 0x04, 0xef, 0x04,
  0xef, 0x04, 0xef, 0x04, 0xef, 0x04, 0xef, 0x04, 0xef, 0x04, 0xef, 0x04,
  0xef, 0x04, 0xef, 0x04, 0xef, 0x04, 0xef, 0x04, 0xef, 0x04, 0xef, 0x04,
  0xef, 0x04, 0xef, 0x04, 0xef, 0x04, 0xef, 0x04, 0xef, 0x04, 0xef, 0x04,
  0xef, 0x04, 0xef, 0x04, 0xef, 0x04, 0xef, 0x04, 0xef, 0x04, 0xef, 0x04,
  0xef, 0x04, 0xef, 0x04, 0xef, 0x04, 0xef, 0x04, 0xef, 0x04, 0xef, 0x04,
  0xef, 0x04, 0xef, 0x04, 0xef, 0x04, 0xef, 0x04, 0xef, 0x04, 0xef, 0x04,
  0xef, 0x04, 0xef, 0x04, 0xef, 0x04, 0xef, 0x04, 0xef, 0x04, 0xef, 0x04,
  0xef, 0x04, 0xef, 0x04, 0xef, 0x04, 0xef, 0x04, 0xef, 0x04, 0xef, 0x04,
  0xef, 0x04, 0xef, 0x04, 0xef, 0x04, 0xef, 0x04, 0xef, 0x04, 0xef, 0x04,
  0xef, 0x04, 0xef, 0x04, 0xef, 0x04, 0xef, 0x04, 0xef, 0x04, 0xef, 0x04,
  0xef, 0x04, 0xef, 0x04, 0xef, 0x04, 0xef, 0x04, 0xef, 0x04, 0xef, 0x04,
  0xef, 0x04, 0xef, 0x04, 0xef, 0x04, 0xef, 0x04, 0xef, 0x04, 0xef, 0x04,
  0xef, 0x04, 0xef, 0x04, 0xef, 0x04, 0xef, 0x04, 0xef, 0x04, 0xef, 0x04,
  0xef, 0x04, 0xef, 0x04, 0xef, 0x04, 0xef, 0x04, 0xef, 0x04, 0xef, 0x04,
  0xef, 0x04, 0xef, 0x04, 0xef, 0x04, 0xef, 0x04, 0xef, 0x04, 0xef, 0x04,
  0xef, 0x04, 0xef, 0x04, 0xef, 0x04, 0xef, 0x04, 0xef, 0x04, 0xef, 0x04,
  0xef, 0x04, 0xef, 0x04, 0xef, 0x04, 0xef, 0x04, 0xef, 0x04, 0xef, 0x04,
  0xef, 0x04, 0xef, 0x04, 0xef, 0x04, 0xef, 0x04, 0xef, 0x04, 0xef, 0x04,
  0xef, 0x04, 0xef, 0x04, 0xef, 0x04, 0xef, 0x04, 0xef, 0x04, 0xef, 0x04,
  0xef, 0x04, 0xef, 0x04, 0xef, 0x04, 0xef, 0x04, 0xef, 0x04, 0xef, 0x04,
  0xef, 0x04, 0xef, 0x04, 0xef, 0x04, 0xef, 0x04, 0xef, 0x04, 0xef, 0x04,
  0xef, 0x04, 0xef, 0x04, 0xef, 0x04, 0xef, 0x04, 0xef, 0x04, 0xef, 0x04,
  0xef, 0x04, 0xef, 0x04, 0xef, 0x04, 0xef, 0x04, 0xef, 0x04, 0xef, 0x04,
  0xef, 0x04, 0xef, 0x04, 0xef, 0x04, 0xef, 0x04, 0xef, 0x04, 0xef, 0x04,
  0xef, 0x04, 0xef, 0x04, 0xef, 0x04, 0xef, 0x04, 0xef, 0x04, 0xef, 0x04,
  0xef, 0x04, 0xef, 0x04, 0xef, 0x04, 0xef, 0x04, 0xef, 0x04, 0xef, 0x04,
  0xef, 0x04, 0xef, 0x04, 0xef, 0x04, 0xef, 0x04, 0xef, 0x04, 0xef, 0x04,
  0xef, 0x04, 0xef, 0x04, 0xef, 0x04, 0xef, 0x04, 0xef, 0x04, 0xef, 0x04,
  0xef, 0x04, 0xef, 0x04, 0xef, 0x04, 0xef, 0x04, 0xef, 0x04, 0xef, 0x04,
  0xef, 0x04, 0xef, 0x04, 0xef, 0x04, 0xef, 0x04, 0xef, 0x04, 0xef, 0x04,
  0xef, 0x04, 0xff, 0x04, 0xbc, 0x03, 0x9a, 0x02, 0xaa, 0x02, 0xcd, 0x03,
  0xef, 0x04, 0x99, 0x02, 0xaa, 0x02, 0x9a, 0x02, 0xdd, 0x03, 0xee, 0x03,
  0xaa, 0x02, 0x9a, 0x02, 0xcc, 0x03, 0xef, 0x04, 0x9a, 0x02, 0x99, 0x02,
  0xab, 0x02, 0xee, 0x03, 0xef, 0x04, 0xbb, 0x03, 0xff, 0x04, 0xbc, 0x03,
  0xee, 0x03, 0xef, 0x04, 0xef, 0x04, 0xef, 0x04, 0xef, 0x04, 0xcd, 0x03,
  0x99, 0x02, 0xaa, 0x02, 0xbc, 0x03, 0xef, 0x04, 0xaa, 0x02, 0x9a, 0x02,
  0xaa, 0x02, 0xde, 0x03, 0xde, 0x03, 0x99, 0x02, 0xaa, 0x02, 0xaa, 0x02,
  0xee, 0x03, 0xdd, 0x03, 0xaa, 0x02, 0xaa, 0x02, 0xdd, 0x03, 0xef, 0x04,
  0xbb, 0x03, 0xaa, 0x02, 0xbb, 0x02, 0xef, 0x04, 0xef, 0x04, 0xef, 0x04,
  0xef, 0x04, 0xef, 0x04, 0xef, 0x04, 0xbc, 0x03, 0x9a, 0x02, 0xab, 0x02,
  0xef, 0x04, 0xbc, 0x03, 0xdd, 0x03, 0xff, 0x04, 0xbb, 0x03, 0xef, 0x04,
  0xcc, 0x03, 0xde, 0x03, 0xde, 0x03, 0xcc, 0x03, 0xef, 0x04, 0xef, 0x04,
  0xef, 0x04, 0xef, 0x04, 0xef, 0x04, 0xbc, 0x03, 0xef, 0x04, 0xbc, 0x03,
  0xef, 0x04, 0xcd, 0x03, 0x99, 0x02, 0xaa, 0x02, 0xaa, 0x02, 0xef, 0x04,
  0xdd, 0x03, 0xdd, 0x03, 0xef, 0x04, 0xbc, 0x03, 0xef, 0x04, 0xef, 0x04,
  0xef, 0x04, 0xef, 0x04, 0xef, 0x04, 0xee, 0x03, 0x9a, 0x02, 0x89, 0x02,
  0xcc, 0x03, 0xde, 0x03, 0x99, 0x02, 0xaa, 0x02, 0x89, 0x02, 0xde, 0x03,
  0xef, 0x04, 0xef, 0x04, 0xef, 0x04, 0xef, 0x04, 0xee, 0x03, 0x89, 0x02,
  0xaa, 0x02, 0xbb, 0x03, 0xef, 0x04, 0xbb, 0x03, 0x9a, 0x02, 0xaa, 0x02,
  0xbb, 0x03, 0xef, 0x04, 0xbc, 0x03, 0x9a, 0x02, 0xab, 0x02, 0xee, 0x03,
  0xef, 0x04, 0xab, 0x02, 0x88, 0x02, 0xbb, 0x02, 0xee, 0x04, 0xab, 0x02,
  0xef, 0x04, 0xde, 0x03, 0xcc, 0x03, 0xef, 0x04, 0xef, 0x04, 0xef, 0x04,
  0xef, 0x04, 0xef, 0x04, 0xef, 0x04, 0xef, 0x04, 0xef, 0x04, 0xef, 0x04,
  0xef, 0x04, 0xef, 0x04, 0xef, 0x04, 0xef, 0x04, 0xef, 0x04, 0xef, 0x04,
  0xef, 0x04, 0xef, 0x04, 0xef, 0x04, 0xef, 0x04, 0xef, 0x04, 0xef, 0x04,
  0xef, 0x04, 0xef, 0x04, 0xef, 0x04, 0xef, 0x04, 0xef, 0x04, 0xef, 0x04,
  0xef, 0x04, 0xef, 0x04, 0xef, 0x04, 0xef, 0x04, 0xef, 0x04, 0xff, 0x04,
  0xab, 0x02, 0xee, 0x03, 0xff, 0x04, 0xaa, 0x02, 0xde, 0x03, 0x9a, 0x02,
  0xde, 0x03, 0xef, 0x04, 0xff, 0x04, 0xbb, 0x02, 0xde, 0x03, 0xff, 0x04,
  0xaa, 0x02, 0xef, 0x04, 0xbc, 0x03, 0xdd, 0x03, 0xde, 0x03, 0xbb, 0x02,
  0xef, 0x04, 0xaa, 0x02, 0xef, 0x04, 0xab, 0x02, 0xee, 0x03, 0xef, 0x04,
  0xff, 0x04, 0xff, 0x04, 0xff, 0x04, 0xcc, 0x03, 0xcd, 0x03, 0xff, 0x04,
  0xbb, 0x02, 0xde, 0x03, 0xaa, 0x02, 0xff, 0x04, 0xef, 0x04, 0xaa, 0x02,
  0xdd, 0x03, 0xbb, 0x02, 0xde, 0x03, 0xef, 0x04, 0xef, 0x04, 0xaa, 0x02,
  0xdd, 0x03, 0xde, 0x03, 0xde, 0x03, 0xde, 0x03, 0xbb, 0x02, 0xde, 0x03,
  0xdd, 0x03, 0xee, 0x03, 0xef, 0x04, 0xef, 0x04, 0xef, 0x04, 0xef, 0x04,
  0xde, 0x03, 0xbb, 0x03, 0xff, 0x04, 0xcd, 0x03, 0xcc, 0x03, 0xab, 0x02,
  0xaa, 0x02, 0xde, 0x03, 0xaa, 0x02, 0xef, 0x04, 0xbc, 0x03, 0xdd, 0x03,
  0xcd, 0x03, 0xbc, 0x03, 0xff, 0x04, 0xef, 0x04, 0xef, 0x04, 0xef, 0x04,
  0xef, 0x04, 0x9a, 0x02, 0xbc, 0x03, 0xde, 0x03, 0xff, 0x04, 0xbc, 0x03,
  0xbc, 0x03, 0xde, 0x03, 0xef, 0x04, 0xef, 0x04, 0xcd, 0x03, 0xcc, 0x03,
  0xde, 0x03, 0xbb, 0x02, 0xff, 0x04, 0xef, 0x04, 0xef, 0x04, 0xef, 0x04,
  0xef, 0x04, 0xef, 0x04, 0xde, 0x03, 0xab, 0x02, 0xff, 0x04, 0xcd, 0x03,
  0xcc, 0x03, 0xff, 0x04, 0xbc, 0x03, 0xdd, 0x03, 0xef, 0x04, 0xef, 0x04,
  0xef, 0x04, 0xef, 0x04, 0xff, 0x04, 0xaa, 0x02, 0xdd, 0x03, 0xbc, 0x03,
  0xdd, 0x03, 0xaa, 0x02, 0xcd, 0x03, 0xee, 0x03, 0xef, 0x04, 0xde, 0x03,
  0xab, 0x02, 0xff, 0x04, 0xef, 0x04, 0xee, 0x03, 0xef, 0x04, 0xef, 0x04,
  0xaa, 0x02, 0xef, 0x04, 0xee, 0x03, 0x89, 0x02, 0xbc, 0x03, 0xdd, 0x03,
  0xbc, 0x03, 0xff, 0x04, 0xef, 0x04, 0xef, 0x04, 0xef, 0x04, 0xef, 0x04,
  0xef, 0x04, 0xef, 0x04, 0xef, 0x04, 0xef, 0x04, 0xef, 0x04, 0xef, 0x04,
  0xef, 0x04, 0xef, 0x04, 0xef, 0x04, 0xef, 0x04, 0xef, 0x04, 0xef, 0x04,
  0xef, 0x04, 0xef, 0x04, 0xef, 0x04, 0xef, 0x04, 0xef, 0x04, 0xef, 0x04,
  0xef, 0x04, 0xef, 0x04, 0xef, 0x04, 0xef, 0x04, 0xef, 0x04, 0xef, 0x04,
  0xef, 0x04, 0xef, 0x04, 0xef, 0x04, 0xff, 0x04, 0xab, 0x02, 0xaa, 0x02,
  0xab, 0x02, 0xbc, 0x03, 0xee, 0x03, 0x88, 0x02, 0xbb, 0x03, 0xde, 0x03,
  0xff, 0x04, 0xbb, 0x03, 0x9a, 0x02, 0xbb, 0x02, 0x88, 0x02, 0xef, 0x04,
  0xbc, 0x03, 0xdd, 0x03, 0xde, 0x03, 0xbb, 0x03, 0xff, 0x04, 0xde, 0x03,
  0xaa, 0x02, 0xdd, 0x03, 0xff, 0x04, 0xde, 0x03, 0xab, 0x02, 0xab, 0x02,
  0xdd, 0x03, 0xcd, 0x03, 0x99, 0x02, 0xbb, 0x02, 0xbb, 0x02, 0xef, 0x04,
  0x99, 0x02, 0xab, 0x02, 0xab, 0x02, 0xcd, 0x03, 0xdd, 0x03, 0x89, 0x02,
  0xbc, 0x03, 0xef, 0x04, 0xef, 0x04, 0xef, 0x04, 0xbb, 0x03, 0xbb, 0x02,
  0xcc, 0x03, 0xff, 0x04, 0xcd, 0x03, 0xbb, 0x02, 0xab, 0x02, 0xde, 0x03,
  0xef, 0x04, 0xef, 0x04, 0xef, 0x04, 0xef, 0x04, 0xde, 0x03, 0x88, 0x02,
  0xbb, 0x03, 0x99, 0x02, 0xcd, 0x03, 0xbb, 0x03, 0xde, 0x03, 0xbc, 0x03,
  0x88, 0x02, 0xef, 0x04, 0xef, 0x04, 0xbc, 0x03, 0xbc, 0x03, 0xef, 0x04,
  0xef, 0x04, 0xef, 0x04, 0xef, 0x04, 0xef, 0x04, 0xef, 0x04, 0x88, 0x02,
  0xbc, 0x03, 0xef, 0x04, 0xff, 0x04, 0xbc, 0x03, 0x99, 0x02, 0xbc, 0x03,
  0xef, 0x04, 0xef, 0x04, 0xef, 0x04, 0xcc, 0x03, 0xbb, 0x02, 0xef, 0x04,
  0xef, 0x04, 0xef, 0x04, 0xef, 0x04, 0xef, 0x04, 0xef, 0x04, 0xef, 0x04,
  0xde, 0x03, 0xbb, 0x02, 0xff, 0x04, 0xcd, 0x03, 0xcc, 0x03, 0xff, 0x04,
  0xbc, 0x03, 0xdd, 0x03, 0xef, 0x04, 0xef, 0x04, 0xef, 0x04, 0xef, 0x04,
  0xff, 0x04, 0xaa, 0x02, 0xab, 0x02, 0xab, 0x02, 0xee, 0x03, 0xaa, 0x02,
  0xaa, 0x02, 0xcd, 0x03, 0xff, 0x04, 0xde, 0x03, 0xbb, 0x03, 0xde, 0x03,
  0xaa, 0x02, 0xde, 0x03, 0xef, 0x04, 0xef, 0x04, 0xaa, 0x02, 0xef, 0x04,
  0xee, 0x03, 0xbb, 0x02, 0xee, 0x03, 0x99, 0x02, 0xbc, 0x03, 0xff, 0x04,
  0xef, 0x04, 0xef, 0x04, 0xef, 0x04, 0xef, 0x04, 0xef, 0x04, 0xef, 0x04,
  0xef, 0x04, 0xef, 0x04, 0xef, 0x04, 0xef, 0x04, 0xef, 0x04, 0xef, 0x04,
  0xef, 0x04, 0xef, 0x04, 0xef, 0x04, 0xef, 0x04, 0xef, 0x04, 0xef, 0x04,
  0xef, 0x04, 0xef, 0x04, 0xef, 0x04, 0xef, 0x04, 0xef, 0x04, 0xef, 0x04,
  0xef, 0x04, 0xef, 0x04, 0xef, 0x04, 0xef, 0x04, 0xef, 0x04, 0xef, 0x04,
  0xef, 0x04, 0xff, 0x04, 0xab, 0x02, 0xdd, 0x03, 0xaa, 0x02, 0xde, 0x03,
  0xee, 0x03, 0xab, 0x02, 0xff, 0x04, 0xef, 0x04, 0xff, 0x04, 0xbb, 0x02,
  0xcd, 0x03, 0xee, 0x03, 0x9a, 0x02, 0xef, 0x04, 0xbc, 0x03, 0xcd, 0x03,
  0xde, 0x03, 0xbb, 0x02, 0xff, 0x04, 0xff, 0x04, 0xaa, 0x02, 0xef, 0x04,
  0xef, 0x04, 0xef, 0x04, 0xde, 0x03, 0xde, 0x03, 0xef, 0x04, 0xcc, 0x03,
  0xbc, 0x03, 0xee, 0x03, 0xef, 0x04, 0xef, 0x04, 0x9a, 0x02, 0xdd, 0x03,
  0xaa, 0x02, 0xef, 0x04, 0xcd, 0x03, 0xcc, 0x03, 0xff, 0x04, 0xef, 0x04,
  0xef, 0x04, 0xdd, 0x03, 0xef, 0x04, 0xef, 0x04, 0xaa, 0x02, 0xee, 0x04,
  0xde, 0x03, 0xff, 0x04, 0xcc, 0x03, 0xcd, 0x03, 0xff, 0x04, 0xef, 0x04,
  0xef, 0x04, 0xef, 0x04, 0xde, 0x03, 0xaa, 0x02, 0xee, 0x04, 0xbc, 0x03,
  0xcd, 0x03, 0xbb, 0x02, 0xde, 0x03, 0xef, 0x04, 0x99, 0x02, 0xef, 0x04,
  0xff, 0x04, 0xcc, 0x03, 0xcd, 0x03, 0xff, 0x04, 0xef, 0x04, 0xef, 0x04,
  0xef, 0x04, 0xef, 0x04, 0xee, 0x04, 0xab, 0x02, 0xde, 0x03, 0xbc, 0x03,
  0xff, 0x04, 0xbc, 0x03, 0xdd, 0x03, 0xff, 0x04, 0xef, 0x04, 0xef, 0x04,
  0xef, 0x04, 0xdd, 0x03, 0xbb, 0x03, 0xff, 0x04, 0xef, 0x04, 0xef, 0x04,
  0xef, 0x04, 0xef, 0x04, 0xef, 0x04, 0xef, 0x04, 0xde, 0x03, 0xab, 0x02,
  0xff, 0x04, 0xcd, 0x03, 0xbc, 0x03, 0xff, 0x04, 0xbc, 0x03, 0xdd, 0x03,
  0xef, 0x04, 0xef, 0x04, 0xef, 0x04, 0xef, 0x04, 0xef, 0x04, 0xaa, 0x02,
  0xef, 0x04, 0xcc, 0x03, 0xcd, 0x03, 0xab, 0x02, 0xef, 0x04, 0xef, 0x04,
  0xef, 0x04, 0xde, 0x03, 0xab, 0x02, 0xef, 0x04, 0xbc, 0x03, 0xbc, 0x03,
  0xff, 0x04, 0xef, 0x04, 0x9a, 0x02, 0xef, 0x04, 0xee, 0x03, 0xaa, 0x02,
  0xff, 0x04, 0xcd, 0x03, 0xbb, 0x03, 0xff, 0x04, 0xef, 0x04, 0xef, 0x04,
  0xef, 0x04, 0xef, 0x04, 0xef, 0x04, 0xef, 0x04, 0xef, 0x04, 0xef, 0x04,
  0xef, 0x04, 0xef, 0x04, 0xef, 0x04, 0xef, 0x04, 0xef, 0x04, 0xef, 0x04,
  0xef, 0x04, 0xef, 0x04, 0xef, 0x04, 0xef, 0x04, 0xef, 0x04, 0xef, 0x04,
  0xef, 0x04, 0xef, 0x04, 0xef, 0x04, 0xef, 0x04, 0xef, 0x04, 0xef, 0x04,
  0xef, 0x04, 0xef, 0x04, 0xef, 0x04, 0xef, 0x04, 0xef, 0x04, 0xef, 0x04,
  0xbc, 0x03, 0xee, 0x04, 0xef, 0x04, 0xbc, 0x03, 0xee, 0x04, 0x99, 0x02,
  0xaa, 0x02, 0x9a, 0x02, 0xde, 0x03, 0xcc, 0x03, 0xde, 0x03, 0xff, 0x04,
  0xbc, 0x03, 0xef, 0x04, 0xaa, 0x02, 0x99, 0x02, 0xab, 0x02, 0xee, 0x03,
  0xef, 0x04, 0xef, 0x04, 0xbc, 0x03, 0xef, 0x04, 0xef, 0x04, 0xef, 0x04,
  0xef, 0x04, 0xef, 0x04, 0xff, 0x04, 0xcd, 0x03, 0xdd, 0x03, 0xff, 0x04,
  0xef, 0x04, 0xef, 0x04, 0xbc, 0x03, 0xef, 0x04, 0xde, 0x03, 0xcd, 0x03,
  0xde, 0x03, 0x99, 0x02, 0xaa, 0x02, 0xaa, 0x02, 0xee, 0x03, 0xdd, 0x03,
  0xaa, 0x02, 0xaa, 0x02, 0xde, 0x03, 0xef, 0x04, 0xbb, 0x03, 0x9a, 0x02,
  0xbb, 0x03, 0xef, 0x04, 0xef, 0x04, 0xef, 0x04, 0xef, 0x04, 0xef, 0x04,
  0xde, 0x03, 0xcc, 0x03, 0xff, 0x04, 0xdd, 0x03, 0xdd, 0x03, 0xcc, 0x03,
  0xee, 0x03, 0xef, 0x04, 0xbc, 0x03, 0xef, 0x04, 0xef, 0x04, 0xdd, 0x03,
  0xdd, 0x03, 0xef, 0x04, 0xef, 0x04, 0xef, 0x04, 0xef, 0x04, 0xef, 0x04,
  0xef, 0x04, 0xbc, 0x03, 0xff, 0x04, 0xdd, 0x03, 0xdd, 0x03, 0xcd, 0x03,
  0x99, 0x02, 0xaa, 0x02, 0xaa, 0x02, 0xef, 0x04, 0xef, 0x04, 0xde, 0x03,
  0xcc, 0x03, 0xef, 0x04, 0xef, 0x04, 0xef, 0x04, 0xef, 0x04, 0xef, 0x04,
  0xef, 0x04, 0xef, 0x04, 0xde, 0x03, 0xcc, 0x03, 0xff, 0x04, 0xde, 0x03,
  0x99, 0x02, 0xaa, 0x02, 0x99, 0x02, 0xde, 0x03, 0xef, 0x04, 0xef, 0x04,
  0xef, 0x04, 0xef, 0x04, 0xee, 0x03, 0x89, 0x02, 0x9a, 0x02, 0xbb, 0x03,
  0xef, 0x04, 0xbb, 0x03, 0x9a, 0x02, 0xaa, 0x02, 0xbb, 0x03, 0xef, 0x04,
  0xbc, 0x03, 0x9a, 0x02, 0xbb, 0x02, 0xef, 0x04, 0xef, 0x04, 0xab, 0x02,
  0x89, 0x02, 0xbb, 0x02, 0xee, 0x03, 0xbc, 0x03, 0xff, 0x04, 0xde, 0x03,
  0xcd, 0x03, 0xef, 0x04, 0xef, 0x04, 0xef, 0x04, 0xef, 0x04, 0xef, 0x04,
  0xef, 0x04, 0xef, 0x04, 0xef, 0x04, 0xef, 0x04, 0xef, 0x04, 0xef, 0x04,
  0xef, 0x04, 0xef, 0x04, 0xef, 0x04, 0xef, 0x04, 0xef, 0x04, 0xef, 0x04,
  0xef, 0x04, 0xef, 0x04, 0xef, 0x04, 0xef, 0x04, 0xef, 0x04, 0xef, 0x04,
  0xef, 0x04, 0xef, 0x04, 0xef, 0x04, 0xef, 0x04, 0xef, 0x04, 0xef, 0x04,
  0xef, 0x04, 0xef, 0x04, 0xef, 0x04, 0xef, 0x04, 0xef, 0x04, 0xef, 0x04,
  0xef, 0x04, 0xef, 0x04, 0xef, 0x04, 0xef, 0x04, 0xef, 0x04, 0xef, 0x04,
  0xef, 0x04, 0xef, 0x04, 0xef, 0x04, 0xef, 0x04, 0xef, 0x04, 0xef, 0x04,
  0xef, 0x04, 0xef, 0x04, 0xef, 0x04, 0xef, 0x04, 0xef, 0x04, 0xef, 0x04,
  0xef, 0x04, 0xef, 0x04, 0xef, 0x04, 0xef, 0x04, 0xef, 0x04, 0xef, 0x04,
  0xef, 0x04, 0xef, 0x04, 0xef, 0x04, 0xef, 0x04, 0xef, 0x04, 0xef, 0x04,
  0xef, 0x04, 0xef, 0x04, 0xef, 0x04, 0xef, 0x04, 0xef, 0x04, 0xef, 0x04,
  0xef, 0x04, 0xef, 0x04, 0xef, 0x04, 0xef, 0x04, 0xef, 0x04, 0xef, 0x04,
  0xef, 0x04, 0xef, 0x04, 0xef, 0x04, 0xef, 0x04, 0xef, 0x04, 0xef, 0x04,
  0xef, 0x04, 0xef, 0x04, 0xef, 0x04, 0xef, 0x04, 0xef, 0x04, 0xef, 0x04,
  0xef, 0x04, 0xef, 0x04, 0xef, 0x04, 0xef, 0x04, 0xef, 0x04, 0xef, 0x04,
  0xef, 0x04, 0xef, 0x04, 0xef, 0x04, 0xef, 0x04, 0xef, 0x04, 0xef, 0x04,
  0xef, 0x04, 0xef, 0x04, 0xef, 0x04, 0xef, 0x04, 0xef, 0x04, 0xef, 0x04,
  0xef, 0x04, 0xef, 0x04, 0xef, 0x04, 0xef, 0x04, 0xef, 0x04, 0xef, 0x04,
  0xef, 0x04, 0xef, 0x04, 0xef, 0x04, 0xef, 0x04, 0xef, 0x04, 0xef, 0x04,
  0xef, 0x04, 0xef, 0x04, 0xef, 0x04, 0xef, 0x04, 0xef, 0x04, 0xef, 0x04,
  0xef, 0x04, 0xef, 0x04, 0xef, 0x04, 0xef, 0x04, 0xef, 0x04, 0xef, 0x04,
  0xef, 0x04, 0xef, 0x04, 0xef, 0x04, 0xef, 0x04, 0xef, 0x04, 0xef, 0x04,
  0xef, 0x04, 0xef, 0x04, 0xef, 0x04, 0xef, 0x04, 0xef, 0x04, 0xef, 0x04,
  0xef, 0x04, 0xef, 0x04, 0xef, 0x04, 0xef, 0x04, 0xef, 0x04, 0xef, 0x04,
  0xef, 0x04, 0xef, 0x04, 0xef, 0x04, 0xef, 0x04, 0xef, 0x04, 0xef, 0x04,
  0xef, 0x04, 0xef, 0x04, 0xef, 0x04, 0xef, 0x04, 0xef, 0x04, 0xef, 0x04,
  0xef, 0x04, 0xef, 0x04, 0xef, 0x04, 0xef, 0x04, 0xef, 0x04, 0xef, 0x04,
  0xef, 0x04, 0xef, 0x04, 0xef, 0x04, 0xef, 0x04, 0xef, 0x04, 0xef, 0x04,
  0xef, 0x04, 0xef, 0x04, 0xef, 0x04, 0xef, 0x04, 0xef, 0x04, 0xef, 0x04,
  0xef, 0x04, 0xef, 0x04, 0xef, 0x04, 0xef, 0x04, 0xef, 0x04, 0xef, 0x04,
  0xef, 0x04, 0xef, 0x04, 0xef, 0x04, 0xef, 0x04, 0xef, 0x04, 0xef, 0x04,
  0xef, 0x04, 0xef, 0x04, 0xef, 0x04, 0xef, 0x04, 0xef, 0x04, 0xef, 0x04,
  0xef, 0x04, 0xef, 0x04, 0xef, 0x04, 0xef, 0x04, 0xef, 0x04, 0xef, 0x04,
  0xef, 0x04, 0xef, 0x04, 0xef, 0x04, 0xef, 0x04, 0xef, 0x04, 0xef, 0x04,
  0xef, 0x04, 0xef, 0x04, 0xef, 0x04, 0xef, 0x04, 0xef, 0x04, 0xef, 0x04,
  0xef, 0x04, 0xef, 0x04, 0xef, 0x04, 0xef, 0x04, 0xef, 0x04, 0xef, 0x04,
  0xef, 0x04, 0xef, 0x04, 0xef, 0x04, 0xef, 0x04, 0xef, 0x04, 0xef, 0x04,
  0xef, 0x04, 0xef, 0x04, 0xef, 0x04, 0xef, 0x04, 0xef, 0x04, 0xef, 0x04,
  0xef, 0x04, 0xef, 0x04, 0xef, 0x04, 0xef, 0x04, 0xef, 0x04, 0xef, 0x04,
  0xef, 0x04, 0xef, 0x04, 0xef, 0x04, 0xef, 0x04, 0xef, 0x04, 0xef, 0x04,
  0xef, 0x04, 0xef, 0x04, 0xef, 0x04, 0xef, 0x04, 0xef, 0x04, 0xef, 0x04,
  0xef, 0x04, 0xef, 0x04, 0xef, 0x04, 0xef, 0x04, 0xef, 0x04, 0xef, 0x04,
  0xef, 0x04, 0xef, 0x04, 0xef, 0x04, 0xef, 0x04, 0xef, 0x04, 0xef, 0x04,
  0xef, 0x04, 0xef, 0x04, 0xef, 0x04, 0xef, 0x04, 0xef, 0x04, 0xef, 0x04,
  0xef, 0x04, 0xef, 0x04, 0xef, 0x04, 0xef, 0x04, 0xef, 0x04, 0xef, 0x04,
  0xef, 0x04, 0xef, 0x04, 0xef, 0x04, 0xef, 0x04, 0xef, 0x04, 0xef, 0x04,
  0xef, 0x04, 0xef, 0x04, 0xef, 0x04, 0xef, 0x04, 0xef, 0x04, 0xef, 0x04,
  0xef, 0x04, 0xef, 0x04, 0xef, 0x04, 0xef, 0x04, 0xef, 0x04, 0xef, 0x04,
  0xef, 0x04, 0xef, 0x04, 0xef, 0x04, 0xef, 0x04, 0xef, 0x04, 0xef, 0x04,
  0xef, 0x04, 0xef, 0x04, 0xef, 0x04, 0xef, 0x04, 0xef, 0x04, 0xef, 0x04,
  0xef, 0x04, 0xef, 0x04, 0xef, 0x04, 0xef, 0x04, 0xef, 0x04, 0xef, 0x04,
  0xef, 0x04, 0xef, 0x04, 0xef, 0x04, 0xef, 0x04, 0xef, 0x04, 0xef, 0x04,
  0xef, 0x04, 0xef, 0x04, 0xef, 0x04, 0xef, 0x04, 0xef, 0x04, 0xef, 0x04,
  0xef, 0x04, 0xef, 0x04, 0xef, 0x04, 0xef, 0x04, 0xef, 0x04, 0xef, 0x04,
  0xef, 0x04, 0xef, 0x04, 0xef, 0x04, 0xef, 0x04, 0xef, 0x04, 0xef, 0x04,
  0xef, 0x04, 0xef, 0x04, 0xef, 0x04, 0xef, 0x04, 0xef, 0x04, 0xef, 0x04,
  0xef, 0x04, 0xef, 0x04, 0xef, 0x04, 0xef, 0x04, 0xef, 0x04, 0xef, 0x04,
  0xef, 0x04, 0xef, 0x04, 0xef, 0x04, 0xef, 0x04, 0xef, 0x04, 0xef, 0x04,
  0xef, 0x04, 0xef, 0x04, 0xef, 0x04, 0xef, 0x04, 0xef, 0x04, 0xef, 0x04,
  0xef, 0x04, 0xef, 0x04, 0xef, 0x04, 0xef, 0x04, 0xef, 0x04, 0xef, 0x04,
  0xef, 0x04, 0xef, 0x04, 0xef, 0x04, 0xef, 0x04, 0xef, 0x04, 0xef, 0x04,
  0xef, 0x04, 0xef, 0x04, 0xef, 0x04, 0xef, 0x04, 0xef, 0x04, 0xef, 0x04,
  0xef, 0x04, 0xef, 0x04, 0xef, 0x04, 0xef, 0x04, 0xef, 0x04, 0xef, 0x04,
  0xef, 0x04, 0xef, 0x04, 0xef, 0x04, 0xef, 0x04, 0xef, 0x04, 0xef, 0x04,
  0xef, 0x04, 0xef, 0x04, 0xef, 0x04, 0xef, 0x04, 0xef, 0x04, 0xef, 0x04,
  0xef, 0x04, 0xef, 0x04, 0xef, 0x04, 0xef, 0x04, 0xef, 0x04, 0xef, 0x04,
  0xef, 0x04, 0xef, 0x04, 0xef, 0x04, 0xef, 0x04, 0xef, 0x04, 0xef, 0x04,
  0xef, 0x04, 0xef, 0x04, 0xef, 0x04, 0xef, 0x04, 0xef, 0x04, 0xef, 0x04,
  0xef, 0x04, 0xef, 0x04, 0xef, 0x04, 0xef, 0x04, 0xef, 0x04, 0xef, 0x04,
  0xef, 0x04, 0xef, 0x04, 0xef, 0x04, 0xef, 0x04, 0xef, 0x04, 0xef, 0x04,
  0xef, 0x04, 0xef, 0x04, 0xef, 0x04, 0xef, 0x04, 0xef, 0x04, 0xef, 0x04,
  0xef, 0x04, 0xef, 0x04, 0xef, 0x04, 0xef, 0x04, 0xef, 0x04, 0xef, 0x04,
  0xef, 0x04, 0xef, 0x04, 0xef, 0x04, 0xef, 0x04, 0xef, 0x04, 0xef, 0x04,
  0xef, 0x04, 0xef, 0x04, 0xef, 0x04, 0xef, 0x04, 0xef, 0x04, 0xef, 0x04,
  0xef, 0x04, 0xef, 0x04, 0xef, 0x04, 0xef, 0x04, 0xef, 0x04, 0xef, 0x04,
  0xef, 0x04, 0xef, 0x04, 0xef, 0x04, 0xef, 0x04, 0xef, 0x04, 0xef, 0x04,
  0xef, 0x04, 0xef, 0x04, 0xef, 0x04, 0xef, 0x04, 0xef, 0x04, 0xef, 0x04,
  0xef, 0x04, 0xef, 0x04, 0xef, 0x04, 0xef, 0x04, 0xef, 0x04, 0xef, 0x04,
  0xef, 0x04, 0xef, 0x04, 0xef, 0x04, 0xef, 0x04, 0xef, 0x04, 0xef, 0x04,
  0xef, 0x04, 0xef, 0x04, 0xef, 0x04, 0xef, 0x04, 0xef, 0x04, 0xef, 0x04,
  0xef, 0x04, 0xef, 0x04, 0xef, 0x04, 0xef, 0x04, 0xef, 0x04, 0xef, 0x04,
  0xef, 0x04, 0xef, 0x04, 0xef, 0x04, 0xef, 0x04, 0xef, 0x04, 0xef, 0x04,
  0xef, 0x04, 0xef, 0x04, 0xef, 0x04, 0xef, 0x04, 0xef, 0x04, 0xef, 0x04,
  0xef, 0x04, 0xef, 0x03, 0xff, 0x02, 0xff, 0x03, 0xff, 0x03, 0xff, 0x03,
  0xff, 0x03, 0xff, 0x03, 0xff, 0x03, 0xff, 0x02, 0xef, 0x03, 0xef, 0x04,
  0xef, 0x04, 0xef, 0x04, 0xef, 0x04, 0xef, 0x04, 0xef, 0x04, 0xef, 0x04,
  0xef, 0x04, 0xef, 0x04, 0xff, 0x04, 0xff, 0x04, 0xff, 0x04, 0xff, 0x04,
  0xff, 0x04, 0xff, 0x04, 0xff, 0x04, 0xff, 0x04, 0xef, 0x03, 0xef, 0x02,
  0xef, 0x02, 0xef, 0x02, 0xef, 0x02, 0xef, 0x02, 0xef, 0x02, 0xef, 0x02,
  0xef, 0x02, 0xef, 0x03, 0xef, 0x04, 0xef, 0x04, 0xef, 0x04, 0xef, 0x04,
  0xef, 0x04, 0xef, 0x04, 0xef, 0x04, 0xef, 0x04, 0xef, 0x04, 0xff, 0x03,
  0xff, 0x03, 0xff, 0x03, 0xff, 0x03, 0xff, 0x03, 0xff, 0x03, 0xff, 0x03,
  0xff, 0x03, 0xef, 0x03, 0xef, 0x02, 0xef, 0x02, 0xef, 0x02, 0xef, 0x02,
  0xef, 0x02, 0xef, 0x02, 0xef, 0x02, 0xef, 0x02, 0xef, 0x02, 0xff, 0x04,
  0xff, 0x04, 0xff, 0x04, 0xff, 0x04, 0xff, 0x04, 0xff, 0x04, 0xff, 0x04,
  0xff, 0x04, 0xff, 0x04, 0xef, 0x04, 0xef, 0x04, 0xef, 0x04, 0xef, 0x04,
  0xef, 0x04, 0xef, 0x04, 0xef, 0x04, 0xef, 0x04, 0xef, 0x04, 0xff, 0x03,
  0xff, 0x03, 0xff, 0x03, 0xff, 0x03, 0xff, 0x03, 0xff, 0x03, 0xff, 0x03,
  0xff, 0x03, 0xff, 0x03, 0xff, 0x02, 0xff, 0x02, 0xff, 0x02, 0xff, 0x02,
  0xff, 0x02, 0xff, 0x02, 0xff, 0x02, 0xff, 0x02, 0xff, 0x02, 0xef, 0x02,
  0xef, 0x03, 0xef, 0x03, 0xef, 0x03, 0xef, 0x03, 0xef, 0x03, 0xef, 0x03,
  0xef, 0x03, 0xef, 0x03, 0xef, 0x03, 0xef, 0x03, 0xef, 0x03, 0xef, 0x03,
  0xef, 0x03, 0xef, 0x03, 0xef, 0x03, 0xef, 0x03, 0xef, 0x03, 0xef, 0x02,
  0xef, 0x01, 0xef, 0x02, 0xef, 0x02, 0xef, 0x02, 0xef, 0x02, 0xef, 0x02,
  0xef, 0x02, 0xef, 0x02, 0xef, 0x02, 0xef, 0x03, 0xef, 0x03, 0xef, 0x03,
  0xef, 0x03, 0xef, 0x03, 0xef, 0x03, 0xef, 0x03, 0xef, 0x03, 0xef, 0x03,
  0xff, 0x03, 0xff, 0x03, 0xff, 0x03, 0xff, 0x03, 0xff, 0x03, 0xff, 0x03,
  0xff, 0x03, 0xff, 0x02, 0xef, 0x03, 0xef, 0x04, 0xef, 0x04, 0xef, 0x04,
  0xef, 0x04, 0xef, 0x04, 0xef, 0x04, 0xef, 0x04, 0xef, 0x04, 0xef, 0x04,
  0xef, 0x04, 0xef, 0x04, 0xef, 0x04, 0xef, 0x04, 0xef, 0x03, 0xbc, 0x09,
  0x99, 0x0b, 0x99, 0x0b, 0x99, 0x0b, 0x99, 0x0b, 0x99, 0x0b, 0x99, 0x0b,
  0x99, 0x0b, 0x99, 0x0b, 0xca, 0x08, 0xea, 0x04, 0xea, 0x05, 0xea, 0x05,
  0xea, 0x05, 0xea, 0x05, 0xea, 0x05, 0xea, 0x05, 0xea, 0x05, 0xb9, 0x04,
  0x88, 0x01, 0x88, 0x02, 0x88, 0x02, 0x88, 0x02, 0x88, 0x02, 0x88, 0x02,
  0x88, 0x02, 0x88, 0x00, 0xa9, 0x08, 0xdb, 0x0c, 0xda, 0x0c, 0xda, 0x0c,
  0xda, 0x0c, 0xda, 0x0c, 0xda, 0x0c, 0xda, 0x0c, 0xda, 0x0c, 0xda, 0x0a,
  0xc9, 0x00, 0xc9, 0x02, 0xc9, 0x02, 0xc9, 0x02, 0xc9, 0x02, 0xc9, 0x02,
  0xc9, 0x02, 0xc9, 0x01, 0xba, 0x06, 0x9d, 0x0b, 0x9c, 0x0b, 0x9c, 0x0b,
  0x9c, 0x0b, 0x9c, 0x0b, 0x9c, 0x0b, 0x9c, 0x0b, 0x9c, 0x0a, 0xad, 0x0b,
  0xff, 0x0d, 0xff, 0x0d, 0xff, 0x0d, 0xff, 0x0d, 0xff, 0x0d, 0xff, 0x0d,
  0xff, 0x0d, 0xff, 0x0d, 0xff, 0x0d, 0x9f, 0x05, 0x9f, 0x04, 0x9f, 0x04,
  0x9f, 0x04, 0x9f, 0x04, 0x9f, 0x04, 0x9f, 0x04, 0x9f, 0x04, 0x9e, 0x04,
  0xd9, 0x03, 0xd9, 0x02, 0xd9, 0x02, 0xd9, 0x02, 0xd9, 0x02, 0xd9, 0x02,
  0xd9, 0x02, 0xd9, 0x02, 0xd9, 0x03, 0xac, 0x0a, 0x9c, 0x0b, 0x9c, 0x0b,
  0x9c, 0x0b, 0x9c, 0x0b, 0x9c, 0x0b, 0x9c, 0x0b, 0x9c, 0x0b, 0x9c, 0x0a,
  0x9a, 0x0d, 0x99, 0x0d, 0x99, 0x0d, 0x99, 0x0d, 0x99, 0x0d, 0x99, 0x0d,
  0x99, 0x0d, 0x99, 0x0d, 0x99, 0x0d, 0xcc, 0x0b, 0xdd, 0x0b, 0xdd, 0x0b,
  0xdd, 0x0b, 0xdd, 0x0b, 0xdd, 0x0b, 0xdd, 0x0b, 0xdd, 0x0b, 0xdd, 0x0b,
  0xbf, 0x08, 0xaf, 0x06, 0xaf, 0x07, 0xaf, 0x07, 0xaf, 0x07, 0xaf, 0x07,
  0xaf, 0x07, 0xaf, 0x07, 0xaf, 0x06, 0xac, 0x0b, 0xaa, 0x0e, 0xaa, 0x0d,
  0xaa, 0x0d, 0xaa, 0x0d, 0xaa, 0x0d, 0xaa, 0x0d, 0xaa, 0x0d, 0xaa, 0x0d,
  0xba, 0x0c, 0xd9, 0x0b, 0xd9, 0x0b, 0xd9, 0x0b, 0xd9, 0x0b, 0xd9, 0x0b,
  0xd9, 0x0b, 0xd9, 0x0b, 0xd9, 0x0b, 0xb9, 0x0b, 0x99, 0x0b, 0x99, 0x0b,
  0x99, 0x0b, 0x99, 0x0b, 0x99, 0x0b, 0x99, 0x0b, 0x99, 0x0b, 0x99, 0x0b,
  0xbc, 0x09, 0xef, 0x03, 0xef, 0x04, 0xef, 0x04, 0xef, 0x04, 0xef, 0x04,
  0xef, 0x04, 0xef, 0x04, 0xef, 0x04, 0xef, 0x04, 0xef, 0x04, 0xef, 0x04,
  0xef, 0x04, 0xef, 0x04, 0xff, 0x02, 0x9a, 0x0b, 0x21, 0x0d, 0x43, 0x0d,
  0x43, 0x0d, 0x43, 0x0d, 0x43, 0x0d, 0x43, 0x0d, 0x43, 0x0d, 0x23, 0x0d,
  0xa5, 0x0a, 0xe7, 0x05, 0xd7, 0x05, 0xd7, 0x05, 0xd7, 0x05, 0xd7, 0x05,
  0xd7, 0x05, 0xd7, 0x05, 0xe7, 0x06, 0xa4, 0x04, 0x00, 0x00, 0x00, 0x00,
  0x00, 0x00, 0x00, 0x00, 0x00, 0x00, 0x00, 0x00, 0x00, 0x00, 0x00, 0x00,
  0x84, 0x09, 0xd7, 0x0e, 0xc7, 0x0e, 0xc7, 0x0e, 0xc7, 0x0e, 0xc7, 0x0e,
  0xc7, 0x0e, 0xc7, 0x0e, 0xc7, 0x0e, 0xc6, 0x0c, 0xa0, 0x00, 0xa1, 0x01,
  0xa1, 0x01, 0xa1, 0x01, 0xa1, 0x01, 0xa1, 0x01, 0xa1, 0x01, 0xb0, 0x00,
  0x96, 0x06, 0x4b, 0x0d, 0x4b, 0x0c, 0x4b, 0x0c, 0x4b, 0x0c, 0x4b, 0x0c,
  0x4b, 0x0c, 0x4b, 0x0c, 0x4b, 0x0c, 0x8c, 0x0d, 0xff, 0x0f, 0xff, 0x0f,
  0xff, 0x0f, 0xff, 0x0f, 0xff, 0x0f, 0xff, 0x0f, 0xff, 0x0f, 0xff, 0x0f,
  0xff, 0x0f, 0x5e, 0x05, 0x4e, 0x05, 0x4e, 0x05, 0x4e, 0x05, 0x4e, 0x05,
  0x4e, 0x05, 0x4e, 0x05, 0x4e, 0x05, 0x5e, 0x05, 0xc4, 0x02, 0xc1, 0x01,
  0xc2, 0x01, 0xc2, 0x01, 0xc2, 0x01, 0xc2, 0x01, 0xc2, 0x01, 0xc2, 0x01,
  0xc3, 0x02, 0x6a, 0x0c, 0x4b, 0x0c, 0x4b, 0x0c, 0x4b, 0x0c, 0x4b, 0x0c,
  0x4b, 0x0c, 0x4b, 0x0c, 0x4b, 0x0c, 0x4b, 0x0c, 0x46, 0x0f, 0x43, 0x0f,
  0x44, 0x0f, 0x44, 0x0f, 0x44, 0x0f, 0x44, 0x0f, 0x44, 0x0f, 0x44, 0x0f,
  0x33, 0x0f, 0xbb, 0x0d, 0xcc, 0x0c, 0xcc, 0x0d, 0xcc, 0x0d, 0xcc, 0x0d,
  0xcc, 0x0d, 0xcc, 0x0d, 0xcc, 0x0d, 0xcc, 0x0d, 0x9f, 0x09, 0x6f, 0x07,
  0x6f, 0x07, 0x6f, 0x07, 0x6f, 0x07, 0x6f, 0x07, 0x6f, 0x07, 0x6f, 0x07,
  0x6f, 0x07, 0x7b, 0x0d, 0x76, 0x0f, 0x77, 0x0f, 0x77, 0x0f, 0x77, 0x0f,
  0x77, 0x0f, 0x77, 0x0f, 0x77, 0x0f, 0x67, 0x0f, 0xa5, 0x0e, 0xc4, 0x0d,
  0xc4, 0x0d, 0xc4, 0x0d, 0xc4, 0x0d, 0xc4, 0x0d, 0xc4, 0x0d, 0xc4, 0x0d,
  0xc4, 0x0d, 0x94, 0x0d, 0x33, 0x0d, 0x43, 0x0d, 0x43, 0x0d, 0x43, 0x0d,
  0x43, 0x0d, 0x43, 0x0d, 0x43, 0x0d, 0x21, 0x0d, 0x9a, 0x0b, 0xff, 0x02,
  0xef, 0x04, 0xef, 0x04, 0xef, 0x04, 0xef, 0x04, 0xef, 0x04, 0xef, 0x04,
  0xef, 0x04, 0xef, 0x04, 0xef, 0x04, 0xef, 0x04, 0xef, 0x04, 0xef, 0x04,
  0xff, 0x02, 0xaa, 0x0b, 0x43, 0x0d, 0x54, 0x0d, 0x54, 0x0d, 0x54, 0x0d,
  0x54, 0x0d, 0x54, 0x0d, 0x54, 0x0d, 0x44, 0x0d, 0xb6, 0x0a, 0xe7, 0x05,
  0xd7, 0x05, 0xd7, 0x05, 0xd7, 0x05, 0xd7, 0x05, 0xd7, 0x05, 0xd7, 0x05,
  0xe7, 0x06, 0xa5, 0x04, 0x00, 0x00, 0x00, 0x00, 0x00, 0x00, 0x00, 0x00,
  0x00, 0x00, 0x00, 0x00, 0x00, 0x00, 0x00, 0x00, 0x85, 0x09, 0xd8, 0x0e,
  0xc8, 0x0e, 0xc8, 0x0e, 0xc8, 0x0e, 0xc8, 0x0e, 0xc8, 0x0e, 0xc8, 0x0e,
  0xd8, 0x0e, 0xc7, 0x0c, 0xb3, 0x00, 0xb3, 0x02, 0xb3, 0x02, 0xb3, 0x02,
  0xb3, 0x02, 0xb3, 0x02, 0xb3, 0x02, 0xb3, 0x00, 0xa6, 0x06, 0x5b, 0x0c,
  0x5b, 0x0c, 0x5b, 0x0c, 0x5b, 0x0c, 0x5b, 0x0c, 0x5b, 0x0c, 0x5b, 0x0c,
  0x5b, 0x0c, 0x8c, 0x0d, 0xff, 0x0f, 0xff, 0x0f, 0xff, 0x0f, 0xff, 0x0f,
  0xff, 0x0f, 0xff, 0x0f, 0xff, 0x0f, 0xff, 0x0f, 0xff, 0x0f, 0x5e, 0x05,
  0x5e, 0x05, 0x5e, 0x05, 0x5e, 0x05, 0x5e, 0x05, 0x5e, 0x05, 0x5e, 0x05,
  0x5e, 0x05, 0x6e, 0x05, 0xc5, 0x02, 0xc3, 0x02, 0xc4, 0x02, 0xc4, 0x02,
  0xc4, 0x02, 0xc4, 0x02, 0xc4, 0x02, 0xc4, 0x01, 0xc4, 0x02, 0x6b, 0x0c,
  0x5b, 0x0c, 0x5b, 0x0c, 0x5b, 0x0c, 0x5b, 0x0c, 0x5b, 0x0c, 0x5b, 0x0c,
  0x5b, 0x0c, 0x5b, 0x0c, 0x56, 0x0f, 0x54, 0x0f, 0x55, 0x0f, 0x55, 0x0f,
  0x55, 0x0f, 0x55, 0x0f, 0x55, 0x0f, 0x55, 0x0f, 0x44, 0x0f, 0xbb, 0x0d,
  0xcc, 0x0c, 0xcc, 0x0c, 0xcc, 0x0c, 0xcc, 0x0c, 0xcc, 0x0c, 0xcc, 0x0c,
  0xcc, 0x0c, 0xdc, 0x0d, 0x9f, 0x09, 0x7f, 0x07, 0x7f, 0x07, 0x7f, 0x07,
  0x7f, 0x07, 0x7f, 0x07, 0x7f, 0x07, 0x7f, 0x07, 0x7f, 0x07, 0x7b, 0x0d,
  0x76, 0x0f, 0x77, 0x0f, 0x77, 0x0f, 0x77, 0x0f, 0x77, 0x0f, 0x77, 0x0f,
  0x77, 0x0f, 0x77, 0x0f, 0xa6, 0x0e, 0xc5, 0x0d, 0xc5, 0x0d, 0xc5, 0x0d,
  0xc5, 0x0d, 0xc5, 0x0d, 0xc5, 0x0d, 0xc5, 0x0d, 0xc5, 0x0d, 0x95, 0x0d,
  0x44, 0x0d, 0x54, 0x0d, 0x54, 0x0d, 0x54, 0x0d, 0x54, 0x0d, 0x54, 0x0d,
  0x54, 0x0d, 0x43, 0x0d, 0xaa, 0x0b, 0xff, 0x02, 0xef, 0x04, 0xef, 0x04,
  0xef, 0x04, 0xef, 0x04, 0xef, 0x04, 0xef, 0x04, 0xef, 0x04, 0xef, 0x04,
  0xef, 0x04, 0xef, 0x04, 0xef, 0x04, 0xef, 0x04, 0xff, 0x02, 0xaa, 0x0b,
  0x43, 0x0d, 0x54, 0x0d, 0x54, 0x0d, 0x54, 0x0d, 0x54, 0x0d, 0x54, 0x0d,
  0x54, 0x0d, 0x44, 0x0d, 0xb6, 0x0a, 0xe7, 0x05, 0xd7, 0x05, 0xd7, 0x05,
  0xd7, 0x05, 0xd7, 0x05, 0xd7, 0x05, 0xd7, 0x05, 0xe7, 0x06, 0xa5, 0x04,
  0x00, 0x00, 0x00, 0x00, 0x00, 0x00, 0x00, 0x00, 0x00, 0x00, 0x00, 0x00,
  0x00, 0x00, 0x00, 0x00, 0x85, 0x09, 0xd8, 0x0e, 0xc8, 0x0e, 0xc8, 0x0e,
  0xc8, 0x0e, 0xc8, 0x0e, 0xc8, 0x0e, 0xc8, 0x0e, 0xd8, 0x0e, 0xc7, 0x0c,
  0xb3, 0x00, 0xb3, 0x02, 0xb3, 0x02, 0xb3, 0x02, 0xb3, 0x02, 0xb3, 0x02,
  0xb3, 0x02, 0xb3, 0x00, 0xa6, 0x06, 0x5b, 0x0c, 0x5b, 0x0c, 0x5b, 0x0c,
  0x5b, 0x0c, 0x5b, 0x0c, 0x5b, 0x0c, 0x5b, 0x0c, 0x5b, 0x0c, 0x8c, 0x0d,
  0xff, 0x0f, 0xff, 0x0f, 0xff, 0x0f, 0xff, 0x0f, 0xff, 0x0f, 0xff, 0x0f,
  0xff, 0x0f, 0xff, 0x0f, 0xff, 0x0f, 0x5e, 0x05, 0x5e, 0x05, 0x5e, 0x05,
  0x5e, 0x05, 0x5e, 0x05, 0x5e, 0x05, 0x5e, 0x05, 0x5e, 0x05, 0x6e, 0x05,
  0xc5, 0x02, 0xc3, 0x02, 0xc4, 0x02, 0xc4, 0x02, 0xc4, 0x02, 0xc4, 0x02,
  0xc4, 0x02, 0xc4, 0x01, 0xc4, 0x02, 0x6b, 0x0c, 0x5b, 0x0c, 0x5b, 0x0c,
  0x5b, 0x0c, 0x5b, 0x0c, 0x5b, 0x0c, 0x5b, 0x0c, 0x5b, 0x0c, 0x5b, 0x0c,
  0x56, 0x0f, 0x54, 0x0f, 0x55, 0x0f, 0x55, 0x0f, 0x55, 0x0f, 0x55, 0x0f,
  0x55, 0x0f, 0x55, 0x0f, 0x44, 0x0f, 0xbb, 0x0d, 0xcc, 0x0c, 0xcc, 0x0c,
  0xcc, 0x0c, 0xcc, 0x0c, 0xcc, 0x0c, 0xcc, 0x0c, 0xcc, 0x0c, 0xdc, 0x0d,
  0x9f, 0x09, 0x7f, 0x07, 0x7f, 0x07, 0x7f, 0x07, 0x7f, 0x07, 0x7f, 0x07,
  0x7f, 0x07, 0x7f, 0x07, 0x7f, 0x07, 0x7b, 0x0d, 0x76, 0x0f, 0x77, 0x0f,
  0x77, 0x0f, 0x77, 0x0f, 0x77, 0x0f, 0x77, 0x0f, 0x77, 0x0f, 0x77, 0x0f,
  0xa6, 0x0e, 0xc5, 0x0d, 0xc5, 0x0d, 0xc5, 0x0d, 0xc5, 0x0d, 0xc5, 0x0d,
  0xc5, 0x0d, 0xc5, 0x0d, 0xc5, 0x0d, 0x95, 0x0d, 0x44, 0x0d, 0x54, 0x0d,
  0x54, 0x0d, 0x54, 0x0d, 0x54, 0x0d, 0x54, 0x0d, 0x54, 0x0d, 0x43, 0x0d,
  0xaa, 0x0b, 0xff, 0x02, 0xef, 0x04, 0xef, 0x04, 0xef, 0x04, 0xef, 0x04,
  0xef, 0x04, 0xef, 0x04, 0xef, 0x04, 0xef, 0x04, 0xef, 0x04, 0xef, 0x04,
  0xef, 0x04, 0xef, 0x04, 0xff, 0x02, 0xaa, 0x0b, 0x43, 0x0d, 0x54, 0x0d,
  0x54, 0x0d, 0x54, 0x0d, 0x54, 0x0d, 0x54, 0x0d, 0x54, 0x0d, 0x44, 0x0d,
  0xb6, 0x0a, 0xe7, 0x05, 0xd7, 0x05, 0xd7, 0x05, 0xd7, 0x05, 0xd7, 0x05,
  0xd7, 0x05, 0xd7, 0x05, 0xe7, 0x06, 0xa5, 0x04, 0x00, 0x00, 0x00, 0x00,
  0x00, 0x00, 0x00, 0x00, 0x00, 0x00, 0x00, 0x00, 0x00, 0x00, 0x00, 0x00,
  0x85, 0x09, 0xd8, 0x0e, 0xc8, 0x0e, 0xc8, 0x0e, 0xc8, 0x0e, 0xc8, 0x0e,
  0xc8, 0x0e, 0xc8, 0x0e, 0xd8, 0x0e, 0xc7, 0x0c, 0xb3, 0x00, 0xb3, 0x02,
  0xb3, 0x02, 0xb3, 0x02, 0xb3, 0x02, 0xb3, 0x02, 0xb3, 0x02, 0xb3, 0x00,
  0xa6, 0x06, 0x5b, 0x0c, 0x5b, 0x0c, 0x5b, 0x0c, 0x5b, 0x0c, 0x5b, 0x0c,
  0x5b, 0x0c, 0x5b, 0x0c, 0x5b, 0x0c, 0x8c, 0x0d, 0xff, 0x0f, 0xff, 0x0f,
  0xff, 0x0f, 0xff, 0x0f, 0xff, 0x0f, 0xff, 0x0f, 0xff, 0x0f, 0xff, 0x0f,
  0xff, 0x0f, 0x5e, 0x05, 0x5e, 0x05, 0x5e, 0x05, 0x5e, 0x05, 0x5e, 0x05,
  0x5e, 0x05, 0x5e, 0x05, 0x5e, 0x05, 0x6e, 0x05, 0xc5, 0x02, 0xc3, 0x02,
  0xc4, 0x02, 0xc4, 0x02, 0xc4, 0x02, 0xc4, 0x02, 0xc4, 0x02, 0xc4, 0x01,
  0xc4, 0x02, 0x6b, 0x0c, 0x5b, 0x0c, 0x5b, 0x0c, 0x5b, 0x0c, 0x5b, 0x0c,
  0x5b, 0x0c, 0x5b, 0x0c, 0x5b, 0x0c, 0x5b, 0x0c, 0x56, 0x0f, 0x54, 0x0f,
  0x55, 0x0f, 0x55, 0x0f, 0x55, 0x0f, 0x55, 0x0f, 0x55, 0x0f, 0x55, 0x0f,
  0x44, 0x0f, 0xbb, 0x0d, 0xcc, 0x0c, 0xcc, 0x0c, 0xcc, 0x0c, 0xcc, 0x0c,
  0xcc, 0x0c, 0xcc, 0x0c, 0xcc, 0x0c, 0xdc, 0x0d, 0x9f, 0x09, 0x7f, 0x07,
  0x7f, 0x07, 0x7f, 0x07, 0x7f, 0x07, 0x7f, 0x07, 0x7f, 0x07, 0x7f, 0x07,
  0x7f, 0x07, 0x7b, 0x0d, 0x76, 0x0f, 0x77, 0x0f, 0x77, 0x0f, 0x77, 0x0f,
  0x77, 0x0f, 0x77, 0x0f, 0x77, 0x0f, 0x77, 0x0f, 0xa6, 0x0e, 0xc5, 0x0d,
  0xc5, 0x0d, 0xc5, 0x0d, 0xc5, 0x0d, 0xc5, 0x0d, 0xc5, 0x0d, 0xc5, 0x0d,
  0xc5, 0x0d, 0x95, 0x0d, 0x44, 0x0d, 0x54, 0x0d, 0x54, 0x0d, 0x54, 0x0d,
  0x54, 0x0d, 0x54, 0x0d, 0x54, 0x0d, 0x43, 0x0d, 0xaa, 0x0b, 0xff, 0x02,
  0xef, 0x04, 0xef, 0x04, 0xef, 0x04, 0xef, 0x04, 0xef, 0x04, 0xef, 0x04,
  0xef, 0x04, 0xef, 0x04, 0xef, 0x04, 0xef, 0x04, 0xef, 0x04, 0xef, 0x04,
  0xff, 0x02, 0xaa, 0x0b, 0x43, 0x0d, 0x54, 0x0d, 0x54, 0x0d, 0x54, 0x0d,
  0x54, 0x0d, 0x54, 0x0d, 0x54, 0x0d, 0x44, 0x0d, 0xb6, 0x0a, 0xe7, 0x05,
  0xd7, 0x05, 0xd7, 0x05, 0xd7, 0x05, 0xd7, 0x05, 0xd7, 0x05, 0xd7, 0x05,
  0xe7, 0x06, 0xa5, 0x04, 0x00, 0x00, 0x00, 0x00, 0x00, 0x00, 0x00, 0x00,
  0x00, 0x00, 0x00, 0x00, 0x00, 0x00, 0x00, 0x00, 0x85, 0x09, 0xd8, 0x0e,
  0xc8, 0x0e, 0xc8, 0x0e, 0xc8, 0x0e, 0xc8, 0x0e, 0xc8, 0x0e, 0xc8, 0x0e,
  0xd8, 0x0e, 0xc7, 0x0c, 0xb3, 0x00, 0xb3, 0x02, 0xb3, 0x02, 0xb3, 0x02,
  0xb3, 0x02, 0xb3, 0x02, 0xb3, 0x02, 0xb3, 0x00, 0xa6, 0x06, 0x5b, 0x0c,
  0x5b, 0x0c, 0x5b, 0x0c, 0x5b, 0x0c, 0x5b, 0x0c, 0x5b, 0x0c, 0x5b, 0x0c,
  0x5b, 0x0c, 0x8c, 0x0d, 0xff, 0x0f, 0xff, 0x0f, 0xff, 0x0f, 0xff, 0x0f,
  0xff, 0x0f, 0xff, 0x0f, 0xff, 0x0f, 0xff, 0x0f, 0xff, 0x0f, 0x5e, 0x05,
  0x5e, 0x05, 0x5e, 0x05, 0x5e, 0x05, 0x5e, 0x05, 0x5e, 0x05, 0x5e, 0x05,
  0x5e, 0x05, 0x6e, 0x05, 0xc5, 0x02, 0xc3, 0x02, 0xc4, 0x02, 0xc4, 0x02,
  0xc4, 0x02, 0xc4, 0x02, 0xc4, 0x02, 0xc4, 0x01, 0xc4, 0x02, 0x6b, 0x0c,
  0x5b, 0x0c, 0x5b, 0x0c, 0x5b, 0x0c, 0x5b, 0x0c, 0x5b, 0x0c, 0x5b, 0x0c,
  0x5b, 0x0c, 0x5b, 0x0c, 0x56, 0x0f, 0x54, 0x0f, 0x55, 0x0f, 0x55, 0x0f,
  0x55, 0x0f, 0x55, 0x0f, 0x55, 0x0f, 0x55, 0x0f, 0x44, 0x0f, 0xbb, 0x0d,
  0xcc, 0x0c, 0xcc, 0x0c, 0xcc, 0x0c, 0xcc, 0x0c, 0xcc, 0x0c, 0xcc, 0x0c,
  0xcc, 0x0c, 0xdc, 0x0d, 0x9f, 0x09, 0x7f, 0x07, 0x7f, 0x07, 0x7f, 0x07,
  0x7f, 0x07, 0x7f, 0x07, 0x7f, 0x07, 0x7f, 0x07, 0x7f, 0x07, 0x7b, 0x0d,
  0x76, 0x0f, 0x77, 0x0f, 0x77, 0x0f, 0x77, 0x0f, 0x77, 0x0f, 0x77, 0x0f,
  0x77, 0x0f, 0x77, 0x0f, 0xa6, 0x0e, 0xc5, 0x0d, 0xc5, 0x0d, 0xc5, 0x0d,
  0xc5, 0x0d, 0xc5, 0x0d, 0xc5, 0x0d, 0xc5, 0x0d, 0xc5, 0x0d, 0x95, 0x0d,
  0x44, 0x0d, 0x54, 0x0d, 0x54, 0x0d, 0x54, 0x0d, 0x54, 0x0d, 0x54, 0x0d,
  0x54, 0x0d, 0x43, 0x0d, 0xaa, 0x0b, 0xff, 0x02, 0xef, 0x04, 0xef, 0x04,
  0xef, 0x04, 0xef, 0x04, 0xef, 0x04, 0xef, 0x04, 0xef, 0x04, 0xef, 0x04,
  0xef, 0x04, 0xef, 0x04, 0xef, 0x04, 0xef, 0x04, 0xff, 0x02, 0xaa, 0x0b,
  0x43, 0x0d, 0x54, 0x0d, 0x54, 0x0d, 0x54, 0x0d, 0x54, 0x0d, 0x54, 0x0d,
  0x54, 0x0d, 0x44, 0x0d, 0xb6, 0x0a, 0xe7, 0x05, 0xd7, 0x05, 0xd7, 0x05,
  0xd7, 0x05, 0xd7, 0x05, 0xd7, 0x05, 0xd7, 0x05, 0xe7, 0x06, 0xa5, 0x04,
  0x00, 0x00, 0x00, 0x00, 0x00, 0x00, 0x00, 0x00, 0x00, 0x00, 0x00, 0x00,
  0x00, 0x00, 0x00, 0x00, 0x85, 0x09, 0xd8, 0x0e, 0xc8, 0x0e, 0xc8, 0x0e,
  0xc8, 0x0e, 0xc8, 0x0e, 0xc8, 0x0e, 0xc8, 0x0e, 0xd8, 0x0e, 0xc7, 0x0c,
  0xb3, 0x00, 0xb3, 0x02, 0xb3, 0x02, 0xb3, 0x02, 0xb3, 0x02, 0xb3, 0x02,
  0xb3, 0x02, 0xb3, 0x00, 0xa6, 0x06, 0x5b, 0x0c, 0x5b, 0x0c, 0x5b, 0x0c,
  0x5b, 0x0c, 0x5b, 0x0c, 0x5b, 0x0c, 0x5b, 0x0c, 0x5b, 0x0c, 0x8c, 0x0d,
  0xff, 0x0f, 0xff, 0x0f, 0xff, 0x0f, 0xff, 0x0f, 0xff, 0x0f, 0xff, 0x0f,
  0xff, 0x0f, 0xff, 0x0f, 0xff, 0x0f, 0x5e, 0x05, 0x5e, 0x05, 0x5e, 0x05,
  0x5e, 0x05, 0x5e, 0x05, 0x5e, 0x05, 0x5e, 0x05, 0x5e, 0x05, 0x6e, 0x05,
  0xc5, 0x02, 0xc3, 0x02, 0xc4, 0x02, 0xc4, 0x02, 0xc4, 0x02, 0xc4, 0x02,
  0xc4, 0x02, 0xc4, 0x01, 0xc4, 0x02, 0x6b, 0x0c, 0x5b, 0x0c, 0x5b, 0x0c,
  0x5b, 0x0c, 0x5b, 0x0c, 0x5b, 0x0c, 0x5b, 0x0c, 0x5b, 0x0c, 0x5b, 0x0c,
  0x56, 0x0f, 0x54, 0x0f, 0x55, 0x0f, 0x55, 0x0f, 0x55, 0x0f, 0x55, 0x0f,
  0x55, 0x0f, 0x55, 0x0f, 0x44, 0x0f, 0xbb, 0x0d, 0xcc, 0x0c, 0xcc, 0x0c,
  0xcc, 0x0c, 0xcc, 0x0c, 0xcc, 0x0c, 0xcc, 0x0c, 0xcc, 0x0c, 0xdc, 0x0d,
  0x9f, 0x09, 0x7f, 0x07, 0x7f, 0x07, 0x7f, 0x07, 0x7f, 0x07, 0x7f, 0x07,
  0x7f, 0x07, 0x7f, 0x07, 0x7f, 0x07, 0x7b, 0x0d, 0x76, 0x0f, 0x77, 0x0f,
  0x77, 0x0f, 0x77, 0x0f, 0x77, 0x0f, 0x77, 0x0f, 0x77, 0x0f, 0x77, 0x0f,
  0xa6, 0x0e, 0xc5, 0x0d, 0xc5, 0x0d, 0xc5, 0x0d, 0xc5, 0x0d, 0xc5, 0x0d,
  0xc5, 0x0d, 0xc5, 0x0d, 0xc5, 0x0d, 0x95, 0x0d, 0x44, 0x0d, 0x54, 0x0d,
  0x54, 0x0d, 0x54, 0x0d, 0x54, 0x0d, 0x54, 0x0d, 0x54, 0x0d, 0x43, 0x0d,
  0xaa, 0x0b, 0xff, 0x02, 0xef, 0x04, 0xef, 0x04, 0xef, 0x04, 0xef, 0x04,
  0xef, 0x04, 0xef, 0x04, 0xef, 0x04, 0xef, 0x04, 0xef, 0x04, 0xef, 0x04,
  0xef, 0x04, 0xef, 0x04, 0xff, 0x02, 0xaa, 0x0b, 0x43, 0x0d, 0x54, 0x0d,
  0x54, 0x0d, 0x54, 0x0d, 0x54, 0x0d, 0x54, 0x0d, 0x54, 0x0d, 0x44, 0x0d,
  0xb6, 0x0a, 0xe7, 0x05, 0xd7, 0x05, 0xd7, 0x05, 0xd7, 0x05, 0xd7, 0x05,
  0xd7, 0x05, 0xd7, 0x05, 0xe7, 0x06, 0xa5, 0x04, 0x00, 0x00, 0x00, 0x00,
  0x00, 0x00, 0x00, 0x00, 0x00, 0x00, 0x00, 0x00, 0x00, 0x00, 0x00, 0x00,
  0x85, 0x09, 0xd8, 0x0e, 0xc8, 0x0e, 0xc8, 0x0e, 0xc8, 0x0e, 0xc8, 0x0e,
  0xc8, 0x0e, 0xc8, 0x0e, 0xd8, 0x0e, 0xc7, 0x0c, 0xb3, 0x00, 0xb3, 0x02,
  0xb3, 0x02, 0xb3, 0x02, 0xb3, 0x02, 0xb3, 0x02, 0xb3, 0x02, 0xb3, 0x00,
  0xa6, 0x06, 0x5b, 0x0c, 0x5b, 0x0c, 0x5b, 0x0c, 0x5b, 0x0c, 0x5b, 0x0c,
  0x5b, 0x0c, 0x5b, 0x0c, 0x5b, 0x0c, 0x8c, 0x0d, 0xff, 0x0f, 0xff, 0x0f,
  0xff, 0x0f, 0xff, 0x0f, 0xff, 0x0f, 0xff, 0x0f, 0xff, 0x0f, 0xff, 0x0f,
  0xff, 0x0f, 0x5e, 0x05, 0x5e, 0x05, 0x5e, 0x05, 0x5e, 0x05, 0x5e, 0x05,
  0x5e, 0x05, 0x5e, 0x05, 0x5e, 0x05, 0x6e, 0x05, 0xc5, 0x02, 0xc3, 0x02,
  0xc4, 0x02, 0xc4, 0x02, 0xc4, 0x02, 0xc4, 0x02, 0xc4, 0x02, 0xc4, 0x01,
  0xc4, 0x02, 0x6b, 0x0c, 0x5b, 0x0c, 0x5b, 0x0c, 0x5b, 0x0c, 0x5b, 0x0c,
  0x5b, 0x0c, 0x5b, 0x0c, 0x5b, 0x0c, 0x5b, 0x0c, 0x56, 0x0f, 0x54, 0x0f,
  0x55, 0x0f, 0x55, 0x0f, 0x55, 0x0f, 0x55, 0x0f, 0x55, 0x0f, 0x55, 0x0f,
  0x44, 0x0f, 0xbb, 0x0d, 0xcc, 0x0c, 0xcc, 0x0c, 0xcc, 0x0c, 0xcc, 0x0c,
  0xcc, 0x0c, 0xcc, 0x0c, 0xcc, 0x0c, 0xdc, 0x0d, 0x9f, 0x09, 0x7f, 0x07,
  0x7f, 0x07, 0x7f, 0x07, 0x7f, 0x07, 0x7f, 0x07, 0x7f, 0x07, 0x7f, 0x07,
  0x7f, 0x07, 0x7b, 0x0d, 0x76, 0x0f, 0x77, 0x0f, 0x77, 0x0f, 0x77, 0x0f,
  0x77, 0x0f, 0x77, 0x0f, 0x77, 0x0f, 0x77, 0x0f, 0xa6, 0x0e, 0xc5, 0x0d,
  0xc5, 0x0d, 0xc5, 0x0d, 0xc5, 0x0d, 0xc5, 0x0d, 0xc5, 0x0d, 0xc5, 0x0d,
  0xc5, 0x0d, 0x95, 0x0d, 0x44, 0x0d, 0x54, 0x0d, 0x54, 0x0d, 0x54, 0x0d,
  0x54, 0x0d, 0x54, 0x0d, 0x54, 0x0d, 0x43, 0x0d, 0xaa, 0x0b, 0xff, 0x02,
  0xef, 0x04, 0xef, 0x04, 0xef, 0x04, 0xef, 0x04, 0xef, 0x04, 0xef, 0x04,
  0xef, 0x04, 0xef, 0x04, 0xef, 0x04, 0xef, 0x04, 0xef, 0x04, 0xef, 0x04,
  0xff, 0x02, 0xaa, 0x0b, 0x43, 0x0d, 0x54, 0x0d, 0x54, 0x0d, 0x54, 0x0d,
  0x54, 0x0d, 0x54, 0x0d, 0x54, 0x0d, 0x44, 0x0d, 0xb6, 0x0a, 0xe7, 0x05,
  0xd7, 0x05, 0xd7, 0x05, 0xd7, 0x05, 0xd7, 0x05, 0xd7, 0x05, 0xd7, 0x05,
  0xe7, 0x06, 0xa5, 0x04, 0x00, 0x00, 0x00, 0x00, 0x00, 0x00, 0x00, 0x00,
  0x00, 0x00, 0x00, 0x00, 0x00, 0x00, 0x00, 0x00, 0x85, 0x09, 0xd8, 0x0e,
  0xc8, 0x0e, 0xc8, 0x0e, 0xc8, 0x0e, 0xc8, 0x0e, 0xc8, 0x0e, 0xc8, 0x0e,
  0xd8, 0x0e, 0xc7, 0x0c, 0xb3, 0x00, 0xb3, 0x02, 0xb3, 0x02, 0xb3, 0x02,
  0xb3, 0x02, 0xb3, 0x02, 0xb3, 0x02, 0xb3, 0x00, 0xa6, 0x06, 0x5b, 0x0c,
  0x5b, 0x0c, 0x5b, 0x0c, 0x5b, 0x0c, 0x5b, 0x0c, 0x5b, 0x0c, 0x5b, 0x0c,
  0x5b, 0x0c, 0x8c, 0x0d, 0xff, 0x0f, 0xff, 0x0f, 0xff, 0x0f, 0xff, 0x0f,
  0xff, 0x0f, 0xff, 0x0f, 0xff, 0x0f, 0xff, 0x0f, 0xff, 0x0f, 0x5e, 0x05,
  0x5e, 0x05, 0x5e, 0x05, 0x5e, 0x05, 0x5e, 0x05, 0x5e, 0x05, 0x5e, 0x05,
  0x5e, 0x05, 0x6e, 0x05, 0xc5, 0x02, 0xc3, 0x02, 0xc4, 0x02, 0xc4, 0x02,
  0xc4, 0x02, 0xc4, 0x02, 0xc4, 0x02, 0xc4, 0x01, 0xc4, 0x02, 0x6b, 0x0c,
  0x5b, 0x0c, 0x5b, 0x0c, 0x5b, 0x0c, 0x5b, 0x0c, 0x5b, 0x0c, 0x5b, 0x0c,
  0x5b, 0x0c, 0x5b, 0x0c, 0x56, 0x0f, 0x54, 0x0f, 0x55, 0x0f, 0x55, 0x0f,
  0x55, 0x0f, 0x55, 0x0f, 0x55, 0x0f, 0x55, 0x0f, 0x44, 0x0f, 0xbb, 0x0d,
  0xcc, 0x0c, 0xcc, 0x0c, 0xcc, 0x0c, 0xcc, 0x0c, 0xcc, 0x0c, 0xcc, 0x0c,
  0xcc, 0x0c, 0xdc, 0x0d, 0x9f, 0x09, 0x7f, 0x07, 0x7f, 0x07, 0x7f, 0x07,
  0x7f, 0x07, 0x7f, 0x07, 0x7f, 0x07, 0x7f, 0x07, 0x7f, 0x07, 0x7b, 0x0d,
  0x76, 0x0f, 0x77, 0x0f, 0x77, 0x0f, 0x77, 0x0f, 0x77, 0x0f, 0x77, 0x0f,
  0x77, 0x0f, 0x77, 0x0f, 0xa6, 0x0e, 0xc5, 0x0d, 0xc5, 0x0d, 0xc5, 0x0d,
  0xc5, 0x0d, 0xc5, 0x0d, 0xc5, 0x0d, 0xc5, 0x0d, 0xc5, 0x0d, 0x95, 0x0d,
  0x44, 0x0d, 0x54, 0x0d, 0x54, 0x0d, 0x54, 0x0d, 0x54, 0x0d, 0x54, 0x0d,
  0x54, 0x0d, 0x43, 0x0d, 0xaa, 0x0b, 0xff, 0x02, 0xef, 0x04, 0xef, 0x04,
  0xef, 0x04, 0xef, 0x04, 0xef, 0x04, 0xef, 0x04, 0xef, 0x04, 0xef, 0x04,
  0xef, 0x04, 0xef, 0x04, 0xef, 0x04, 0xef, 0x04, 0xff, 0x02, 0xaa, 0x0b,
  0x43, 0x0d, 0x54, 0x0d, 0x54, 0x0d, 0x54, 0x0d, 0x54, 0x0d, 0x54, 0x0d,
  0x54, 0x0d, 0x44, 0x0d, 0xb6, 0x0a, 0xe7, 0x05, 0xd7, 0x05, 0xd7, 0x05,
  0xd7, 0x05, 0xd7, 0x05, 0xd7, 0x05, 0xd7, 0x05, 0xe7, 0x06, 0xa5, 0x04,
  0x00, 0x00, 0x00, 0x00, 0x00, 0x00, 0x00, 0x00, 0x00, 0x00, 0x00, 0x00,
  0x00, 0x00, 0x00, 0x00, 0x85, 0x09, 0xd8, 0x0e, 0xc8, 0x0e, 0xc8, 0x0e,
  0xc8, 0x0e, 0xc8, 0x0e, 0xc8, 0x0e, 0xc8, 0x0e, 0xd8, 0x0e, 0xc7, 0x0c,
  0xb3, 0x00, 0xb3, 0x02, 0xb3, 0x02, 0xb3, 0x02, 0xb3, 0x02, 0xb3, 0x02,
  0xb3, 0x02, 0xb3, 0x00, 0xa6, 0x06, 0x5b, 0x0c, 0x5b, 0x0c, 0x5b, 0x0c,
  0x5b, 0x0c, 0x5b, 0x0c, 0x5b, 0x0c, 0x5b, 0x0c, 0x5b, 0x0c, 0x8c, 0x0d,
  0xff, 0x0f, 0xff, 0x0f, 0xff, 0x0f, 0xff, 0x0f, 0xff, 0x0f, 0xff, 0x0f,
  0xff, 0x0f, 0xff, 0x0f, 0xff, 0x0f, 0x5e, 0x05, 0x5e, 0x05, 0x5e, 0x05,
  0x5e, 0x05, 0x5e, 0x05, 0x5e, 0x05, 0x5e, 0x05, 0x5e, 0x05, 0x6e, 0x05,
  0xc5, 0x02, 0xc3, 0x02, 0xc4, 0x02, 0xc4, 0x02, 0xc4, 0x02, 0xc4, 0x02,
  0xc4, 0x02, 0xc4, 0x01, 0xc4, 0x02, 0x6b, 0x0c, 0x5b, 0x0c, 0x5b, 0x0c,
  0x5b, 0x0c, 0x5b, 0x0c, 0x5b, 0x0c, 0x5b, 0x0c, 0x5b, 0x0c, 0x5b, 0x0c,
  0x56, 0x0f, 0x54, 0x0f, 0x55, 0x0f, 0x55, 0x0f, 0x55, 0x0f, 0x55, 0x0f,
  0x55, 0x0f, 0x55, 0x0f, 0x44, 0x0f, 0xbb, 0x0d, 0xcc, 0x0c, 0xcc, 0x0c,
  0xcc, 0x0c, 0xcc, 0x0c, 0xcc, 0x0c, 0xcc, 0x0c, 0xcc, 0x0c, 0xdc, 0x0d,
  0x9f, 0x09, 0x7f, 0x07, 0x7f, 0x07, 0x7f, 0x07, 0x7f, 0x07, 0x7f, 0x07,
  0x7f, 0x07, 0x7f, 0x07, 0x7f, 0x07, 0x7b, 0x0d, 0x76, 0x0f, 0x77, 0x0f,
  0x77, 0x0f, 0x77, 0x0f, 0x77, 0x0f, 0x77, 0x0f, 0x77, 0x0f, 0x77, 0x0f,
  0xa6, 0x0e, 0xc5, 0x0d, 0xc5, 0x0d, 0xc5, 0x0d, 0xc5, 0x0d, 0xc5, 0x0d,
  0xc5, 0x0d, 0xc5, 0x0d, 0xc5, 0x0d, 0x95, 0x0d, 0x44, 0x0d, 0x54, 0x0d,
  0x54, 0x0d, 0x54, 0x0d, 0x54, 0x0d, 0x54, 0x0d, 0x54, 0x0d, 0x43, 0x0d,
  0xaa, 0x0b, 0xff, 0x02, 0xef, 0x04, 0xef, 0x04, 0xef, 0x04, 0xef, 0x04,
  0xef, 0x04, 0xef, 0x04, 0xef, 0x04, 0xef, 0x04, 0xef, 0x04, 0xef, 0x04,
  0xef, 0x04, 0xef, 0x04, 0xff, 0x02, 0xaa, 0x0b, 0x43, 0x0d, 0x54, 0x0d,
  0x54, 0x0d, 0x54, 0x0d, 0x54, 0x0d, 0x54, 0x0d, 0x54, 0x0d, 0x44, 0x0d,
  0xb6, 0x0a, 0xe7, 0x05, 0xd7, 0x05, 0xd7, 0x05, 0xd7, 0x05, 0xd7, 0x05,
  0xd7, 0x05, 0xd7, 0x05, 0xe7, 0x06, 0xa5, 0x04, 0x00, 0x00, 0x00, 0x00,
  0x00, 0x00, 0x00, 0x00, 0x00, 0x00, 0x00, 0x00, 0x00, 0x00, 0x00, 0x00,
  0x85, 0x09, 0xd8, 0x0e, 0xc8, 0x0e, 0xc8, 0x0e, 0xc8, 0x0e, 0xc8, 0x0e,
  0xc8, 0x0e, 0xc8, 0x0e, 0xd8, 0x0e, 0xc7, 0x0c, 0xb3, 0x00, 0xb3, 0x02,
  0xb3, 0x02, 0xb3, 0x02, 0xb3, 0x02, 0xb3, 0x02, 0xb3, 0x02, 0xb3, 0x00,
  0xa6, 0x06, 0x5b, 0x0c, 0x5b, 0x0c, 0x5b, 0x0c, 0x5b, 0x0c, 0x5b, 0x0c,
  0x5b, 0x0c, 0x5b, 0x0c, 0x5b, 0x0c, 0x8c, 0x0d, 0xff, 0x0f, 0xff, 0x0f,
  0xff, 0x0f, 0xff, 0x0f, 0xff, 0x0f, 0xff, 0x0f, 0xff, 0x0f, 0xff, 0x0f,
  0xff, 0x0f, 0x5e, 0x05, 0x5e, 0x05, 0x5e, 0x05, 0x5e, 0x05, 0x5e, 0x05,
  0x5e, 0x05, 0x5e, 0x05, 0x5e, 0x05, 0x6e, 0x05, 0xc5, 0x02, 0xc3, 0x02,
  0xc4, 0x02, 0xc4, 0x02, 0xc4, 0x02, 0xc4, 0x02, 0xc4, 0x02, 0xc4, 0x01,
  0xc4, 0x02, 0x6b, 0x0c, 0x5b, 0x0c, 0x5b, 0x0c, 0x5b, 0x0c, 0x5b, 0x0c,
  0x5b, 0x0c, 0x5b, 0x0c, 0x5b, 0x0c, 0x5b, 0x0c, 0x56, 0x0f, 0x54, 0x0f,
  0x55, 0x0f, 0x55, 0x0f, 0x55, 0x0f, 0x55, 0x0f, 0x55, 0x0f, 0x55, 0x0f,
  0x44, 0x0f, 0xbb, 0x0d, 0xcc, 0x0c, 0xcc, 0x0c, 0xcc, 0x0c, 0xcc, 0x0c,
  0xcc, 0x0c, 0xcc, 0x0c, 0xcc, 0x0c, 0xdc, 0x0d, 0x9f, 0x09, 0x7f, 0x07,
  0x7f, 0x07, 0x7f, 0x07, 0x7f, 0x07, 0x7f, 0x07, 0x7f, 0x07, 0x7f, 0x07,
  0x7f, 0x07, 0x7b, 0x0d, 0x76, 0x0f, 0x77, 0x0f, 0x77, 0x0f, 0x77, 0x0f,
  0x77, 0x0f, 0x77, 0x0f, 0x77, 0x0f, 0x77, 0x0f, 0xa6, 0x0e, 0xc5, 0x0d,
  0xc5, 0x0d, 0xc5, 0x0d, 0xc5, 0x0d, 0xc5, 0x0d, 0xc5, 0x0d, 0xc5, 0x0d,
  0xc5, 0x0d, 0x95, 0x0d, 0x44, 0x0d, 0x54, 0x0d, 0x54, 0x0d, 0x54, 0x0d,
  0x54, 0x0d, 0x54, 0x0d, 0x54, 0x0d, 0x43, 0x0d, 0xaa, 0x0b, 0xff, 0x02,
  0xef, 0x04, 0xef, 0x04, 0xef, 0x04, 0xef, 0x04, 0xef, 0x04, 0xef, 0x04,
  0xef, 0x04, 0xef, 0x04, 0xef, 0x04, 0xef, 0x04, 0xef, 0x04, 0xef, 0x04,
  0xff, 0x02, 0xaa, 0x0b, 0x43, 0x0d, 0x54, 0x0d, 0x54, 0x0d, 0x54, 0x0d,
  0x54, 0x0d, 0x54, 0x0d, 0x54, 0x0d, 0x44, 0x0d, 0xb6, 0x0a, 0xe7, 0x05,
  0xd7, 0x05, 0xd7, 0x05, 0xd7, 0x05, 0xd7, 0x05, 0xd7, 0x05, 0xd7, 0x05,
  0xe7, 0x06, 0xa5, 0x04, 0x00, 0x00, 0x00, 0x00, 0x00, 0x00, 0x00, 0x00,
  0x00, 0x00, 0x00, 0x00, 0x00, 0x00, 0x00, 0x00, 0x85, 0x09, 0xd8, 0x0e,
  0xc8, 0x0e, 0xc8, 0x0e, 0xc8, 0x0e, 0xc8, 0x0e, 0xc8, 0x0e, 0xc8, 0x0e,
  0xd8, 0x0e, 0xc7, 0x0c, 0xb3, 0x00, 0xb3, 0x02, 0xb3, 0x02, 0xb3, 0x02,
  0xb3, 0x02, 0xb3, 0x02, 0xb3, 0x02, 0xb3, 0x00, 0xa6, 0x06, 0x5b, 0x0c,
  0x5b, 0x0c, 0x5b, 0x0c, 0x5b, 0x0c, 0x5b, 0x0c, 0x5b, 0x0c, 0x5b, 0x0c,
  0x5b, 0x0c, 0x8c, 0x0d, 0xff, 0x0f, 0xff, 0x0f, 0xff, 0x0f, 0xff, 0x0f,
  0xff, 0x0f, 0xff, 0x0f, 0xff, 0x0f, 0xff, 0x0f, 0xff, 0x0f, 0x5e, 0x05,
  0x5e, 0x05, 0x5e, 0x05, 0x5e, 0x05, 0x5e, 0x05, 0x5e, 0x05, 0x5e, 0x05,
  0x5e, 0x05, 0x6e, 0x05, 0xc5, 0x02, 0xc3, 0x02, 0xc4, 0x02, 0xc4, 0x02,
  0xc4, 0x02, 0xc4, 0x02, 0xc4, 0x02, 0xc4, 0x01, 0xc4, 0x02, 0x6b, 0x0c,
  0x5b, 0x0c, 0x5b, 0x0c, 0x5b, 0x0c, 0x5b, 0x0c, 0x5b, 0x0c, 0x5b, 0x0c,
  0x5b, 0x0c, 0x5b, 0x0c, 0x56, 0x0f, 0x54, 0x0f, 0x55, 0x0f, 0x55, 0x0f,
  0x55, 0x0f, 0x55, 0x0f, 0x55, 0x0f, 0x55, 0x0f, 0x44, 0x0f, 0xbb, 0x0d,
  0xcc, 0x0c, 0xcc, 0x0c, 0xcc, 0x0c, 0xcc, 0x0c, 0xcc, 0x0c, 0xcc, 0x0c,
  0xcc, 0x0c, 0xdc, 0x0d, 0x9f, 0x09, 0x7f, 0x07, 0x7f, 0x07, 0x7f, 0x07,
  0x7f, 0x07, 0x7f, 0x07, 0x7f, 0x07, 0x7f, 0x07, 0x7f, 0x07, 0x7b, 0x0d,
  0x76, 0x0f, 0x77, 0x0f, 0x77, 0x0f, 0x77, 0x0f, 0x77, 0x0f, 0x77, 0x0f,
  0x77, 0x0f, 0x77, 0x0f, 0xa6, 0x0e, 0xc5, 0x0d, 0xc5, 0x0d, 0xc5, 0x0d,
  0xc5, 0x0d, 0xc5, 0x0d, 0xc5, 0x0d, 0xc5, 0x0d, 0xc5, 0x0d, 0x95, 0x0d,
  0x44, 0x0d, 0x54, 0x0d, 0x54, 0x0d, 0x54, 0x0d, 0x54, 0x0d, 0x54, 0x0d,
  0x54, 0x0d, 0x43, 0x0d, 0xaa, 0x0b, 0xff, 0x02, 0xef, 0x04, 0xef, 0x04,
  0xef, 0x04, 0xef, 0x04, 0xef, 0x04, 0xef, 0x04, 0xef, 0x04, 0xef, 0x04,
  0xef, 0x04, 0xef, 0x04, 0xef, 0x04, 0xef, 0x04, 0xff, 0x02, 0xaa, 0x0b,
  0x32, 0x0d, 0x44, 0x0d, 0x44, 0x0d, 0x44, 0x0d, 0x44, 0x0d, 0x44, 0x0d,
  0x44, 0x0d, 0x34, 0x0d, 0xb6, 0x0a, 0xe7, 0x05, 0xd7, 0x05, 0xd7, 0x05,
  0xd7, 0x05, 0xd7, 0x05, 0xd7, 0x05, 0xd7, 0x05, 0xe7, 0x06, 0xa5, 0x04,
  0x00, 0x00, 0x00, 0x00, 0x00, 0x00, 0x00, 0x00, 0x00, 0x00, 0x00, 0x00,
  0x00, 0x00, 0x00, 0x00, 0x84, 0x09, 0xd8, 0x0e, 0xc7, 0x0e, 0xc7, 0x0e,
  0xc7, 0x0e, 0xc7, 0x0e, 0xc7, 0x0e, 0xc7, 0x0e, 0xd8, 0x0e, 0xc6, 0x0c,
  0xa2, 0x00, 0xb3, 0x02, 0xb3, 0x02, 0xb3, 0x02, 0xb3, 0x02, 0xb3, 0x02,
  0xb3, 0x02, 0xb2, 0x00, 0xa6, 0x06, 0x5b, 0x0c, 0x5b, 0x0c, 0x5b, 0x0c,
  0x5b, 0x0c, 0x5b, 0x0c, 0x5b, 0x0c, 0x5b, 0x0c, 0x4b, 0x0c, 0x8c, 0x0d,
  0xff, 0x0f, 0xff, 0x0f, 0xff, 0x0f, 0xff, 0x0f, 0xff, 0x0f, 0xff, 0x0f,
  0xff, 0x0f, 0xff, 0x0f, 0xff, 0x0f, 0x5e, 0x05, 0x4e, 0x05, 0x5e, 0x05,
  0x5e, 0x05, 0x5e, 0x05, 0x5e, 0x05, 0x5e, 0x05, 0x4e, 0x05, 0x5e, 0x05,
  0xc5, 0x02, 0xc3, 0x01, 0xc3, 0x02, 0xc3, 0x02, 0xc3, 0x02, 0xc3, 0x02,
  0xc3, 0x02, 0xc3, 0x01, 0xc4, 0x02, 0x6b, 0x0c, 0x5b, 0x0c, 0x5b, 0x0c,
  0x5b, 0x0c, 0x5b, 0x0c, 0x5b, 0x0c, 0x5b, 0x0c, 0x5b, 0x0c, 0x5b, 0x0c,
  0x56, 0x0f, 0x54, 0x0f, 0x54, 0x0f, 0x54, 0x0f, 0x54, 0x0f, 0x54, 0x0f,
  0x54, 0x0f, 0x54, 0x0f, 0x44, 0x0f, 0xbb, 0x0d, 0xcc, 0x0c, 0xcc, 0x0c,
  0xcc, 0x0c, 0xcc, 0x0c, 0xcc, 0x0c, 0xcc, 0x0c, 0xcc, 0x0c, 0xcc, 0x0d,
  0x9f, 0x09, 0x6f, 0x07, 0x7f, 0x07, 0x7f, 0x07, 0x7f, 0x07, 0x7f, 0x07,
  0x7f, 0x07, 0x7f, 0x07, 0x7f, 0x07, 0x7b, 0x0d, 0x76, 0x0f, 0x77, 0x0f,
  0x77, 0x0f, 0x77, 0x0f, 0x77, 0x0f, 0x77, 0x0f, 0x77, 0x0f, 0x77, 0x0f,
  0xa6, 0x0e, 0xc4, 0x0d, 0xc4, 0x0d, 0xc4, 0x0d, 0xc4, 0x0d, 0xc4, 0x0d,
  0xc4, 0x0d, 0xc4, 0x0d, 0xc4, 0x0d, 0x94, 0x0d, 0x44, 0x0d, 0x44, 0x0d,
  0x44, 0x0d, 0x44, 0x0d, 0x44, 0x0d, 0x44, 0x0d, 0x44, 0x0d, 0x32, 0x0d,
  0xaa, 0x0b, 0xff, 0x02, 0xef, 0x04, 0xef, 0x04, 0xef, 0x04, 0xef, 0x04,
  0xef, 0x04, 0xef, 0x04, 0xef, 0x04, 0xef, 0x04, 0xef, 0x04, 0xef, 0x04,
  0xef, 0x04, 0xef, 0x04, 0xff, 0x02, 0xab, 0x0a, 0x66, 0x0d, 0x66, 0x0c,
  0x66, 0x0c, 0x66, 0x0c, 0x66, 0x0c, 0x66, 0x0c, 0x66, 0x0c, 0x66, 0x0d,
  0xb7, 0x09, 0xe8, 0x05, 0xd8, 0x05, 0xd8, 0x05, 0xd8, 0x05, 0xd8, 0x05,
  0xd8, 0x05, 0xd8, 0x05, 0xe8, 0x05, 0xa7, 0x04, 0x34, 0x00, 0x45, 0x00,
  0x45, 0x00, 0x45, 0x00, 0x45, 0x00, 0x45, 0x00, 0x45, 0x00, 0x44, 0x00,
  0x96, 0x09, 0xd9, 0x0e, 0xd9, 0x0d, 0xd9, 0x0d, 0xd9, 0x0d, 0xd9, 0x0d,
  0xd9, 0x0d, 0xd9, 0x0d, 0xd9, 0x0e, 0xc8, 0x0b, 0xb6, 0x00, 0xb6, 0x02,
  0xb6, 0x02, 0xb6, 0x02, 0xb6, 0x02, 0xb6, 0x02, 0xb6, 0x02, 0xb5, 0x00,
  0xa8, 0x06, 0x7c, 0x0c, 0x7c, 0x0c, 0x7c, 0x0c, 0x7c, 0x0c, 0x7c, 0x0c,
  0x7c, 0x0c, 0x7c, 0x0c, 0x6c, 0x0c, 0x9c, 0x0c, 0xff, 0x0f, 0xff, 0x0f,
  0xff, 0x0f, 0xff, 0x0f, 0xff, 0x0f, 0xff, 0x0f, 0xff, 0x0f, 0xff, 0x0f,
  0xff, 0x0e, 0x7e, 0x05, 0x6e, 0x05, 0x6e, 0x05, 0x6e, 0x05, 0x6e, 0x05,
  0x6e, 0x05, 0x6e, 0x05, 0x6f, 0x05, 0x7e, 0x05, 0xc7, 0x02, 0xc6, 0x02,
  0xc6, 0x02, 0xc6, 0x02, 0xc6, 0x02, 0xc6, 0x02, 0xc6, 0x02, 0xc6, 0x02,
  0xc6, 0x03, 0x8b, 0x0b, 0x7c, 0x0c, 0x7c, 0x0c, 0x7c, 0x0c, 0x7c, 0x0c,
  0x7c, 0x0c, 0x7c, 0x0c, 0x7c, 0x0c, 0x7c, 0x0c, 0x78, 0x0e, 0x66, 0x0f,
  0x67, 0x0f, 0x67, 0x0f, 0x67, 0x0f, 0x67, 0x0f, 0x67, 0x0f, 0x67, 0x0f,
  0x66, 0x0f, 0xbc, 0x0d, 0xdd, 0x0c, 0xdd, 0x0c, 0xdd, 0x0c, 0xdd, 0x0c,
  0xdd, 0x0c, 0xdd, 0x0c, 0xdd, 0x0c, 0xdc, 0x0c, 0xaf, 0x09, 0x8f, 0x07,
  0x8f, 0x07, 0x8f, 0x07, 0x8f, 0x07, 0x8f, 0x07, 0x8f, 0x07, 0x8f, 0x07,
  0x8f, 0x06, 0x8c, 0x0d, 0x88, 0x0f, 0x88, 0x0f, 0x88, 0x0f, 0x88, 0x0f,
  0x88, 0x0f, 0x88, 0x0f, 0x88, 0x0f, 0x88, 0x0f, 0xa7, 0x0e, 0xc7, 0x0c,
  0xc7, 0x0c, 0xc7, 0x0c, 0xc7, 0x0c, 0xc7, 0x0c, 0xc7, 0x0c, 0xc7, 0x0c,
  0xc7, 0x0c, 0xa6, 0x0c, 0x66, 0x0c, 0x66, 0x0c, 0x66, 0x0c, 0x66, 0x0c,
  0x66, 0x0c, 0x66, 0x0c, 0x66, 0x0c, 0x66, 0x0d, 0xab, 0x0a, 0xff, 0x02,
  0xef, 0x04, 0xef, 0x04, 0xef, 0x04, 0xef, 0x04, 0xef, 0x04, 0xef, 0x04,
  0xef, 0x04, 0xef, 0x04, 0xef, 0x04, 0xef, 0x04, 0xef, 0x04, 0xef, 0x04,
  0xef, 0x04, 0xef, 0x04, 0xef, 0x04, 0xef, 0x04, 0xef, 0x04, 0xef, 0x04,
  0xef, 0x04, 0xef, 0x04, 0xef, 0x04, 0xef, 0x04, 0xef, 0x04, 0xef, 0x04,
  0xef, 0x04, 0xef, 0x04, 0xef, 0x04, 0xef, 0x04, 0xef, 0x04, 0xef, 0x04,
  0xef, 0x04, 0xef, 0x04, 0xef, 0x04, 0xef, 0x04, 0xef, 0x04, 0xef, 0x04,
  0xef, 0x04, 0xef, 0x04, 0xef, 0x04, 0xef, 0x04, 0xef, 0x04, 0xef, 0x05,
  0xef, 0x05, 0xef, 0x05, 0xef, 0x05, 0xef, 0x05, 0xef, 0x05, 0xef, 0x05,
  0xef, 0x05, 0xef, 0x04, 0xef, 0x04, 0xef, 0x04, 0xef, 0x04, 0xef, 0x04,
  0xef, 0x04, 0xef, 0x04, 0xef, 0x04, 0xef, 0x04, 0xef, 0x04, 0xef, 0x04,
  0xef, 0x04, 0xef, 0x04, 0xef, 0x04, 0xef, 0x04, 0xef, 0x04, 0xef, 0x04,
  0xef, 0x04, 0xef, 0x04, 0xef, 0x05, 0xef, 0x05, 0xef, 0x05, 0xef, 0x05,
  0xef, 0x05, 0xef, 0x05, 0xef, 0x05, 0xef, 0x05, 0xef, 0x05, 0xef, 0x04,
  0xef, 0x04, 0xef, 0x04, 0xef, 0x04, 0xef, 0x04, 0xef, 0x04, 0xef, 0x04,
  0xef, 0x04, 0xef, 0x04, 0xef, 0x04, 0xef, 0x04, 0xef, 0x04, 0xef, 0x04,
  0xef, 0x04, 0xef, 0x04, 0xef, 0x04, 0xef, 0x04, 0xef, 0x04, 0xef, 0x04,
  0xef, 0x04, 0xef, 0x04, 0xef, 0x04, 0xef, 0x04, 0xef, 0x04, 0xef, 0x04,
  0xef, 0x04, 0xef, 0x04, 0xef, 0x05, 0xef, 0x05, 0xef, 0x05, 0xef, 0x05,
  0xef, 0x05, 0xef, 0x05, 0xef, 0x05, 0xef, 0x05, 0xef, 0x05, 0xef, 0x04,
  0xef, 0x04, 0xef, 0x04, 0xef, 0x04, 0xef, 0x04, 0xef, 0x04, 0xef, 0x04,
  0xef, 0x04, 0xef, 0x04, 0xef, 0x04, 0xef, 0x04, 0xef, 0x04, 0xef, 0x04,
  0xef, 0x04, 0xef, 0x04, 0xef, 0x04, 0xef, 0x04, 0xef, 0x04, 0xef, 0x04,
  0xef, 0x05, 0xef, 0x05, 0xef, 0x05, 0xef, 0x05, 0xef, 0x05, 0xef, 0x05,
  0xef, 0x05, 0xef, 0x05, 0xef, 0x05, 0xef, 0x04, 0xef, 0x04, 0xef, 0x04,
  0xef, 0x04, 0xef, 0x04, 0xef, 0x04, 0xef, 0x04, 0xef, 0x04, 0xef, 0x04,
  0xef, 0x04, 0xef, 0x04, 0xef, 0x04, 0xef, 0x04, 0xef, 0x04, 0xef, 0x04,
  0xef, 0x04, 0xef, 0x04, 0xef, 0x04, 0xef, 0x04, 0xef, 0x04, 0xef, 0x04,
  0xef, 0x04, 0xef, 0x04, 0xef, 0x04, 0xef, 0x04, 0xef, 0x04, 0xef, 0x04,
  0xef, 0x04, 0xef, 0x04, 0xef, 0x04, 0xef, 0x04, 0xef, 0x04, 0xef, 0x04,
  0xef, 0x03, 0xef, 0x03, 0xef, 0x03, 0xef, 0x03, 0xef, 0x03, 0xef, 0x03,
  0xef, 0x03, 0xef, 0x03, 0xef, 0x04, 0xef, 0x04, 0xef, 0x04, 0xef, 0x04,
  0xef, 0x04, 0xef, 0x04, 0xef, 0x04, 0xef, 0x04, 0xef, 0x04, 0xef, 0x04,
  0xef, 0x04, 0xef, 0x04, 0xef, 0x04, 0xef, 0x04, 0xef, 0x04, 0xef, 0x04,
  0xef, 0x04, 0xef, 0x04, 0xef, 0x04, 0xef, 0x03, 0xef, 0x03, 0xef, 0x03,
  0xef, 0x03, 0xef, 0x03, 0xef, 0x03, 0xef, 0x03, 0xef, 0x03, 0xef, 0x04,
  0xef, 0x04, 0xef, 0x04, 0xef, 0x04, 0xef, 0x04, 0xef, 0x04, 0xef, 0x04,
  0xef, 0x04, 0xef, 0x04, 0xef, 0x04, 0xef, 0x04, 0xef, 0x04, 0xef, 0x04,
  0xef, 0x04, 0xef, 0x04, 0xef, 0x04, 0xef, 0x04, 0xef, 0x04, 0xef, 0x03,
  0xef, 0x03, 0xef, 0x03, 0xef, 0x03, 0xef, 0x03, 0xef, 0x03, 0xef, 0x03,
  0xef, 0x03, 0xef, 0x03, 0xef, 0x03, 0xef, 0x04, 0xef, 0x04, 0xef, 0x04,
  0xef, 0x04, 0xef, 0x04, 0xef, 0x04, 0xef, 0x04, 0xef, 0x04, 0xef, 0x04,
  0xef, 0x04, 0xef, 0x04, 0xef, 0x04, 0xef, 0x04, 0xef, 0x04, 0xef, 0x04,
  0xef, 0x04, 0xef, 0x04, 0xef, 0x04, 0xef, 0x04, 0xef, 0x04, 0xef, 0x04,
  0xef, 0x04, 0xef, 0x04, 0xef, 0x04, 0xef, 0x04, 0xef, 0x04, 0xef, 0x04,
  0xef, 0x03, 0xef, 0x03, 0xef, 0x03, 0xef, 0x03, 0xef, 0x03, 0xef, 0x03,
  0xef, 0x03, 0xef, 0x03, 0xef, 0x03, 0xef, 0x03, 0xef, 0x04, 0xef, 0x04,
  0xef, 0x04, 0xef, 0x04, 0xef, 0x04, 0xef, 0x04, 0xef, 0x04, 0xef, 0x04,
  0xef, 0x04, 0xef, 0x04, 0xef, 0x04, 0xef, 0x04, 0xef, 0x04, 0xef, 0x04,
  0xef, 0x04, 0xef, 0x04, 0xef, 0x04, 0xef, 0x03, 0xef, 0x03, 0xef, 0x03,
  0xef, 0x03, 0xef, 0x03, 0xef, 0x03, 0xef, 0x03, 0xef, 0x03, 0xef, 0x03,
  0xef, 0x03, 0xef, 0x03, 0xef, 0x03, 0xef, 0x03, 0xef, 0x03, 0xef, 0x03,
  0xef, 0x03, 0xef, 0x03, 0xef, 0x03, 0xef, 0x03, 0xef, 0x03, 0xef, 0x03,
  0xef, 0x03, 0xef, 0x03, 0xef, 0x03, 0xef, 0x03, 0xef, 0x03, 0xef, 0x03,
  0xef, 0x04, 0xef, 0x04, 0xef, 0x04, 0xef, 0x04, 0xef, 0x04, 0xef, 0x04,
  0xef, 0x04, 0xef, 0x04, 0xef, 0x04, 0xef, 0x04, 0xef, 0x04, 0xef, 0x04,
  0xef, 0x04, 0xef, 0x04, 0xef, 0x04, 0xef, 0x04, 0xef, 0x04, 0xef, 0x04,
  0xef, 0x04, 0xef, 0x04, 0xef, 0x04, 0xef, 0x04, 0xef, 0x04, 0xef, 0x04,
  0xef, 0x04, 0xef, 0x04, 0xef, 0x04, 0xef, 0x04, 0xef, 0x04, 0xef, 0x04,
  0xef, 0x04, 0xef, 0x04, 0xef, 0x04, 0xef, 0x04, 0xef, 0x04, 0xef, 0x04,
  0xef, 0x04, 0xef, 0x04, 0xef, 0x04, 0xef, 0x04, 0xef, 0x04, 0xef, 0x04,
  0xef, 0x04, 0xef, 0x04, 0xef, 0x04, 0xef, 0x04, 0xef, 0x04, 0xef, 0x04,
  0xef, 0x04, 0xef, 0x04, 0xef, 0x04, 0xef, 0x04, 0xef, 0x04, 0xef, 0x04,
  0xef, 0x04, 0xef, 0x04, 0xef, 0x04, 0xef, 0x04, 0xef, 0x04, 0xef, 0x04,
  0xef, 0x04, 0xef, 0x04, 0xef, 0x04, 0xef, 0x04, 0xef, 0x04, 0xef, 0x04,
  0xef, 0x04, 0xef, 0x04, 0xef, 0x04, 0xef, 0x04, 0xef, 0x04, 0xef, 0x04,
  0xef, 0x04, 0xef, 0x04, 0xef, 0x04, 0xef, 0x04, 0xef, 0x04, 0xef, 0x04,
  0xef, 0x04, 0xef, 0x04, 0xef, 0x04, 0xef, 0x04, 0xef, 0x04, 0xef, 0x04,
  0xef, 0x04, 0xef, 0x04, 0xef, 0x04, 0xef, 0x04, 0xef, 0x04, 0xef, 0x04,
  0xef, 0x04, 0xef, 0x04, 0xef, 0x04, 0xef, 0x04, 0xef, 0x04, 0xef, 0x04,
  0xef, 0x04, 0xef, 0x04, 0xef, 0x04, 0xef, 0x04, 0xef, 0x04, 0xef, 0x04,
  0xef, 0x04, 0xef, 0x04, 0xef, 0x04, 0xef, 0x04, 0xef, 0x04, 0xef, 0x04,
  0xef, 0x04, 0xef, 0x04, 0xef, 0x04, 0xef, 0x04, 0xef, 0x04, 0xef, 0x04,
  0xef, 0x04, 0xef, 0x04, 0xef, 0x04, 0xef, 0x04, 0xef, 0x04, 0xef, 0x04,
  0xef, 0x04, 0xef, 0x04, 0xef, 0x04, 0xef, 0x04, 0xef, 0x04, 0xef, 0x04,
  0xef, 0x04, 0xef, 0x04, 0xef, 0x04, 0xef, 0x04, 0xef, 0x04, 0xef, 0x04,
  0xef, 0x04, 0xef, 0x04, 0xef, 0x04, 0xef, 0x04, 0xef, 0x04, 0xef, 0x04,
  0xef, 0x04, 0xef, 0x04, 0xef, 0x04, 0xef, 0x04, 0xef, 0x04, 0xef, 0x04,
  0xef, 0x04, 0xef, 0x04, 0xef, 0x04, 0xef, 0x04, 0xef, 0x04, 0xef, 0x04,
  0xef, 0x04, 0xef, 0x04, 0xef, 0x04, 0xef, 0x04, 0xef, 0x04, 0xef, 0x04,
  0xef, 0x04, 0xef, 0x04, 0xef, 0x04, 0xef, 0x04, 0xef, 0x04, 0xef, 0x04,
  0xef, 0x04, 0xef, 0x04, 0xef, 0x04, 0xef, 0x04, 0xef, 0x04, 0xef, 0x04,
  0xef, 0x04, 0xef, 0x04, 0xef, 0x04, 0xef, 0x04, 0xef, 0x04, 0xef, 0x04,
  0xef, 0x04, 0xef, 0x04, 0xef, 0x04, 0xef, 0x04, 0xef, 0x04, 0xef, 0x04,
  0xef, 0x04, 0xef, 0x04, 0xef, 0x04, 0xef, 0x04, 0xef, 0x04, 0xef, 0x04,
  0xef, 0x04, 0xef, 0x04, 0xef, 0x04, 0xef, 0x04, 0xef, 0x04, 0xef, 0x04,
  0xef, 0x04, 0xef, 0x04, 0xef, 0x04, 0xff, 0x04, 0xff, 0x04, 0xef, 0x04,
  0xef, 0x04, 0xef, 0x04, 0xef, 0x04, 0xef, 0x04, 0xef, 0x04, 0xef, 0x04,
  0xff, 0x04, 0xef, 0x04, 0xef, 0x04, 0xef, 0x04, 0xff, 0x04, 0xff, 0x04,
  0xef, 0x04, 0xef, 0x04, 0xef, 0x04, 0xef, 0x04, 0xef, 0x04, 0xef, 0x04,
  0xef, 0x04, 0xef, 0x04, 0xef, 0x04, 0xef, 0x04, 0xef, 0x04, 0xef, 0x04,
  0xef, 0x04, 0xef, 0x04, 0xef, 0x04, 0xef, 0x04, 0xff, 0x04, 0xff, 0x04,
  0xef, 0x04, 0xef, 0x04, 0xff, 0x04, 0xff, 0x04, 0xff, 0x04, 0xef, 0x04,
  0xef, 0x04, 0xef, 0x04, 0xef, 0x04, 0xef, 0x04, 0xef, 0x04, 0xef, 0x04,
  0xff, 0x04, 0xef, 0x04, 0xef, 0x04, 0xef, 0x04, 0xff, 0x04, 0xff, 0x04,
  0xef, 0x04, 0xef, 0x04, 0xef, 0x04, 0xef, 0x04, 0xef, 0x04, 0xef, 0x04,
  0xef, 0x04, 0xff, 0x04, 0xff, 0x04, 0xff, 0x04, 0xef, 0x04, 0xef, 0x04,
  0xef, 0x04, 0xef, 0x04, 0xef, 0x04, 0xef, 0x04, 0xef, 0x04, 0xff, 0x04,
  0xef, 0x04, 0xef, 0x04, 0xef, 0x04, 0xff, 0x04, 0xff, 0x04, 0xef, 0x04,
  0xef, 0x04, 0xff, 0x04, 0xff, 0x04, 0xef, 0x04, 0xef, 0x04, 0xef, 0x04,
  0xef, 0x04, 0xef, 0x04, 0xef, 0x04, 0xef, 0x04, 0xef, 0x04, 0xef, 0x04,
  0xef, 0x04, 0xef, 0x04, 0xef, 0x04, 0xff, 0x04, 0xff, 0x04, 0xef, 0x04,
  0xef, 0x04, 0xef, 0x04, 0xef, 0x04, 0xef, 0x04, 0xef, 0x04, 0xef, 0x04,
  0xff, 0x04, 0xff, 0x04, 0xef, 0x04, 0xef, 0x04, 0xef, 0x04, 0xff, 0x04,
  0xef, 0x04, 0xef, 0x04, 0xef, 0x04, 0xef, 0x04, 0xef, 0x04, 0xef, 0x04,
  0xef, 0x04, 0xef, 0x04, 0xef, 0x04, 0xef, 0x04, 0xef, 0x04, 0xef, 0x04,
  0xef, 0x04, 0xef, 0x04, 0xef, 0x04, 0xef, 0x04, 0xef, 0x04, 0xef, 0x04,
  0xef, 0x04, 0xef, 0x04, 0xef, 0x04, 0xef, 0x04, 0xef, 0x04, 0xef, 0x04,
  0xef, 0x04, 0xef, 0x04, 0xef, 0x04, 0xef, 0x04, 0xef, 0x04, 0xef, 0x04,
  0xef, 0x04, 0xef, 0x04, 0xef, 0x04, 0xef, 0x04, 0xef, 0x04, 0xef, 0x04,
  0xef, 0x04, 0xef, 0x04, 0xef, 0x04, 0xef, 0x04, 0xef, 0x04, 0xef, 0x04,
  0xef, 0x04, 0xef, 0x04, 0xef, 0x04, 0xef, 0x04, 0xef, 0x04, 0xef, 0x04,
  0xef, 0x04, 0xef, 0x04, 0xef, 0x04, 0xef, 0x04, 0xef, 0x04, 0xef, 0x04,
  0xde, 0x03, 0xbb, 0x03, 0xbc, 0x03, 0xef, 0x04, 0xff, 0x04, 0xde, 0x03,
  0xde, 0x03, 0xef, 0x04, 0xef, 0x04, 0xbc, 0x03, 0xab, 0x02, 0xdd, 0x03,
  0xff, 0x04, 0xde, 0x03, 0xab, 0x02, 0xbb, 0x03, 0xef, 0x04, 0xef, 0x04,
  0xef, 0x04, 0xcd, 0x03, 0xef, 0x04, 0xef, 0x04, 0xef, 0x04, 0xef, 0x04,
  0xef, 0x04, 0xef, 0x04, 0xef, 0x04, 0xef, 0x04, 0xef, 0x04, 0xef, 0x04,
  0xef, 0x04, 0xee, 0x04, 0xbb, 0x02, 0xab, 0x02, 0xcc, 0x03, 0xee, 0x04,
  0xab, 0x02, 0xbb, 0x02, 0xab, 0x02, 0xee, 0x03, 0xcd, 0x03, 0xef, 0x04,
  0xef, 0x04, 0xcd, 0x03, 0xef, 0x04, 0xcd, 0x03, 0xab, 0x02, 0xcc, 0x03,
  0xef, 0x04, 0xef, 0x04, 0xbb, 0x03, 0xab, 0x02, 0xde, 0x03, 0xef, 0x04,
  0xef, 0x04, 0xef, 0x04, 0xef, 0x04, 0xef, 0x04, 0xef, 0x04, 0xbc, 0x03,
  0xab, 0x02, 0xbc, 0x03, 0xef, 0x04, 0xcd, 0x03, 0xef, 0x04, 0xee, 0x03,
  0xdd, 0x03, 0xef, 0x04, 0xbc, 0x03, 0xab, 0x02, 0xdd, 0x03, 0xef, 0x04,
  0xde, 0x03, 0xab, 0x02, 0xab, 0x02, 0xdd, 0x03, 0xde, 0x03, 0xab, 0x02,
  0xab, 0x02, 0xcd, 0x03, 0xef, 0x04, 0xcd, 0x03, 0xef, 0x04, 0xef, 0x04,
  0xcd, 0x03, 0xde, 0x03, 0xdd, 0x03, 0xff, 0x04, 0xdd, 0x03, 0xee, 0x03,
  0xcc, 0x03, 0xab, 0x02, 0xab, 0x02, 0xcc, 0x03, 0xee, 0x03, 0xdd, 0x03,
  0xff, 0x04, 0xde, 0x03, 0xde, 0x03, 0xef, 0x04, 0xbb, 0x03, 0xab, 0x02,
  0xbc, 0x03, 0xef, 0x04, 0xcd, 0x03, 0xab, 0x02, 0xbc, 0x03, 0xef, 0x04,
  0xef, 0x04, 0xef, 0x04, 0xef, 0x04, 0xef, 0x04, 0xef, 0x04, 0xef, 0x04,
  0xef, 0x04, 0xef, 0x04, 0xef, 0x04, 0xef, 0x04, 0xef, 0x04, 0xef, 0x04,
  0xef, 0x04, 0xef, 0x04, 0xef, 0x04, 0xef, 0x04, 0xef, 0x04, 0xef, 0x04,
  0xef, 0x04, 0xef, 0x04, 0xef, 0x04, 0xef, 0x04, 0xef, 0x04, 0xef, 0x04,
  0xef, 0x04, 0xef, 0x04, 0xef, 0x04, 0xef, 0x04, 0xef, 0x04, 0xef, 0x04,
  0xef, 0x04, 0xef, 0x04, 0xef, 0x04, 0xef, 0x04, 0xef, 0x04, 0xef, 0x04,
  0xef, 0x04, 0xef, 0x04, 0xef, 0x04, 0xef, 0x04, 0xef, 0x04, 0xef, 0x04,
  0xef, 0x04, 0xef, 0x04, 0xef, 0x04, 0xef, 0x04, 0xef, 0x04, 0xef, 0x04,
  0xef, 0x04, 0xef, 0x04, 0xef, 0x04, 0xde, 0x03, 0xbc, 0x03, 0xbb, 0x03,
  0xcc, 0x03, 0xbc, 0x03, 0xde, 0x03, 0x89, 0x02, 0xcc, 0x03, 0xff, 0x04,
  0xcc, 0x03, 0xcd, 0x03, 0xee, 0x03, 0xab, 0x02, 0xde, 0x03, 0xaa, 0x02,
  0xde, 0x03, 0xcd, 0x03, 0xbb, 0x03, 0xff, 0x04, 0xcd, 0x03, 0x77, 0x01,
  0xee, 0x04, 0xef, 0x04, 0xef, 0x04, 0xef, 0x04, 0xef, 0x04, 0xef, 0x04,
  0xef, 0x04, 0xef, 0x04, 0xef, 0x04, 0xef, 0x04, 0xef, 0x04, 0xef, 0x04,
  0xdd, 0x03, 0x99, 0x02, 0xef, 0x04, 0xdd, 0x03, 0xaa, 0x02, 0xde, 0x03,
  0xde, 0x03, 0xef, 0x04, 0xbc, 0x03, 0xdd, 0x03, 0xee, 0x03, 0xbb, 0x02,
  0xde, 0x03, 0xbb, 0x02, 0xee, 0x04, 0xcc, 0x03, 0xcd, 0x03, 0xbb, 0x03,
  0xcd, 0x03, 0xde, 0x03, 0xcc, 0x03, 0xef, 0x04, 0xef, 0x04, 0xef, 0x04,
  0xef, 0x04, 0xef, 0x04, 0xef, 0x04, 0xde, 0x03, 0x99, 0x02, 0xde, 0x03,
  0xef, 0x04, 0x77, 0x01, 0xcd, 0x03, 0xde, 0x03, 0xbb, 0x03, 0xcc, 0x03,
  0xcc, 0x03, 0xde, 0x03, 0xcc, 0x03, 0xef, 0x04, 0xef, 0x04, 0xcc, 0x03,
  0xaa, 0x02, 0xef, 0x04, 0xcc, 0x03, 0xbc, 0x03, 0xee, 0x04, 0xab, 0x02,
  0xde, 0x03, 0xaa, 0x02, 0xef, 0x04, 0xee, 0x04, 0xaa, 0x02, 0xdd, 0x03,
  0x88, 0x02, 0xcc, 0x03, 0x88, 0x02, 0xdd, 0x03, 0xaa, 0x02, 0xdd, 0x03,
  0xde, 0x03, 0xee, 0x03, 0xdd, 0x03, 0x77, 0x01, 0xde, 0x03, 0xcc, 0x03,
  0xcd, 0x03, 0xef, 0x04, 0xdd, 0x03, 0x99, 0x02, 0xee, 0x03, 0xde, 0x03,
  0xab, 0x02, 0xde, 0x03, 0xcd, 0x03, 0xde, 0x03, 0xef, 0x04, 0xef, 0x04,
  0xef, 0x04, 0xef, 0x04, 0xef, 0x04, 0xef, 0x04, 0xef, 0x04, 0xef, 0x04,
  0xef, 0x04, 0xef, 0x04, 0xef, 0x04, 0xef, 0x04, 0xef, 0x04, 0xef, 0x04,
  0xef, 0x04, 0xef, 0x04, 0xef, 0x04, 0xef, 0x04, 0xef, 0x04, 0xef, 0x04,
  0xef, 0x04, 0xef, 0x04, 0xef, 0x04, 0xef, 0x04, 0xef, 0x04, 0xef, 0x04,
  0xef, 0x04, 0xef, 0x04, 0xef, 0x04, 0xef, 0x04, 0xef, 0x04, 0xef, 0x04,
  0xef, 0x04, 0xef, 0x04, 0xef, 0x04, 0xef, 0x04, 0xef, 0x04, 0xef, 0x04,
  0xef, 0x04, 0xef, 0x04, 0xef, 0x04, 0xef, 0x04, 0xef, 0x04, 0xef, 0x04,
  0xef, 0x04, 0xef, 0x04, 0xef, 0x04, 0xef, 0x04, 0xef, 0x04, 0xef, 0x04,
  0xff, 0x04, 0xbb, 0x03, 0xbb, 0x03, 0xbc, 0x03, 0xef, 0x04, 0xbb, 0x03,
  0xdd, 0x03, 0xcd, 0x03, 0xcc, 0x03, 0xff, 0x04, 0xcd, 0x03, 0xbc, 0x03,
  0xdd, 0x03, 0x99, 0x02, 0xee, 0x03, 0xbc, 0x03, 0xaa, 0x02, 0xaa, 0x02,
  0xcd, 0x03, 0xef, 0x04, 0xee, 0x03, 0xab, 0x02, 0xee, 0x03, 0xef, 0x04,
  0xef, 0x04, 0xef, 0x04, 0xef, 0x04, 0xef, 0x04, 0xef, 0x04, 0xef, 0x04,
  0xef, 0x04, 0xef, 0x04, 0xef, 0x04, 0xef, 0x04, 0xee, 0x03, 0xab, 0x02,
  0xff, 0x04, 0xdd, 0x03, 0x78, 0x01, 0xab, 0x02, 0xee, 0x04, 0xef, 0x04,
  0xff, 0x04, 0xaa, 0x02, 0x99, 0x02, 0xef, 0x04, 0xde, 0x03, 0x9a, 0x02,
  0xdd, 0x03, 0xbb, 0x02, 0xcc, 0x03, 0xee, 0x03, 0xaa, 0x02, 0xaa, 0x02,
  0xcd, 0x03, 0xef, 0x04, 0xef, 0x04, 0xef, 0x04, 0xef, 0x04, 0xef, 0x04,
  0xef, 0x04, 0xef, 0x04, 0xaa, 0x02, 0xef, 0x04, 0xee, 0x04, 0xab, 0x02,
  0xdd, 0x03, 0xab, 0x02, 0xbb, 0x03, 0xef, 0x04, 0xab, 0x02, 0xaa, 0x02,
  0xcc, 0x03, 0xef, 0x04, 0xef, 0x04, 0xdd, 0x03, 0xbc, 0x03, 0xff, 0x04,
  0xcc, 0x03, 0xab, 0x02, 0xde, 0x03, 0xab, 0x02, 0xde, 0x03, 0xaa, 0x02,
  0xef, 0x04, 0xee, 0x04, 0xab, 0x02, 0xdd, 0x03, 0xbc, 0x03, 0xde, 0x03,
  0xbc, 0x03, 0xdd, 0x03, 0x9a, 0x02, 0x9a, 0x02, 0xcd, 0x03, 0xff, 0x04,
  0xdd, 0x03, 0xbc, 0x03, 0xcd, 0x03, 0x9a, 0x02, 0xcd, 0x03, 0xff, 0x04,
  0xef, 0x04, 0xaa, 0x02, 0xff, 0x04, 0xef, 0x04, 0xbc, 0x03, 0xaa, 0x02,
  0xbb, 0x02, 0xef, 0x04, 0xef, 0x04, 0xef, 0x04, 0xef, 0x04, 0xef, 0x04,
  0xef, 0x04, 0xef, 0x04, 0xef, 0x04, 0xef, 0x04, 0xef, 0x04, 0xef, 0x04,
  0xef, 0x04, 0xef, 0x04, 0xef, 0x04, 0xef, 0x04, 0xef, 0x04, 0xef, 0x04,
  0xef, 0x04, 0xef, 0x04, 0xef, 0x04, 0xef, 0x04, 0xef, 0x04, 0xef, 0x04,
  0xef, 0x04, 0xef, 0x04, 0xef, 0x04, 0xef, 0x04, 0xef, 0x04, 0xef, 0x04,
  0xef, 0x04, 0xef, 0x04, 0xef, 0x04, 0xef, 0x04, 0xef, 0x04, 0xef, 0x04,
  0xef, 0x04, 0xef, 0x04, 0xef, 0x04, 0xef, 0x04, 0xef, 0x04, 0xef, 0x04,
  0xef, 0x04, 0xef, 0x04, 0xef, 0x04, 0xef, 0x04, 0xef, 0x04, 0xef, 0x04,
  0xef, 0x04, 0xef, 0x04, 0xef, 0x04, 0xef, 0x04, 0xff, 0x04, 0xbc, 0x03,
  0xcc, 0x03, 0xbb, 0x03, 0xde, 0x03, 0xbb, 0x02, 0xee, 0x04, 0xdd, 0x03,
  0xcc, 0x03, 0xff, 0x04, 0xef, 0x04, 0xcd, 0x03, 0xcd, 0x03, 0x89, 0x02,
  0xde, 0x03, 0xaa, 0x02, 0xff, 0x04, 0xee, 0x03, 0xab, 0x02, 0xff, 0x04,
  0xff, 0x04, 0xab, 0x02, 0xef, 0x04, 0xef, 0x04, 0xef, 0x04, 0xef, 0x04,
  0xef, 0x04, 0xef, 0x04, 0xef, 0x04, 0xef, 0x04, 0xef, 0x04, 0xef, 0x04,
  0xef, 0x04, 0xef, 0x04, 0xee, 0x03, 0xab, 0x02, 0xff, 0x04, 0xdd, 0x03,
  0xbc, 0x03, 0xff, 0x04, 0xff, 0x04, 0xef, 0x04, 0xde, 0x03, 0xbb, 0x03,
  0xbb, 0x03, 0xde, 0x03, 0xde, 0x03, 0x99, 0x02, 0xcc, 0x03, 0xaa, 0x02,
  0xcc, 0x03, 0xef, 0x04, 0xef, 0x04, 0xff, 0x04, 0x9a, 0x02, 0xef, 0x04,
  0xef, 0x04, 0xef, 0x04, 0xef, 0x04, 0xef, 0x04, 0xef, 0x04, 0xff, 0x04,
  0xaa, 0x02, 0xef, 0x04, 0xee, 0x04, 0xaa, 0x02, 0xff, 0x04, 0xcc, 0x03,
  0xbb, 0x02, 0xef, 0x04, 0xef, 0x04, 0xff, 0x04, 0xab, 0x02, 0xde, 0x03,
  0xff, 0x04, 0xdd, 0x03, 0xbc, 0x03, 0xff, 0x04, 0xcc, 0x03, 0xaa, 0x02,
  0x89, 0x02, 0xcd, 0x03, 0xff, 0x04, 0x9a, 0x02, 0xff, 0x04, 0xef, 0x04,
  0xab, 0x02, 0xdd, 0x03, 0xcc, 0x03, 0xff, 0x04, 0xbc, 0x03, 0xdd, 0x03,
  0xab, 0x02, 0xef, 0x04, 0xff, 0x04, 0xff, 0x04, 0xdd, 0x03, 0xbc, 0x03,
  0xff, 0x04, 0xaa, 0x02, 0xcd, 0x03, 0xff, 0x04, 0xef, 0x04, 0xaa, 0x02,
  0xef, 0x04, 0xef, 0x04, 0xef, 0x04, 0xff, 0x04, 0xcd, 0x03, 0xbc, 0x03,
  0xff, 0x04, 0xef, 0x04, 0xef, 0x04, 0xef, 0x04, 0xef, 0x04, 0xef, 0x04,
  0xef, 0x04, 0xef, 0x04, 0xef, 0x04, 0xef, 0x04, 0xef, 0x04, 0xef, 0x04,
  0xef, 0x04, 0xef, 0x04, 0xef, 0x04, 0xef, 0x04, 0xef, 0x04, 0xef, 0x04,
  0xef, 0x04, 0xef, 0x04, 0xef, 0x04, 0xef, 0x04, 0xef, 0x04, 0xef, 0x04,
  0xef, 0x04, 0xef, 0x04, 0xef, 0x04, 0xef, 0x04, 0xef, 0x04, 0xef, 0x04,
  0xef, 0x04, 0xef, 0x04, 0xef, 0x04, 0xef, 0x04, 0xef, 0x04, 0xef, 0x04,
  0xef, 0x04, 0xef, 0x04, 0xef, 0x04, 0xef, 0x04, 0xef, 0x04, 0xef, 0x04,
  0xef, 0x04, 0xef, 0x04, 0xef, 0x04, 0xef, 0x04, 0xef, 0x04, 0xef, 0x04,
  0xef, 0x04, 0xef, 0x04, 0xef, 0x04, 0xef, 0x04, 0xbc, 0x03, 0xaa, 0x02,
  0xab, 0x02, 0xdd, 0x03, 0xde, 0x03, 0x99, 0x02, 0x89, 0x02, 0xdd, 0x03,
  0xef, 0x04, 0xcc, 0x03, 0xbb, 0x03, 0xbb, 0x03, 0xef, 0x04, 0xbc, 0x03,
  0xab, 0x02, 0xab, 0x02, 0xcd, 0x03, 0xff, 0x04, 0xcc, 0x03, 0x78, 0x01,
  0xab, 0x02, 0xef, 0x04, 0xef, 0x04, 0xef, 0x04, 0xef, 0x04, 0xef, 0x04,
  0xef, 0x04, 0xef, 0x04, 0xef, 0x04, 0xef, 0x04, 0xef, 0x04, 0xef, 0x04,
  0xee, 0x03, 0xab, 0x02, 0xff, 0x04, 0xde, 0x03, 0x89, 0x02, 0xbb, 0x03,
  0xab, 0x02, 0xee, 0x03, 0xab, 0x02, 0xee, 0x03, 0xef, 0x04, 0xaa, 0x02,
  0xde, 0x03, 0xbb, 0x03, 0xff, 0x04, 0xdd, 0x03, 0xcc, 0x03, 0xdd, 0x03,
  0xab, 0x02, 0xab, 0x02, 0xbc, 0x03, 0xef, 0x04, 0xef, 0x04, 0xef, 0x04,
  0xef, 0x04, 0xef, 0x04, 0xef, 0x04, 0xbc, 0x03, 0x77, 0x01, 0xbb, 0x03,
  0xee, 0x04, 0xab, 0x02, 0xff, 0x04, 0xde, 0x03, 0xbc, 0x03, 0xde, 0x03,
  0xab, 0x02, 0xab, 0x02, 0xbb, 0x03, 0xef, 0x04, 0xef, 0x04, 0xdd, 0x03,
  0xbc, 0x03, 0xff, 0x04, 0xcc, 0x03, 0xcd, 0x03, 0xef, 0x04, 0xbb, 0x03,
  0xef, 0x04, 0xcc, 0x03, 0xab, 0x02, 0xab, 0x02, 0xcd, 0x03, 0xdd, 0x03,
  0xcc, 0x03, 0xff, 0x04, 0xbc, 0x03, 0xdd, 0x03, 0xaa, 0x02, 0xab, 0x02,
  0xab, 0x02, 0xcc, 0x03, 0xde, 0x03, 0xbc, 0x03, 0xff, 0x04, 0xcd, 0x03,
  0xcd, 0x03, 0xff, 0x04, 0xef, 0x04, 0xab, 0x02, 0xef, 0x04, 0xef, 0x04,
  0xbb, 0x03, 0xab, 0x02, 0xab, 0x02, 0xde, 0x03, 0xef, 0x04, 0xef, 0x04,
  0xef, 0x04, 0xef, 0x04, 0xef, 0x04, 0xef, 0x04, 0xef, 0x04, 0xef, 0x04,
  0xef, 0x04, 0xef, 0x04, 0xef, 0x04, 0xef, 0x04, 0xef, 0x04, 0xef, 0x04,
  0xef, 0x04, 0xef, 0x04, 0xef, 0x04, 0xef, 0x04, 0xef, 0x04, 0xef, 0x04,
  0xef, 0x04, 0xef, 0x04, 0xef, 0x04, 0xef, 0x04, 0xef, 0x04, 0xef, 0x04,
  0xef, 0x04, 0xef, 0x04, 0xef, 0x04, 0xef, 0x04, 0xef, 0x04, 0xef, 0x04,
  0xef, 0x04, 0xef, 0x04, 0xef, 0x04, 0xef, 0x04, 0xef, 0x04, 0xef, 0x04,
  0xef, 0x04, 0xef, 0x04, 0xef, 0x04, 0xef, 0x04, 0xef, 0x04, 0xef, 0x04,
  0xef, 0x04, 0xef, 0x04, 0xef, 0x04, 0xef, 0x04, 0xef, 0x04, 0xef, 0x04,
  0xef, 0x04, 0xef, 0x04, 0xef, 0x04, 0xde, 0x03, 0xde, 0x03, 0xef, 0x04,
  0xef, 0x04, 0xde, 0x03, 0xde, 0x03, 0xee, 0x04, 0xef, 0x04, 0xde, 0x03,
  0xde, 0x03, 0xef, 0x04, 0xef, 0x04, 0xef, 0x04, 0xde, 0x03, 0xde, 0x03,
  0xef, 0x04, 0xef, 0x04, 0xee, 0x03, 0xde, 0x03, 0xde, 0x03, 0xef, 0x04,
  0xef, 0x04, 0xef, 0x04, 0xef, 0x04, 0xef, 0x04, 0xef, 0x04, 0xef, 0x04,
  0xef, 0x04, 0xef, 0x04, 0xef, 0x04, 0xef, 0x04, 0xef, 0x04, 0xef, 0x04,
  0xef, 0x04, 0xef, 0x04, 0xde, 0x03, 0xde, 0x03, 0xde, 0x03, 0xef, 0x04,
  0xef, 0x04, 0xef, 0x04, 0xef, 0x04, 0xef, 0x04, 0xef, 0x04, 0xef, 0x04,
  0xef, 0x04, 0xef, 0x04, 0xef, 0x04, 0xef, 0x04, 0xde, 0x03, 0xde, 0x03,
  0xef, 0x04, 0xef, 0x04, 0xef, 0x04, 0xef, 0x04, 0xef, 0x04, 0xef, 0x04,
  0xef, 0x04, 0xde, 0x03, 0xde, 0x03, 0xde, 0x03, 0xef, 0x04, 0xef, 0x04,
  0xef, 0x04, 0xef, 0x04, 0xef, 0x04, 0xef, 0x04, 0xee, 0x03, 0xde, 0x03,
  0xef, 0x04, 0xef, 0x04, 0xef, 0x04, 0xef, 0x04, 0xef, 0x04, 0xef, 0x04,
  0xef, 0x04, 0xef, 0x04, 0xef, 0x04, 0xef, 0x04, 0xef, 0x04, 0xef, 0x04,
  0xde, 0x03, 0xde, 0x03, 0xef, 0x04, 0xef, 0x04, 0xef, 0x04, 0xef, 0x04,
  0xef, 0x04, 0xef, 0x04, 0xee, 0x04, 0xde, 0x03, 0xde, 0x03, 0xee, 0x03,
  0xef, 0x04, 0xef, 0x04, 0xef, 0x04, 0xef, 0x04, 0xef, 0x04, 0xef, 0x04,
  0xef, 0x04, 0xef, 0x04, 0xef, 0x04, 0xef, 0x04, 0xef, 0x04, 0xde, 0x03,
  0xee, 0x03, 0xef, 0x04, 0xef, 0x04, 0xef, 0x04, 0xef, 0x04, 0xef, 0x04,
  0xef, 0x04, 0xef, 0x04, 0xef, 0x04, 0xef, 0x04, 0xef, 0x04, 0xef, 0x04,
  0xef, 0x04, 0xef, 0x04, 0xef, 0x04, 0xef, 0x04, 0xef, 0x04, 0xef, 0x04,
  0xef, 0x04, 0xef, 0x04, 0xef, 0x04, 0xef, 0x04, 0xef, 0x04, 0xef, 0x04,
  0xef, 0x04, 0xef, 0x04, 0xef, 0x04, 0xef, 0x04, 0xef, 0x04, 0xef, 0x04,
  0xef, 0x04, 0xef, 0x04, 0xef, 0x04, 0xef, 0x04, 0xef, 0x04, 0xef, 0x04,
  0xef, 0x04, 0xef, 0x04, 0xef, 0x04, 0xef, 0x04, 0xef, 0x04, 0xef, 0x04,
  0xef, 0x04, 0xef, 0x04, 0xef, 0x04, 0xef, 0x04, 0xef, 0x04, 0xef, 0x04,
  0xef, 0x04, 0xef, 0x04, 0xef, 0x04, 0xef, 0x04, 0xef, 0x04, 0xef, 0x04,
  0xef, 0x04, 0xef, 0x04, 0xef, 0x04, 0xef, 0x04, 0xef, 0x04, 0xef, 0x04,
  0xef, 0x04, 0xef, 0x04, 0xef, 0x04, 0xef, 0x04, 0xef, 0x04, 0xef, 0x04,
  0xef, 0x04, 0xef, 0x04, 0xef, 0x04, 0xef, 0x04, 0xef, 0x04, 0xef, 0x04,
  0xef, 0x04, 0xef, 0x04, 0xef, 0x04, 0xef, 0x04, 0xef, 0x04, 0xef, 0x04,
  0xef, 0x04, 0xef, 0x04, 0xef, 0x04, 0xef, 0x04, 0xef, 0x04, 0xef, 0x04,
  0xef, 0x04, 0xef, 0x04, 0xef, 0x04, 0xef, 0x04, 0xef, 0x04, 0xef, 0x04,
  0xef, 0x04, 0xef, 0x04, 0xef, 0x04, 0xef, 0x04, 0xef, 0x04, 0xef, 0x04,
  0xef, 0x04, 0xef, 0x04, 0xef, 0x04, 0xef, 0x04, 0xef, 0x04, 0xef, 0x04,
  0xef, 0x04, 0xef, 0x04, 0xef, 0x04, 0xef, 0x04, 0xef, 0x04, 0xef, 0x04,
  0xef, 0x04, 0xef, 0x04, 0xef, 0x04, 0xef, 0x04, 0xef, 0x04, 0xef, 0x04,
  0xef, 0x04, 0xef, 0x04, 0xef, 0x04, 0xef, 0x04, 0xef, 0x04, 0xef, 0x04,
  0xef, 0x04, 0xef, 0x04, 0xef, 0x04, 0xef, 0x04, 0xef, 0x04, 0xef, 0x04,
  0xef, 0x04, 0xef, 0x04, 0xef, 0x04, 0xef, 0x04, 0xef, 0x04, 0xef, 0x04,
  0xef, 0x04, 0xef, 0x04, 0xef, 0x04, 0xef, 0x04, 0xef, 0x04, 0xef, 0x04,
  0xef, 0x04, 0xef, 0x04, 0xef, 0x04, 0xef, 0x04, 0xef, 0x04, 0xef, 0x04,
  0xef, 0x04, 0xef, 0x04, 0xef, 0x04, 0xef, 0x04, 0xef, 0x04, 0xef, 0x04,
  0xef, 0x04, 0xef, 0x04, 0xef, 0x04, 0xef, 0x04, 0xef, 0x04, 0xef, 0x04,
  0xef, 0x04, 0xef, 0x04, 0xef, 0x04, 0xef, 0x04, 0xef, 0x04, 0xef, 0x04,
  0xef, 0x04, 0xef, 0x04, 0xef, 0x04, 0xef, 0x04, 0xef, 0x04, 0xef, 0x04,
  0xef, 0x04, 0xef, 0x04, 0xef, 0x04, 0xef, 0x04, 0xef, 0x04, 0xef, 0x04,
  0xef, 0x04, 0xef, 0x04, 0xef, 0x04, 0xef, 0x04, 0xef, 0x04, 0xef, 0x04,
  0xef, 0x04, 0xef, 0x04, 0xef, 0x04, 0xef, 0x04, 0xef, 0x04, 0xef, 0x04,
  0xef, 0x04, 0xef, 0x04, 0xef, 0x04, 0xef, 0x04, 0xef, 0x04, 0xef, 0x04,
  0xef, 0x04, 0xef, 0x04, 0xef, 0x04, 0xef, 0x04, 0xef, 0x04, 0xef, 0x04,
  0xef, 0x04, 0xef, 0x04, 0xef, 0x04, 0xef, 0x04, 0xef, 0x04, 0xef, 0x04,
  0xef, 0x04, 0xef, 0x04, 0xef, 0x04, 0xef, 0x04, 0xef, 0x04, 0xef, 0x04,
  0xef, 0x04, 0xef, 0x04, 0xef, 0x04, 0xef, 0x04, 0xef, 0x04, 0xef, 0x04,
  0xef, 0x04, 0xef, 0x04, 0xef, 0x04, 0xef, 0x04, 0xef, 0x04, 0xef, 0x04,
  0xef, 0x04, 0xef, 0x04, 0xef, 0x04, 0xef, 0x04, 0xef, 0x04, 0xef, 0x04,
  0xef, 0x04, 0xef, 0x04, 0xef, 0x04, 0xef, 0x04, 0xef, 0x04, 0xef, 0x04,
  0xef, 0x04, 0xef, 0x04, 0xef, 0x04, 0xef, 0x04, 0xef, 0x04, 0xef, 0x04,
  0xef, 0x04, 0xef, 0x04, 0xef, 0x04, 0xef, 0x04, 0xef, 0x04, 0xef, 0x04,
  0xef, 0x04, 0xef, 0x04, 0xef, 0x04, 0xef, 0x04, 0xef, 0x04, 0xef, 0x04,
  0xef, 0x04, 0xef, 0x04, 0xef, 0x04, 0xef, 0x04, 0xef, 0x04, 0xef, 0x04,
  0xef, 0x04, 0xef, 0x04, 0xef, 0x04, 0xef, 0x04, 0xef, 0x04, 0xef, 0x04,
  0xef, 0x04, 0xef, 0x04, 0xef, 0x04, 0xef, 0x04, 0xef, 0x04, 0xef, 0x04,
  0xef, 0x04, 0xef, 0x04, 0xef, 0x04, 0xef, 0x04, 0xef, 0x04, 0xef, 0x04,
  0xef, 0x04, 0xef, 0x04, 0xef, 0x04, 0xef, 0x04, 0xef, 0x04, 0xef, 0x04,
  0xef, 0x04, 0xef, 0x04, 0xef, 0x04, 0xef, 0x04, 0xef, 0x04, 0xef, 0x04,
  0xef, 0x04, 0xef, 0x04, 0xef, 0x04, 0xef, 0x04, 0xef, 0x04, 0xef, 0x04,
  0xef, 0x04, 0xef, 0x04, 0xef, 0x04, 0xef, 0x04, 0xef, 0x04, 0xef, 0x04,
  0xef, 0x04, 0xef, 0x04, 0xef, 0x04, 0xef, 0x04, 0xef, 0x04, 0xef, 0x04,
  0xef, 0x04, 0xef, 0x04, 0xef, 0x04, 0xef, 0x04, 0xef, 0x04, 0xef, 0x04,
  0xef, 0x04, 0xef, 0x04, 0xef, 0x04, 0xef, 0x04, 0xef, 0x04, 0xef, 0x04,
  0xef, 0x04, 0xef, 0x04, 0xef, 0x04, 0xef, 0x04, 0xef, 0x04, 0xef, 0x04,
  0xef, 0x04, 0xef, 0x04, 0xef, 0x04, 0xef, 0x04, 0xef, 0x04, 0xef, 0x04,
  0xef, 0x04, 0xef, 0x04, 0xef, 0x04, 0xef, 0x04, 0xef, 0x04, 0xef, 0x04,
  0xef, 0x04, 0xef, 0x04, 0xef, 0x04, 0xef, 0x04, 0xef, 0x04, 0xef, 0x04,
  0xef, 0x04, 0xef, 0x04, 0xef, 0x04, 0xef, 0x04, 0xef, 0x04, 0xef, 0x04,
  0xef, 0x04, 0xef, 0x04, 0xef, 0x04, 0xef, 0x04, 0xef, 0x04, 0xef, 0x04,
  0xef, 0x04, 0xef, 0x04, 0xef, 0x04, 0xef, 0x04, 0xef, 0x04, 0xef, 0x04,
  0xef, 0x04, 0xef, 0x04, 0xef, 0x04, 0xef, 0x04, 0xef, 0x04, 0xef, 0x04,
  0xef, 0x04, 0xef, 0x04, 0xef, 0x04, 0xef, 0x04, 0xef, 0x04, 0xef, 0x04,
  0xef, 0x04, 0xef, 0x04, 0xef, 0x04, 0xef, 0x04, 0xef, 0x04, 0xef, 0x04,
  0xef, 0x04, 0xef, 0x04, 0xef, 0x04, 0xef, 0x04, 0xef, 0x04, 0xef, 0x04,
  0xef, 0x04, 0xef, 0x04, 0xef, 0x04, 0xef, 0x04, 0xef, 0x04, 0xef, 0x04,
  0xef, 0x04, 0xef, 0x04, 0xef, 0x04, 0xef, 0x04, 0xef, 0x04, 0xef, 0x04,
  0xef, 0x04, 0xef, 0x04, 0xef, 0x04, 0xef, 0x04, 0xef, 0x04, 0xef, 0x04,
  0xef, 0x04, 0xef, 0x04, 0xef, 0x04, 0xef, 0x04, 0xef, 0x04, 0xef, 0x04,
  0xef, 0x04, 0xef, 0x04, 0xef, 0x04, 0xef, 0x04, 0xef, 0x04, 0xef, 0x04,
  0xef, 0x04, 0xef, 0x04, 0xef, 0x04, 0xef, 0x04, 0xef, 0x04, 0xef, 0x04,
  0xef, 0x04, 0xef, 0x04, 0xef, 0x04, 0xef, 0x04, 0xef, 0x04, 0xef, 0x04,
  0xef, 0x04, 0xef, 0x04, 0xef, 0x04, 0xef, 0x04, 0xef, 0x04, 0xef, 0x04,
  0xef, 0x04, 0xef, 0x04, 0xef, 0x04, 0xef, 0x04, 0xef, 0x04, 0xef, 0x04,
  0xef, 0x04, 0xef, 0x04, 0xef, 0x04, 0xef, 0x04, 0xef, 0x04, 0xef, 0x04,
  0xef, 0x04, 0xef, 0x04, 0xef, 0x04, 0xef, 0x04, 0xef, 0x04, 0xef, 0x04,
  0xef, 0x04, 0xef, 0x04, 0xef, 0x04, 0xef, 0x04, 0xef, 0x04, 0xef, 0x04,
  0xef, 0x04, 0xef, 0x04, 0xef, 0x04, 0xef, 0x04, 0xef, 0x04, 0xef, 0x04,
  0xef, 0x04, 0xef, 0x04, 0xef, 0x04, 0xef, 0x04, 0xef, 0x04, 0xef, 0x04,
  0xef, 0x04, 0xef, 0x04, 0xef, 0x04, 0xef, 0x04, 0xef, 0x04, 0xef, 0x04,
  0xef, 0x04, 0xef, 0x04, 0xef, 0x04, 0xef, 0x04, 0xef, 0x04, 0xef, 0x04,
  0xef, 0x04, 0xef, 0x04, 0xef, 0x04, 0xef, 0x04, 0xef, 0x04, 0xef, 0x04,
  0xef, 0x04, 0xef, 0x04, 0xef, 0x04, 0xef, 0x04, 0xef, 0x04, 0xef, 0x04,
  0xef, 0x04, 0xef, 0x04, 0xef, 0x04, 0xef, 0x04, 0xef, 0x04, 0xef, 0x04,
  0xef, 0x04, 0xef, 0x04, 0xef, 0x04, 0xef, 0x04, 0xef, 0x04, 0xef, 0x04,
  0xef, 0x04, 0xef, 0x04, 0xef, 0x04, 0xef, 0x04, 0xef, 0x04, 0xef, 0x04,
  0xef, 0x04, 0xef, 0x04, 0xef, 0x04, 0xef, 0x04, 0xef, 0x04, 0xef, 0x04,
  0xef, 0x04, 0xef, 0x04, 0xef, 0x04, 0xef, 0x04, 0xef, 0x04, 0xef, 0x04,
  0xef, 0x04, 0xef, 0x04, 0xef, 0x04, 0xef, 0x04, 0xef, 0x04, 0xef, 0x04,
  0xef, 0x04, 0xef, 0x04, 0xef, 0x04, 0xef, 0x04, 0xef, 0x04, 0xef, 0x04,
  0xef, 0x04, 0xef, 0x04, 0xef, 0x04, 0xef, 0x04, 0xef, 0x04, 0xef, 0x04,
  0xef, 0x04, 0xef, 0x04, 0xef, 0x04, 0xef, 0x04, 0xef, 0x04, 0xef, 0x04,
  0xef, 0x04, 0xef, 0x04, 0xef, 0x04, 0xef, 0x04, 0xef, 0x04, 0xef, 0x04,
  0xef, 0x04, 0xef, 0x04, 0xef, 0x04, 0xef, 0x04, 0xef, 0x04, 0xef, 0x04,
  0xef, 0x04, 0xef, 0x04, 0xef, 0x04, 0xef, 0x04, 0xef, 0x04, 0xef, 0x04,
  0xef, 0x04, 0xef, 0x04, 0xef, 0x04, 0xef, 0x04, 0xef, 0x04, 0xef, 0x04,
  0xef, 0x04, 0xef, 0x04, 0xef, 0x04, 0xef, 0x04, 0xef, 0x04, 0xef, 0x04,
  0xef, 0x04, 0xef, 0x04, 0xef, 0x04, 0xef, 0x04, 0xef, 0x04, 0xef, 0x04,
  0xef, 0x04, 0xef, 0x04, 0xef, 0x04, 0xef, 0x04, 0xef, 0x04, 0xef, 0x04,
  0xef, 0x04, 0xef, 0x04, 0xef, 0x04, 0xef, 0x04, 0xef, 0x04, 0xef, 0x04,
  0xef, 0x04, 0xef, 0x04, 0xef, 0x04, 0xef, 0x04, 0xef, 0x04, 0xef, 0x04,
  0xef, 0x04, 0xef, 0x04, 0xef, 0x04, 0xef, 0x04, 0xef, 0x04, 0xef, 0x04,
  0xef, 0x04, 0xef, 0x04, 0xef, 0x04, 0xef, 0x04, 0xef, 0x04, 0xef, 0x04,
  0xef, 0x04, 0xef, 0x04, 0xef, 0x04, 0xef, 0x04, 0xef, 0x04, 0xef, 0x04,
  0xef, 0x04, 0xef, 0x04, 0xef, 0x04, 0xef, 0x04, 0xef, 0x04, 0xef, 0x04,
  0xef, 0x04, 0xef, 0x04, 0xef, 0x04, 0xef, 0x04, 0xef, 0x04, 0xef, 0x04,
  0xef, 0x04, 0xef, 0x04, 0xef, 0x04, 0xef, 0x04, 0xef, 0x04, 0xef, 0x04,
  0xef, 0x04, 0xef, 0x04, 0xef, 0x04, 0xef, 0x04, 0xef, 0x04, 0xef, 0x04,
  0xef, 0x04, 0xef, 0x04, 0xef, 0x04, 0xef, 0x04, 0xef, 0x04, 0xef, 0x04,
  0xef, 0x04, 0xef, 0x04, 0xef, 0x04, 0xef, 0x04, 0xef, 0x04, 0xef, 0x04,
  0xef, 0x04, 0xef, 0x04, 0xef, 0x04, 0xef, 0x04, 0xef, 0x04, 0xef, 0x04,
  0xef, 0x04, 0xef, 0x04, 0xef, 0x04, 0xef, 0x04, 0xef, 0x04, 0xef, 0x04,
  0xef, 0x04, 0xef, 0x04, 0xef, 0x04, 0xef, 0x04, 0xef, 0x04, 0xef, 0x04,
  0xef, 0x04, 0xef, 0x04, 0xef, 0x04, 0xef, 0x04, 0xef, 0x04, 0xef, 0x04,
  0xef, 0x04, 0xef, 0x04, 0xef, 0x04, 0xef, 0x04, 0xef, 0x04, 0xef, 0x04,
  0xef, 0x04, 0xef, 0x04, 0xef, 0x04, 0xef, 0x04, 0xef, 0x04, 0xef, 0x04,
  0xef, 0x04, 0xef, 0x04, 0xef, 0x04, 0xef, 0x04, 0xef, 0x04, 0xef, 0x04,
  0xef, 0x04, 0xef, 0x04, 0xef, 0x04, 0xef, 0x04, 0xef, 0x04, 0xef, 0x04,
  0xef, 0x04, 0xef, 0x04, 0xef, 0x04, 0xef, 0x04, 0xef, 0x04, 0xef, 0x04,
  0xef, 0x04, 0xef, 0x04, 0xef, 0x04, 0xef, 0x04, 0xef, 0x04, 0xef, 0x04,
  0xef, 0x04, 0xef, 0x04, 0xef, 0x04, 0xef, 0x04, 0xef, 0x04, 0xef, 0x04,
  0xef, 0x04, 0xef, 0x04, 0xef, 0x04, 0xef, 0x04, 0xef, 0x04, 0xef, 0x04,
  0xef, 0x04, 0xef, 0x04, 0xef, 0x04, 0xef, 0x04, 0xef, 0x04, 0xef, 0x04,
  0xef, 0x04, 0xef, 0x04, 0xef, 0x04, 0xef, 0x04, 0xef, 0x04, 0xef, 0x04,
  0xef, 0x04, 0xef, 0x04, 0xef, 0x04, 0xef, 0x04, 0xef, 0x04, 0xef, 0x04,
  0xef, 0x04, 0xef, 0x04, 0xef, 0x04, 0xef, 0x04, 0xef, 0x04, 0xef, 0x04,
  0xef, 0x04, 0xef, 0x04, 0xef, 0x04, 0xef, 0x04, 0xef, 0x04, 0xef, 0x04,
  0xef, 0x04, 0xef, 0x04, 0xef, 0x04, 0xef, 0x04, 0xef, 0x04, 0xef, 0x04,
  0xef, 0x04, 0xef, 0x04, 0xef, 0x04, 0xef, 0x04, 0xef, 0x04, 0xef, 0x04,
  0xef, 0x04, 0xef, 0x04, 0xef, 0x04, 0xef, 0x04, 0xef, 0x04, 0xef, 0x04,
  0xef, 0x04, 0xef, 0x04, 0xef, 0x04, 0xef, 0x04, 0xef, 0x04, 0xef, 0x04,
  0xef, 0x04, 0xef, 0x04, 0xef, 0x04, 0xef, 0x04, 0xef, 0x04, 0xef, 0x04,
  0xef, 0x04, 0xef, 0x04, 0xef, 0x04, 0xef, 0x04, 0xef, 0x04, 0xef, 0x04,
  0xef, 0x04, 0xef, 0x04, 0xef, 0x04, 0xef, 0x04, 0xef, 0x04, 0xef, 0x04,
  0xef, 0x04, 0xef, 0x04, 0xef, 0x04, 0xef, 0x04, 0xef, 0x04, 0xef, 0x04,
  0xef, 0x04, 0xef, 0x04, 0xef, 0x04, 0xef, 0x04, 0xef, 0x04, 0xef, 0x04,
  0xef, 0x04, 0xef, 0x04, 0xef, 0x04, 0xef, 0x04, 0xef, 0x04, 0xef, 0x04,
  0xef, 0x04, 0xef, 0x04, 0xef, 0x04, 0xef, 0x04, 0xef, 0x04, 0xef, 0x04,
  0xef, 0x04, 0xef, 0x04, 0xef, 0x04, 0xef, 0x04, 0xef, 0x04, 0xef, 0x04,
  0xef, 0x04, 0xef, 0x04, 0xef, 0x04, 0xef, 0x04, 0xef, 0x04, 0xef, 0x04,
  0xef, 0x04, 0xef, 0x04, 0xef, 0x04, 0xef, 0x04, 0xef, 0x04, 0xef, 0x04,
  0xef, 0x04, 0xef, 0x04, 0xef, 0x04, 0xef, 0x04, 0xef, 0x04, 0xef, 0x04,
  0xef, 0x04, 0xef, 0x04, 0xef, 0x04, 0xef, 0x04, 0xef, 0x04, 0xef, 0x04,
  0xef, 0x04, 0xef, 0x04, 0xef, 0x04, 0xef, 0x04, 0xef, 0x04, 0xef, 0x04,
  0xef, 0x04, 0xef, 0x04, 0xef, 0x04, 0xef, 0x04, 0xef, 0x04, 0xef, 0x04,
  0xef, 0x04, 0xef, 0x04, 0xef, 0x04, 0xef, 0x04, 0xef, 0x04, 0xef, 0x04,
  0xef, 0x04, 0xef, 0x04, 0xef, 0x04, 0xef, 0x04, 0xef, 0x04, 0xef, 0x04,
  0xef, 0x04, 0xef, 0x04, 0xef, 0x04, 0xef, 0x04, 0xef, 0x04, 0xef, 0x04,
  0xef, 0x04, 0xef, 0x04, 0xef, 0x04, 0xef, 0x04, 0xef, 0x04, 0xef, 0x04,
  0xef, 0x04, 0xef, 0x04, 0xef, 0x04, 0xef, 0x04, 0xef, 0x04, 0xef, 0x04,
  0xef, 0x04, 0xef, 0x04, 0xef, 0x04, 0xef, 0x04, 0xef, 0x04, 0xef, 0x04,
  0xef, 0x04, 0xef, 0x04, 0xef, 0x04, 0xef, 0x04, 0xef, 0x04, 0xef, 0x04,
  0xef, 0x04, 0xef, 0x04, 0xef, 0x04, 0xef, 0x04, 0xef, 0x04, 0xef, 0x04,
  0xef, 0x04, 0xef, 0x04, 0xef, 0x04, 0xef, 0x04, 0xef, 0x04, 0xef, 0x04,
  0xef, 0x04, 0xef, 0x04, 0xef, 0x04, 0xef, 0x04, 0xef, 0x04, 0xef, 0x04,
  0xef, 0x04, 0xef, 0x04, 0xef, 0x04, 0xef, 0x04, 0xef, 0x04, 0xef, 0x04,
  0xef, 0x04, 0xef, 0x04, 0xef, 0x04, 0xef, 0x04, 0xef, 0x04, 0xef, 0x04,
  0xef, 0x04, 0xef, 0x04, 0xef, 0x04, 0xef, 0x04, 0xef, 0x04, 0xef, 0x04,
  0xef, 0x04, 0xef, 0x04, 0xef, 0x04, 0xef, 0x04, 0xef, 0x04, 0xef, 0x04,
  0xef, 0x04, 0xef, 0x04, 0xef, 0x04, 0xef, 0x04, 0xef, 0x04, 0xef, 0x04,
  0xef, 0x04, 0xef, 0x04, 0xef, 0x04, 0xef, 0x04, 0xef, 0x04, 0xef, 0x04,
  0xef, 0x04, 0xef, 0x04, 0xef, 0x04, 0xef, 0x04, 0xef, 0x04, 0xef, 0x04,
  0xef, 0x04, 0xef, 0x04, 0xef, 0x04, 0xef, 0x04, 0xef, 0x04, 0xef, 0x04,
  0xef, 0x04, 0xef, 0x04, 0xef, 0x04, 0xef, 0x04, 0xef, 0x04, 0xef, 0x04,
  0xef, 0x04, 0xef, 0x04, 0xef, 0x04, 0xef, 0x04, 0xef, 0x04, 0xef, 0x04,
  0xef, 0x04, 0xef, 0x04, 0xef, 0x04, 0xef, 0x04, 0xef, 0x04, 0xef, 0x04,
  0xef, 0x04, 0xef, 0x04, 0xef, 0x04, 0xef, 0x04, 0xef, 0x04, 0xef, 0x04,
  0xef, 0x04, 0xef, 0x04, 0xef, 0x04, 0xef, 0x04, 0xef, 0x04, 0xef, 0x04,
  0xef, 0x04, 0xef, 0x04, 0xef, 0x04, 0xef, 0x04, 0xef, 0x04, 0xef, 0x04,
  0xef, 0x04, 0xef, 0x04, 0xef, 0x04, 0xef, 0x04, 0xef, 0x04, 0xef, 0x04,
  0xef, 0x04, 0xef, 0x04, 0xef, 0x04, 0xef, 0x04, 0xef, 0x04, 0xef, 0x04,
  0xef, 0x04, 0xef, 0x04, 0xef, 0x04, 0xef, 0x04, 0xef, 0x04, 0xef, 0x04,
  0xef, 0x04, 0xef, 0x04, 0xef, 0x04, 0xef, 0x04, 0xef, 0x04, 0xef, 0x04,
  0xef, 0x04, 0xef, 0x04, 0xef, 0x04, 0xef, 0x04, 0xef, 0x04, 0xef, 0x04,
  0xef, 0x04, 0xef, 0x04, 0xef, 0x04, 0xef, 0x04, 0xef, 0x04, 0xef, 0x04,
  0xef, 0x04, 0xef, 0x04, 0xef, 0x04, 0xef, 0x04, 0xef, 0x04, 0xef, 0x04,
  0xef, 0x04, 0xef, 0x04, 0xef, 0x04, 0xef, 0x04, 0xef, 0x04, 0xef, 0x04,
  0xef, 0x04, 0xef, 0x04, 0xef, 0x04, 0xef, 0x04, 0xef, 0x04, 0xef, 0x04,
  0xef, 0x04, 0xef, 0x04, 0xef, 0x04, 0xef, 0x04, 0xef, 0x04, 0xef, 0x04,
  0xef, 0x04, 0xef, 0x04, 0xef, 0x04, 0xef, 0x04, 0xef, 0x04, 0xef, 0x04,
  0xef, 0x04, 0xef, 0x04, 0xef, 0x04, 0xef, 0x04, 0xef, 0x04, 0xef, 0x04,
  0xef, 0x04, 0xef, 0x04, 0xef, 0x04, 0xef, 0x04, 0xef, 0x04, 0xef, 0x04,
  0xef, 0x04, 0xef, 0x04, 0xef, 0x04, 0xef, 0x04, 0xef, 0x04, 0xef, 0x04,
  0xef, 0x04, 0xef, 0x04, 0xef, 0x04, 0xef, 0x04, 0xef, 0x04, 0xef, 0x04,
  0xef, 0x04, 0xef, 0x04, 0xef, 0x04, 0xef, 0x04, 0xef, 0x04, 0xef, 0x04,
  0xef, 0x04, 0xef, 0x04, 0xef, 0x04, 0xef, 0x04, 0xef, 0x04, 0xef, 0x04,
  0xef, 0x04, 0xef, 0x04, 0xef, 0x04, 0xef, 0x04, 0xef, 0x04, 0xef, 0x04,
  0xef, 0x04, 0xef, 0x04, 0xef, 0x04, 0xef, 0x04, 0xef, 0x04, 0xef, 0x04,
  0xef, 0x04, 0xef, 0x04, 0xef, 0x04, 0xef, 0x04, 0xef, 0x04, 0xef, 0x04,
  0xef, 0x04, 0xef, 0x04, 0xef, 0x04, 0xef, 0x04, 0xef, 0x04, 0xef, 0x04,
  0xef, 0x04, 0xef, 0x04, 0xef, 0x04, 0xef, 0x04, 0xef, 0x04, 0xef, 0x04,
  0xef, 0x04, 0xef, 0x04, 0xef, 0x04, 0xef, 0x04, 0xef, 0x04, 0xef, 0x04,
  0xef, 0x04, 0xef, 0x04, 0xef, 0x04, 0xef, 0x04, 0xef, 0x04, 0xef, 0x04,
  0xef, 0x04, 0xef, 0x04, 0xef, 0x04, 0xef, 0x04, 0xef, 0x04, 0xef, 0x04,
  0xef, 0x04, 0xef, 0x04, 0xef, 0x04, 0xef, 0x04, 0xef, 0x04, 0xef, 0x04,
  0xef, 0x04, 0xef, 0x04, 0xef, 0x04, 0xef, 0x04, 0xef, 0x04, 0xef, 0x04,
  0xef, 0x04, 0xef, 0x04, 0xef, 0x04, 0xef, 0x04, 0xef, 0x04, 0xef, 0x04,
  0xef, 0x04, 0xef, 0x04, 0xef, 0x04, 0xef, 0x04, 0xef, 0x04, 0xef, 0x04,
  0xef, 0x04, 0xef, 0x04, 0xef, 0x04, 0xef, 0x04, 0xef, 0x04, 0xef, 0x04,
  0xef, 0x04, 0xef, 0x04, 0xef, 0x04, 0xef, 0x04, 0xef, 0x04, 0xef, 0x04,
  0xef, 0x04, 0xef, 0x04, 0xef, 0x04, 0xef, 0x04, 0xef, 0x04, 0xef, 0x04,
  0xef, 0x04, 0xef, 0x04, 0xef, 0x04, 0xef, 0x04, 0xef, 0x04, 0xef, 0x04,
  0xef, 0x04, 0xef, 0x04, 0xef, 0x04, 0xef, 0x04, 0xef, 0x04, 0xef, 0x04,
  0xef, 0x04, 0xef, 0x04, 0xef, 0x04, 0xef, 0x04, 0xef, 0x04, 0xef, 0x04,
  0xef, 0x04, 0xef, 0x04, 0xef, 0x04, 0xef, 0x04, 0xef, 0x04, 0xef, 0x04,
  0xef, 0x04, 0xef, 0x04, 0xef, 0x04, 0xef, 0x04, 0xef, 0x04, 0xef, 0x04,
  0xef, 0x04, 0xef, 0x04, 0xef, 0x04, 0xef, 0x04, 0xef, 0x04, 0xef, 0x04,
  0xef, 0x04, 0xef, 0x04, 0xef, 0x04, 0xef, 0x04, 0xef, 0x04, 0xef, 0x04,
  0xef, 0x04, 0xef, 0x04, 0xef, 0x04, 0xef, 0x04, 0xef, 0x04, 0xef, 0x04,
  0xef, 0x04, 0xef, 0x04, 0xef, 0x04, 0xef, 0x04, 0xef, 0x04, 0xef, 0x04,
  0xef, 0x04, 0xef, 0x04, 0xef, 0x04, 0xef, 0x04, 0xef, 0x04, 0xef, 0x04,
  0xef, 0x04, 0xef, 0x04, 0xef, 0x04, 0xef, 0x04, 0xef, 0x04, 0xef, 0x04,
  0xef, 0x04, 0xef, 0x04, 0xef, 0x04, 0xef, 0x04, 0xef, 0x04, 0xef, 0x04,
  0xef, 0x04, 0xef, 0x04, 0xef, 0x04, 0xef, 0x04, 0xef, 0x04, 0xef, 0x04,
  0xef, 0x04, 0xef, 0x04, 0xef, 0x04, 0xef, 0x04, 0xef, 0x04, 0xef, 0x04,
  0xef, 0x04, 0xef, 0x04, 0xef, 0x04, 0xef, 0x04, 0xef, 0x04, 0xef, 0x04,
  0xef, 0x04, 0xef, 0x04, 0xef, 0x04, 0xef, 0x04, 0xef, 0x04, 0xef, 0x04,
  0xef, 0x04, 0xef, 0x04, 0xef, 0x04, 0xef, 0x04, 0xef, 0x04, 0xef, 0x04,
  0xef, 0x04, 0xef, 0x04, 0xef, 0x04, 0xef, 0x04, 0xef, 0x04, 0xef, 0x04,
  0xef, 0x04, 0xef, 0x04, 0xef, 0x04, 0xef, 0x04, 0xef, 0x04, 0xef, 0x04,
  0xef, 0x04, 0xef, 0x04, 0xef, 0x04, 0xef, 0x04, 0xef, 0x04, 0xef, 0x04,
  0xef, 0x04, 0xef, 0x04, 0xef, 0x04, 0xef, 0x04, 0xef, 0x04, 0xef, 0x04,
  0xef, 0x04, 0xef, 0x04, 0xef, 0x04, 0xef, 0x04, 0xef, 0x04, 0xef, 0x04,
  0xef, 0x04, 0xef, 0x04, 0xef, 0x04, 0xef, 0x04, 0xef, 0x04, 0xef, 0x04,
  0xef, 0x04, 0xef, 0x04, 0xef, 0x04, 0xef, 0x04, 0xef, 0x04, 0xef, 0x04,
  0xef, 0x04, 0xef, 0x04, 0xef, 0x04, 0xef, 0x04, 0xef, 0x04, 0xef, 0x04,
  0xef, 0x04, 0xef, 0x04, 0xef, 0x04, 0xef, 0x04, 0xef, 0x04, 0xef, 0x04,
  0xef, 0x04, 0xef, 0x04, 0xef, 0x04, 0xef, 0x04, 0xef, 0x04, 0xef, 0x04,
  0xef, 0x04, 0xef, 0x04, 0xef, 0x04, 0xef, 0x04, 0xef, 0x04, 0xef, 0x04,
  0xef, 0x04, 0xef, 0x04, 0xef, 0x04, 0xef, 0x04, 0xef, 0x04, 0xef, 0x04,
  0xef, 0x04, 0xef, 0x04, 0xef, 0x04, 0xef, 0x04, 0xef, 0x04, 0xef, 0x04,
  0xef, 0x04, 0xef, 0x04, 0xef, 0x04, 0xef, 0x04, 0xef, 0x04, 0xef, 0x04,
  0xef, 0x04, 0xef, 0x04, 0xef, 0x04, 0xef, 0x04, 0xef, 0x04, 0xef, 0x04,
  0xef, 0x04, 0xef, 0x04, 0xef, 0x04, 0xef, 0x04, 0xef, 0x04, 0xef, 0x04,
  0xef, 0x04, 0xef, 0x04, 0xef, 0x04, 0xef, 0x04, 0xef, 0x04, 0xef, 0x04,
  0xef, 0x04, 0xef, 0x04, 0xef, 0x04, 0xef, 0x04, 0xef, 0x04, 0xef, 0x04,
  0xef, 0x04, 0xef, 0x04, 0xef, 0x04, 0xef, 0x04, 0xef, 0x04, 0xef, 0x04,
  0xef, 0x04, 0xef, 0x04, 0xef, 0x04, 0xef, 0x04, 0xef, 0x04, 0xef, 0x04,
  0xef, 0x04, 0xef, 0x04, 0xef, 0x04, 0xef, 0x04, 0xef, 0x04, 0xef, 0x04,
  0xef, 0x04, 0xef, 0x04, 0xef, 0x04, 0xef, 0x04, 0xef, 0x04, 0xef, 0x04,
  0xef, 0x04, 0xef, 0x04, 0xef, 0x04, 0xef, 0x04, 0xef, 0x04, 0xef, 0x04,
  0xef, 0x04, 0xef, 0x04, 0xef, 0x04, 0xef, 0x04, 0xef, 0x04, 0xef, 0x04,
  0xef, 0x04, 0xef, 0x04, 0xef, 0x04, 0xef, 0x04, 0xef, 0x04, 0xef, 0x04,
  0xef, 0x04, 0xef, 0x04, 0xef, 0x04, 0xef, 0x04, 0xef, 0x04, 0xef, 0x04,
  0xef, 0x04, 0xef, 0x04, 0xef, 0x04, 0xef, 0x04, 0xef, 0x04, 0xef, 0x04,
  0xef, 0x04, 0xef, 0x04, 0xef, 0x04, 0xef, 0x04, 0xef, 0x04, 0xef, 0x04,
  0xef, 0x04, 0xef, 0x04, 0xef, 0x04, 0xef, 0x04, 0xef, 0x04, 0xef, 0x04,
  0xef, 0x04, 0xef, 0x04, 0xef, 0x04, 0xef, 0x04, 0xef, 0x04, 0xef, 0x04,
  0xef, 0x04, 0xef, 0x04, 0xef, 0x04, 0xef, 0x04, 0xef, 0x04, 0xef, 0x04,
  0xef, 0x04, 0xef, 0x04, 0xef, 0x04, 0xef, 0x04, 0xef, 0x04, 0xef, 0x04,
  0xef, 0x04, 0xef, 0x04, 0xef, 0x04, 0xef, 0x04, 0xef, 0x04, 0xef, 0x04,
  0xef, 0x04, 0xef, 0x04, 0xef, 0x04, 0xef, 0x04, 0xef, 0x04, 0xef, 0x04,
  0xef, 0x04, 0xef, 0x04, 0xef, 0x04, 0xef, 0x04, 0xef, 0x04, 0xef, 0x04,
  0xef, 0x04, 0xef, 0x04, 0xef, 0x04, 0xef, 0x04, 0xef, 0x04, 0xef, 0x04,
  0xef, 0x04, 0xef, 0x04, 0xef, 0x04, 0xef, 0x04, 0xef, 0x04, 0xef, 0x04,
  0xef, 0x04, 0xef, 0x04, 0xef, 0x04, 0xef, 0x04, 0xef, 0x04, 0xef, 0x04,
  0xef, 0x04, 0xef, 0x04, 0xef, 0x04, 0xef, 0x04, 0xef, 0x04, 0xef, 0x04,
  0xef, 0x04, 0xef, 0x04, 0xef, 0x04, 0xef, 0x04, 0xef, 0x04, 0xef, 0x04,
  0xef, 0x04, 0xef, 0x04, 0xef, 0x04, 0xef, 0x04, 0xef, 0x04, 0xef, 0x04,
  0xef, 0x04, 0xef, 0x04, 0xef, 0x04, 0xef, 0x04, 0xef, 0x04, 0xef, 0x04,
  0xef, 0x04, 0xef, 0x04, 0xef, 0x04, 0xef, 0x04, 0xef, 0x04, 0xef, 0x04,
  0xef, 0x04, 0xef, 0x04, 0xef, 0x04, 0xef, 0x04, 0xef, 0x04, 0xef, 0x04,
  0xef, 0x04, 0xef, 0x04, 0xef, 0x04, 0xef, 0x04, 0xef, 0x04, 0xef, 0x04,
  0xef, 0x04, 0xef, 0x04, 0xef, 0x04, 0xef, 0x04, 0xef, 0x04, 0xef, 0x04,
  0xef, 0x04, 0xef, 0x04, 0xef, 0x04, 0xef, 0x04, 0xef, 0x04, 0xef, 0x04,
  0xef, 0x04, 0xef, 0x04, 0xef, 0x04, 0xef, 0x04, 0xef, 0x04, 0xef, 0x04,
  0xef, 0x04, 0xef, 0x04, 0xef, 0x04, 0xef, 0x04, 0xef, 0x04, 0xef, 0x04,
  0xef, 0x04, 0xef, 0x04, 0xef, 0x04, 0xef, 0x04, 0xef, 0x04, 0xef, 0x04,
  0xef, 0x04, 0xef, 0x04, 0xef, 0x04, 0xef, 0x04, 0xef, 0x04, 0xef, 0x04,
  0xef, 0x04, 0xef, 0x04, 0xef, 0x04, 0xef, 0x04, 0xef, 0x04, 0xef, 0x04,
  0xef, 0x04, 0xef, 0x04, 0xef, 0x04, 0xef, 0x04, 0xef, 0x04, 0xef, 0x04,
  0xef, 0x04, 0xef, 0x04, 0xef, 0x04, 0xef, 0x04, 0xef, 0x04, 0xef, 0x04,
  0xef, 0x04, 0xef, 0x04, 0xef, 0x04, 0xef, 0x04, 0xef, 0x04, 0xef, 0x04,
  0xef, 0x04, 0xef, 0x04, 0xef, 0x04, 0xef, 0x04, 0xef, 0x04, 0xef, 0x04,
  0xef, 0x04, 0xef, 0x04, 0xef, 0x04, 0xef, 0x04, 0xef, 0x04, 0xef, 0x04,
  0xef, 0x04, 0xef, 0x04, 0xef, 0x04, 0xef, 0x04, 0xef, 0x04, 0xef, 0x04,
  0xef, 0x04, 0xef, 0x04, 0xef, 0x04, 0xef, 0x04, 0xef, 0x04, 0xef, 0x04,
  0xef, 0x04, 0xef, 0x04, 0xef, 0x04, 0xef, 0x04, 0xef, 0x04, 0xef, 0x04,
  0xef, 0x04, 0xef, 0x04, 0xef, 0x04, 0xef, 0x04, 0xef, 0x04, 0xef, 0x04,
  0xef, 0x04, 0xef, 0x04, 0xef, 0x04, 0xef, 0x04, 0xef, 0x04, 0xef, 0x04,
  0xef, 0x04, 0xef, 0x04, 0xef, 0x04, 0xef, 0x04, 0xef, 0x04, 0xef, 0x04,
  0xef, 0x04, 0xef, 0x04, 0xef, 0x04, 0xef, 0x04, 0xef, 0x04, 0xef, 0x04,
  0xef, 0x04, 0xef, 0x04, 0xef, 0x04, 0xef, 0x04, 0xef, 0x04, 0xef, 0x04,
  0xef, 0x04, 0xef, 0x04, 0xef, 0x04, 0xef, 0x04, 0xef, 0x04, 0xef, 0x04,
  0xef, 0x04, 0xef, 0x04, 0xef, 0x04, 0xef, 0x04, 0xef, 0x04, 0xef, 0x04,
  0xef, 0x04, 0xef, 0x04, 0xef, 0x04, 0xef, 0x04, 0xef, 0x04, 0xef, 0x04,
  0xef, 0x04, 0xef, 0x04, 0xef, 0x04, 0xef, 0x04, 0xef, 0x04, 0xef, 0x04,
  0xef, 0x04, 0xef, 0x04, 0xef, 0x04, 0xef, 0x04, 0xef, 0x04, 0xef, 0x04,
  0xef, 0x04, 0xef, 0x04, 0xef, 0x04, 0xef, 0x04, 0xef, 0x04, 0xef, 0x04,
  0xef, 0x04, 0xef, 0x04, 0xef, 0x04, 0xef, 0x04, 0xef, 0x04, 0xef, 0x04,
  0xef, 0x04, 0xef, 0x04, 0xef, 0x04, 0xef, 0x04, 0xef, 0x04, 0xef, 0x04,
  0xef, 0x04, 0xef, 0x04, 0xef, 0x04, 0xef, 0x04, 0xef, 0x04, 0xef, 0x04,
  0xef, 0x04, 0xef, 0x04, 0xef, 0x04, 0xef, 0x04, 0xef, 0x04, 0xef, 0x04,
  0xef, 0x04, 0xef, 0x04, 0xef, 0x04, 0xef, 0x04, 0xef, 0x04, 0xef, 0x04,
  0xef, 0x04, 0xef, 0x04, 0xef, 0x04, 0xef, 0x04, 0xef, 0x04, 0xef, 0x04,
  0xef, 0x04, 0xef, 0x04, 0xef, 0x04, 0xef, 0x04, 0xef, 0x04, 0xef, 0x04,
  0xef, 0x04, 0xef, 0x04, 0xef, 0x04, 0xef, 0x04, 0xef, 0x04, 0xef, 0x04,
  0xef, 0x04, 0xef, 0x04, 0xef, 0x04, 0xef, 0x04, 0xef, 0x04, 0xef, 0x04,
  0xef, 0x04, 0xef, 0x04, 0xef, 0x04, 0xef, 0x04, 0xef, 0x04, 0xef, 0x04
};
unsigned int Master_title_screenSmall_444_len = 39684;
