unsigned char Master_title_screenSmall_555[] = {
  0xa0, 0x00, 0x7c, 0x00, 0xbe, 0x23, 0xbe, 0x23, 0xbe, 0x23, 0xbe, 0x23,
  0xbe, 0x23, 0xbe, 0x23, 0xbe, 0x23, 0xbe, 0x23, 0xbe, 0x23, 0xbe, 0x23,
  0xbe, 0x23, 0xbe, 0x23, 0xbe, 0x23, 0xbe, 0x23, 0xbe, 0x23, 0xbe, 0x23,
  0xbe, 0x23, 0xbe, 0x23, 0xbe, 0x23, 0xbe, 0x23, 0xbe, 0x23, 0xbe, 0x23,
  0xbe, 0x23, 0xbe, 0x23, 0xbe, 0x23, 0xbe, 0x23, 0xbe, 0x23, 0xbe, 0x23,
  0xbe, 0x23, 0xbe, 0x23, 0xbe, 0x23, 0xbe, 0x23, 0xbe, 0x23, 0xbe, 0x23,
  0xbe, 0x23, 0xbe, 0x23, 0xbe, 0x23, 0xbe, 0x23, 0xbe, 0x23, 0xbe, 0x23,
  0xbe, 0x23, 0xbe, 0x23, 0xbe, 0x23, 0xbe, 0x23, 0xbe, 0x23, 0xbe, 0x23,
  0xbe, 0x23, 0xbe, 0x23, 0xbe, 0x23, 0xbe, 0x23, 0xbe, 0x23, 0xbe, 0x23,
  0xbe, 0x23, 0xbe, 0x23, 0xbe, 0x23, 0xbe, 0x23, 0xbe, 0x23, 0xbe, 0x23,
  0xbe, 0x23, 0xbe, 0x23, 0xbe, 0x23, 0xbe, 0x23, 0xbe, 0x23, 0xbe, 0x23,
  0xbe, 0x23, 0xbe, 0x23, 0xbe, 0x23, 0xbe, 0x23, 0xbe, 0x23, 0xbe, 0x23,
  0xbe, 0x23, 0xbe, 0x23, 0xbe, 0x23, 0xbe, 0x23, 0xbe, 0x23, 0xbe, 0x23,
  0xbe, 0x23, 0xbe, 0x23, 0xbe, 0x23, 0xbe, 0x23, 0xbe, 0x23, 0xbe, 0x23,
  0xbe, 0x23, 0xbe, 0x23, 0xbe, 0x23, 0xbe, 0x23, 0xbe, 0x23, 0xbe, 0x23,
  0xbe, 0x23, 0xbe, 0x23, 0xbe, 0x23, 0xbe, 0x23, 0xbe, 0x23, 0xbe, 0x23,
  0xbe, 0x23, 0xbe, 0x23, 0xbe, 0x23, 0xbe, 0x23, 0xbe, 0x23, 0xbe, 0x23,
  0xbe, 0x23, 0xbe, 0x23, 0xbe, 0x23, 0xbe, 0x23, 0xbe, 0x23, 0xbe, 0x23,
  0xbe, 0x23, 0xbe, 0x23, 0xbe, 0x23, 0xbe, 0x23, 0xbe, 0x23, 0xbe, 0x23,
  0xbe, 0x23, 0xbe, 0x23, 0xbe, 0x23, 0xbe, 0x23, 0xbe, 0x23, 0xbe, 0x23,
  0xbe, 0x23, 0xbe, 0x23, 0xbe, 0x23, 0xbe, 0x23, 0xbe, 0x23, 0xbe, 0x23,
  0xbe, 0x23, 0xbe, 0x23, 0xbe, 0x23, 0xbe, 0x23, 0xbe, 0x23, 0xbe, 0x23,
  0xbe, 0x23, 0xbe, 0x23, 0xbe, 0x23, 0xbe, 0x23, 0xbe, 0x23, 0xbe, 0x23,
  0xbe, 0x23, 0xbe, 0x23, 0xbe, 0x23, 0xbe, 0x23, 0xbe, 0x23, 0xbe, 0x23,
  0xbe, 0x23, 0xbe, 0x23, 0xbe, 0x23, 0xbe, 0x23, 0xbe, 0x23, 0xbe, 0x23,
  0xbe, 0x23, 0xbe, 0x23, 0xbe, 0x23, 0xbe, 0x23, 0xbe, 0x23, 0xbe, 0x23,
  0xbe, 0x23, 0xbe, 0x23, 0xbe, 0x23, 0xbe, 0x23, 0xbe, 0x23, 0xbe, 0x23,
  0xbe, 0x23, 0xbe, 0x23, 0xbe, 0x23, 0xbe, 0x23, 0xbe, 0x23, 0xbe, 0x23,
  0xbe, 0x23, 0xbe, 0x23, 0xbe, 0x23, 0xbe, 0x23, 0xbe, 0x23, 0xbe, 0x23,
  0xbe, 0x23, 0xbe, 0x23, 0xbe, 0x23, 0xbe, 0x23, 0xbe, 0x23, 0xbe, 0x23,
  0xbe, 0x23, 0xbe, 0x23, 0xbe, 0x23, 0xbe, 0x23, 0xbe, 0x23, 0xbe, 0x23,
  0xbe, 0x23, 0xbe, 0x23, 0xbe, 0x23, 0xbe, 0x23, 0xbe, 0x23, 0xbe, 0x23,
  0xbe, 0x23, 0xbe, 0x23, 0xbe, 0x23, 0xbe, 0x23, 0xbe, 0x23, 0xbe, 0x23,
  0xbe, 0x23, 0xbe, 0x23, 0xbe, 0x23, 0xbe, 0x23, 0xbe, 0x23, 0xbe, 0x23,
  0xbe, 0x23, 0xbe, 0x23, 0xbe, 0x23, 0xbe, 0x23, 0xbe, 0x23, 0xbe, 0x23,
  0xbe, 0x23, 0xbe, 0x23, 0xbe, 0x23, 0xbe, 0x23, 0xbe, 0x23, 0xbe, 0x23,
  0xbe, 0x23, 0xbe, 0x23, 0xbe, 0x23, 0xbe, 0x23, 0xbe, 0x23, 0xbe, 0x23,
  0xbe, 0x23, 0xbe, 0x23, 0xbe, 0x23, 0xbe, 0x23, 0xbe, 0x23, 0xbe, 0x23,
  0xbe, 0x23, 0xbe, 0x23, 0xbe, 0x23, 0xbe, 0x23, 0xbe, 0x23, 0xbe, 0x23,
  0xbe, 0x23, 0xbe, 0x23, 0xbe, 0x23, 0xbe, 0x23, 0xbe, 0x23, 0xbe, 0x23,
  0xbe, 0x23, 0xbe, 0x23, 0xbe, 0x23, 0xbe, 0x23, 0xbe, 0x23, 0xbe, 0x23,
  0xbe, 0x23, 0xbe, 0x23, 0xbe, 0x23, 0xbe, 0x23, 0xbe, 0x23, 0xbe, 0x23,
  0xbe, 0x23, 0xbe, 0x23, 0xbe, 0x23, 0xbe, 0x23, 0xbe, 0x23, 0xbe, 0x23,
  0xbe, 0x23, 0xbe, 0x23, 0xbe, 0x23, 0xbe, 0x23, 0xbe, 0x23, 0xbe, 0x23,
  0xbe, 0x23, 0xbe, 0x23, 0xbe, 0x23, 0xbe, 0x23, 0xbe, 0x23, 0xbe, 0x23,
  0xbe, 0x23, 0xbe, 0x23, 0xbe, 0x23, 0xbe, 0x23, 0xbe, 0x23, 0xbe, 0x23,
  0xbe, 0x23, 0xbe, 0x23, 0xbe, 0x23, 0xbe, 0x23, 0xbe, 0x23, 0xbe, 0x23,
  0xbe, 0x23, 0xbe, 0x23, 0xbe, 0x23, 0xbe, 0x23, 0xbe, 0x23, 0xbe, 0x23,
  0xbe, 0x23, 0xbe, 0x23, 0xbe, 0x23, 0xbe, 0x23, 0xbe, 0x23, 0xbe, 0x23,
  0xbe, 0x23, 0xbe, 0x23, 0xbe, 0x23, 0xbe, 0x23, 0xbe, 0x23, 0xbe, 0x23,
  0xbe, 0x23, 0xbe, 0x23, 0xbe, 0x23, 0xbe, 0x23, 0xbe, 0x23, 0xbe, 0x23,
  0xbe, 0x23, 0xbe, 0x23, 0xbe, 0x23, 0xbe, 0x23, 0xbe, 0x23, 0xbe, 0x23,
  0xbe, 0x23, 0xbe, 0x23, 0xbe, 0x23, 0xbe, 0x23, 0xbe, 0x23, 0xbe, 0x23,
  0xbe, 0x23, 0xbe, 0x23, 0xbe, 0x23, 0xbe, 0x23, 0xbe, 0x23, 0xbe, 0x23,
  0xbe, 0x23, 0xbe, 0x23, 0xbe, 0x23, 0xbe, 0x23, 0xbe, 0x23, 0xbe, 0x23,
  0xbe, 0x23, 0xbe, 0x23, 0xbe, 0x23, 0xbe, 0x23, 0xbe, 0x23, 0xbe, 0x23,
  0xbe, 0x23, 0xbe, 0x23, 0xbe, 0x23, 0xbe, 0x23, 0xbe, 0x23, 0xbe, 0x23,
  0xbe, 0x23, 0xbe, 0x23, 0xbe, 0x23, 0xbe, 0x23, 0xbe, 0x23, 0xbe, 0x23,
  0xbe, 0x23, 0xbe, 0x23, 0xbe, 0x23, 0xbe, 0x23, 0xbe, 0x23, 0xbe, 0x23,
  0xbe, 0x23, 0xbe, 0x23, 0xbe, 0x23, 0xbe, 0x23, 0xbe, 0x23, 0xbe, 0x23,
  0xbe, 0x23, 0xbe, 0x23, 0xbe, 0x23, 0xbe, 0x23, 0xbe, 0x23, 0xbe, 0x23,
  0xbe, 0x23, 0xbe, 0x23, 0xbe, 0x23, 0xbe, 0x23, 0xbe, 0x23, 0xbe, 0x23,
  0xbe, 0x23, 0xbe, 0x23, 0xbe, 0x23, 0xbe, 0x23, 0xbe, 0x23, 0xbe, 0x23,
  0xbe, 0x23, 0xbe, 0x23, 0xbe, 0x23, 0xbe, 0x23, 0xbe, 0x23, 0xbe, 0x23,
  0xbe, 0x23, 0xbe, 0x23, 0xbe, 0x23, 0xbe, 0x23, 0xbe, 0x23, 0xbe, 0x23,
  0xbe, 0x23, 0xbe, 0x23, 0xbe, 0x23, 0xbe, 0x23, 0xbe, 0x23, 0xbe, 0x23,
  0xbe, 0x23, 0xbe, 0x23, 0xbe, 0x23, 0xbe, 0x23, 0xbe, 0x23, 0xbe, 0x23,
  0xbe, 0x23, 0xbe, 0x23, 0xbe, 0x23, 0xbe, 0x23, 0xbe, 0x23, 0xbe, 0x23,
  0xbe, 0x23, 0xbe, 0x23, 0xbe, 0x23, 0xbe, 0x23, 0xbe, 0x23, 0xbe, 0x23,
  0xbe, 0x23, 0xbe, 0x23, 0xbe, 0x23, 0xbe, 0x23, 0xbe, 0x23, 0xbe, 0x23,
  0xbe, 0x23, 0xbe, 0x23, 0xbe, 0x23, 0xbe, 0x23, 0xbe, 0x23, 0xbe, 0x23,
  0xbe, 0x23, 0xbe, 0x23, 0xbe, 0x23, 0xbe, 0x23, 0xbe, 0x23, 0xbe, 0x23,
  0xbe, 0x23, 0xbe, 0x23, 0xbe, 0x23, 0xbe, 0x23, 0xbe, 0x23, 0xbe, 0x23,
  0xbe, 0x23, 0xbe, 0x23, 0xbe, 0x23, 0xbe, 0x23, 0xbe, 0x23, 0xbe, 0x23,
  0xbe, 0x23, 0xbe, 0x23, 0xbe, 0x23, 0xbe, 0x23, 0xbe, 0x23, 0xbe, 0x23,
  0xbe, 0x23, 0xbe, 0x23, 0xbe, 0x23, 0xbe, 0x23, 0xbe, 0x23, 0xbe, 0x23,
  0xbe, 0x23, 0xbe, 0x23, 0xbe, 0x23, 0xbe, 0x23, 0xbe, 0x23, 0xbe, 0x23,
  0xbe, 0x23, 0xbe, 0x23, 0xbe, 0x23, 0xbe, 0x23, 0xbe, 0x23, 0xbe, 0x23,
  0xbe, 0x23, 0xbe, 0x23, 0xbe, 0x23, 0xbe, 0x23, 0xbe, 0x23, 0xbe, 0x23,
  0xbe, 0x23, 0xbe, 0x23, 0xbe, 0x23, 0xbe, 0x23, 0xbe, 0x23, 0xbe, 0x23,
  0xbe, 0x23, 0xbe, 0x23, 0xbe, 0x23, 0xbe, 0x23, 0xbe, 0x23, 0xbe, 0x23,
  0xbe, 0x23, 0xbe, 0x23, 0xbe, 0x23, 0xbe, 0x23, 0xbe, 0x23, 0xbe, 0x23,
  0xbe, 0x23, 0xbe, 0x23, 0xbe, 0x23, 0xbe, 0x23, 0xbe, 0x23, 0xbe, 0x23,
  0xbe, 0x23, 0xbe, 0x23, 0xbe, 0x23, 0xbe, 0x23, 0xbe, 0x23, 0xbe, 0x23,
  0xbe, 0x23, 0xbe, 0x23, 0xbe, 0x23, 0xbe, 0x23, 0xbe, 0x23, 0xbe, 0x23,
  0xbe, 0x23, 0xbe, 0x23, 0xbe, 0x23, 0xbe, 0x23, 0xbe, 0x23, 0xbe, 0x23,
  0xbe, 0x23, 0xbe, 0x23, 0xbe, 0x23, 0xbe, 0x23, 0xbe, 0x23, 0xbe, 0x23,
  0xbe, 0x23, 0xbe, 0x23, 0xbe, 0x23, 0xbe, 0x23, 0xbe, 0x23, 0xbe, 0x23,
  0xbe, 0x23, 0xbe, 0x23, 0xbe, 0x23, 0xbe, 0x23, 0xbe, 0x23, 0xbe, 0x23,
  0xbe, 0x23, 0xbe, 0x23, 0xbe, 0x23, 0xbe, 0x23, 0xbe, 0x23, 0xbe, 0x23,
  0xbe, 0x23, 0xbe, 0x23, 0xbe, 0x23, 0xbe, 0x23, 0xbe, 0x23, 0xbe, 0x23,
  0xbe, 0x23, 0xbe, 0x23, 0xbe, 0x23, 0xbe, 0x23, 0xbe, 0x23, 0xbe, 0x23,
  0xbe, 0x23, 0xbe, 0x23, 0xbe, 0x23, 0xbe, 0x23, 0xbe, 0x23, 0xbe, 0x23,
  0xbe, 0x23, 0xbe, 0x23, 0xbe, 0x23, 0xbe, 0x23, 0xbe, 0x23, 0xbe, 0x23,
  0xbe, 0x23, 0xbe, 0x23, 0xbe, 0x23, 0xbe, 0x23, 0xbe, 0x23, 0xbe, 0x23,
  0xbe, 0x23, 0xbe, 0x23, 0xbe, 0x23, 0xbe, 0x23, 0xbe, 0x23, 0xbe, 0x23,
  0xbe, 0x23, 0xbe, 0x23, 0xbe, 0x23, 0xbe, 0x23, 0xbe, 0x23, 0xbe, 0x23,
  0xbe, 0x23, 0xbe, 0x23, 0xbe, 0x23, 0xbe, 0x23, 0xbe, 0x23, 0xbe, 0x23,
  0xbe, 0x23, 0xbe, 0x23, 0xbe, 0x23, 0xbe, 0x23, 0xbe, 0x23, 0xbe, 0x23,
  0xbe, 0x23, 0xbe, 0x23, 0xbe, 0x23, 0xbe, 0x23, 0xbe, 0x23, 0xbe, 0x23,
  0xbe, 0x23, 0xbe, 0x23, 0xbe, 0x23, 0xbe, 0x23, 0xbe, 0x23, 0xbe, 0x23,
  0xbe, 0x23, 0xbe, 0x23, 0xbe, 0x23, 0xbe, 0x23, 0xbe, 0x23, 0xbe, 0x23,
  0xbe, 0x23, 0xbe, 0x23, 0xbe, 0x23, 0xbe, 0x23, 0xbe, 0x23, 0xbe, 0x23,
  0xbe, 0x23, 0xbe, 0x23, 0xbe, 0x23, 0xbe, 0x23, 0xbe, 0x23, 0xbe, 0x23,
  0xbe, 0x23, 0xbe, 0x23, 0xbe, 0x23, 0xbe, 0x23, 0xbe, 0x23, 0xbe, 0x23,
  0xbe, 0x23, 0xbe, 0x23, 0xbe, 0x23, 0xbe, 0x23, 0xbe, 0x23, 0xbe, 0x23,
  0xbe, 0x23, 0xbe, 0x23, 0xbe, 0x23, 0xbe, 0x23, 0xbe, 0x23, 0xbe, 0x23,
  0xbe, 0x23, 0xbe, 0x23, 0xbe, 0x23, 0xbe, 0x23, 0xbe, 0x23, 0xbe, 0x23,
  0xbe, 0x23, 0xbe, 0x23, 0xbe, 0x23, 0xbe, 0x23, 0xbe, 0x23, 0xbe, 0x23,
  0xbe, 0x23, 0xbe, 0x23, 0xbe, 0x23, 0xbe, 0x23, 0xbe, 0x23, 0xbe, 0x23,
  0xbe, 0x23, 0xbe, 0x23, 0xbe, 0x23, 0xbe, 0x23, 0xbe, 0x23, 0xbe, 0x23,
  0xbe, 0x23, 0xbe, 0x23, 0xbe, 0x23, 0xbe, 0x23, 0xbe, 0x23, 0xbe, 0x23,
  0xbe, 0x23, 0xbe, 0x23, 0xbe, 0x23, 0xbe, 0x23, 0xbe, 0x23, 0xbe, 0x23,
  0xbe, 0x23, 0xbe, 0x23, 0xbe, 0x23, 0xbe, 0x23, 0xbe, 0x23, 0xbe, 0x23,
  0xbe, 0x23, 0xbe, 0x23, 0xbe, 0x23, 0xbe, 0x23, 0xbe, 0x23, 0xbe, 0x23,
  0xbe, 0x23, 0xbe, 0x23, 0xbe, 0x23, 0xbe, 0x23, 0xbe, 0x23, 0xbe, 0x23,
  0xbe, 0x23, 0xbe, 0x23, 0xbe, 0x23, 0xbe, 0x23, 0xbe, 0x23, 0xbe, 0x23,
  0xbe, 0x23, 0xbe, 0x23, 0xbe, 0x23, 0xbe, 0x23, 0xbe, 0x23, 0xbe, 0x23,
  0xbe, 0x23, 0xbe, 0x23, 0xbe, 0x23, 0xbe, 0x23, 0xbe, 0x23, 0xbe, 0x23,
  0xbe, 0x23, 0xbe, 0x23, 0xbe, 0x23, 0xbe, 0x23, 0xbe, 0x23, 0xbe, 0x23,
  0xbe, 0x23, 0xbe, 0x23, 0xbe, 0x23, 0xbe, 0x23, 0xbe, 0x23, 0xbe, 0x23,
  0xbe, 0x23, 0xbe, 0x23, 0xbe, 0x23, 0xbe, 0x23, 0xbe, 0x23, 0xbe, 0x23,
  0xbe, 0x23, 0xbe, 0x23, 0xbe, 0x23, 0xbe, 0x23, 0xbe, 0x23, 0xbe, 0x23,
  0xbe, 0x23, 0xbe, 0x23, 0xbe, 0x23, 0xbe, 0x23, 0xbe, 0x23, 0xbe, 0x23,
  0xbe, 0x23, 0xbe, 0x23, 0xbe, 0x23, 0xbe, 0x23, 0xbe, 0x23, 0xbe, 0x23,
  0xbe, 0x23, 0xbe, 0x23, 0xbe, 0x23, 0xbe, 0x23, 0xbe, 0x23, 0xbe, 0x23,
  0xbe, 0x23, 0xbe, 0x23, 0xbe, 0x23, 0xbe, 0x23, 0xbe, 0x23, 0xbe, 0x23,
  0xbe, 0x23, 0xbe, 0x23, 0xbe, 0x23, 0xbe, 0x23, 0xbe, 0x23, 0xbe, 0x23,
  0xbe, 0x23, 0xbe, 0x23, 0xbe, 0x23, 0xbe, 0x23, 0xbe, 0x23, 0xbe, 0x23,
  0xbe, 0x23, 0xbe, 0x23, 0xbe, 0x23, 0xbe, 0x23, 0xbe, 0x23, 0xbe, 0x23,
  0xbe, 0x23, 0xbe, 0x23, 0xbe, 0x23, 0xbe, 0x23, 0xbe, 0x23, 0xbe, 0x23,
  0xbe, 0x23, 0xbe, 0x23, 0xbe, 0x23, 0xbe, 0x23, 0xbe, 0x23, 0xbe, 0x23,
  0xbe, 0x23, 0xbe, 0x23, 0xbe, 0x23, 0xbe, 0x23, 0xbe, 0x23, 0xbe, 0x23,
  0xbe, 0x23, 0xbe, 0x23, 0xbe, 0x23, 0xbe, 0x23, 0xbe, 0x23, 0xbe, 0x23,
  0xbe, 0x23, 0xbe, 0x23, 0xbe, 0x23, 0xbe, 0x23, 0xbe, 0x23, 0xbe, 0x23,
  0xbe, 0x23, 0xbe, 0x23, 0xbe, 0x23, 0xbe, 0x23, 0xbe, 0x23, 0xbe, 0x23,
  0xbe, 0x23, 0xbe, 0x23, 0xbe, 0x23, 0xbe, 0x23, 0xbe, 0x23, 0xbe, 0x23,
  0xbe, 0x23, 0xbe, 0x23, 0xbe, 0x23, 0xbe, 0x23, 0xbe, 0x23, 0xbe, 0x23,
  0xbe, 0x23, 0xbe, 0x23, 0xbe, 0x23, 0xbe, 0x23, 0xbe, 0x23, 0xbe, 0x23,
  0xbe, 0x23, 0xbe, 0x23, 0xbe, 0x23, 0xbe, 0x23, 0xbe, 0x23, 0xbe, 0x23,
  0xbe, 0x23, 0xbe, 0x23, 0xbe, 0x23, 0xbe, 0x23, 0xbe, 0x23, 0xbe, 0x23,
  0xbe, 0x23, 0xbe, 0x23, 0xbe, 0x23, 0xbe, 0x23, 0xbe, 0x23, 0xbe, 0x23,
  0xbe, 0x23, 0xbe, 0x23, 0xbe, 0x23, 0xbe, 0x23, 0xbe, 0x23, 0xbe, 0x23,
  0xbe, 0x23, 0xbe, 0x23, 0xbe, 0x23, 0xbe, 0x23, 0xbe, 0x23, 0xbe, 0x23,
  0xbe, 0x23, 0xbe, 0x23, 0xbe, 0x23, 0xbe, 0x23, 0xbe, 0x23, 0xbe, 0x23,
  0xbe, 0x23, 0xbe, 0x23, 0xbe, 0x23, 0xbe, 0x23, 0xbe, 0x23, 0xbe, 0x23,
  0xbe, 0x23, 0xbe, 0x23, 0xbe, 0x23, 0xbe, 0x23, 0xbe, 0x23, 0xbe, 0x23,
  0xbe, 0x23, 0xbe, 0x23, 0xbe, 0x23, 0xbe, 0x23, 0xbe, 0x23, 0xbe, 0x23,
  0xbe, 0x23, 0xbe, 0x23, 0xbe, 0x23, 0xbe, 0x23, 0xbe, 0x23, 0xbe, 0x23,
  0xbe, 0x23, 0xbe, 0x23, 0xbe, 0x23, 0xbe, 0x23, 0xbe, 0x23, 0xbe, 0x23,
  0xbe, 0x23, 0xbe, 0x23, 0xbe, 0x23, 0xbe, 0x23, 0xbe, 0x23, 0xbe, 0x23,
  0xbe, 0x23, 0xbe, 0x23, 0xbe, 0x23, 0xbe, 0x23, 0xbe, 0x23, 0xbe, 0x23,
  0xbe, 0x23, 0xbe, 0x23, 0xbe, 0x23, 0xbe, 0x23, 0xbe, 0x23, 0xbe, 0x23,
  0xbe, 0x23, 0xbe, 0x23, 0xbe, 0x23, 0xbe, 0x23, 0xbe, 0x23, 0xbe, 0x23,
  0xbe, 0x23, 0xbe, 0x23, 0xbe, 0x23, 0xbe, 0x23, 0xbe, 0x23, 0xbe, 0x23,
  0xbe, 0x23, 0xbe, 0x23, 0xbe, 0x23, 0xbe, 0x23, 0xbe, 0x23, 0xbe, 0x23,
  0xbe, 0x23, 0xbe, 0x23, 0xbe, 0x23, 0xbe, 0x23, 0xbe, 0x23, 0xbe, 0x23,
  0xbe, 0x23, 0xbe, 0x23, 0xbe, 0x23, 0xbe, 0x23, 0xbe, 0x23, 0xbe, 0x23,
  0xbe, 0x23, 0xbe, 0x23, 0xbe, 0x23, 0xbe, 0x23, 0xbe, 0x23, 0xbe, 0x23,
  0xbe, 0x23, 0xbe, 0x23, 0xbe, 0x23, 0xbe, 0x23, 0xbe, 0x23, 0xbe, 0x23,
  0xbe, 0x23, 0xbe, 0x23, 0xbe, 0x23, 0xbe, 0x23, 0xbe, 0x23, 0xbe, 0x23,
  0xbe, 0x23, 0xbe, 0x23, 0xbe, 0x23, 0xbf, 0x1b, 0xdf, 0x17, 0xdf, 0x17,
  0xdf, 0x17, 0xdf, 0x17, 0xdf, 0x17, 0xdf, 0x17, 0xdf, 0x17, 0xdf, 0x17,
  0xbf, 0x1f, 0xbf, 0x23, 0xbf, 0x23, 0xbf, 0x23, 0xbf, 0x23, 0xbf, 0x23,
  0xbf, 0x23, 0xbf, 0x23, 0xbf, 0x23, 0xbf, 0x23, 0xdf, 0x23, 0xdf, 0x23,
  0xdf, 0x23, 0xdf, 0x23, 0xdf, 0x23, 0xdf, 0x23, 0xdf, 0x23, 0xdf, 0x23,
  0xbf, 0x1f, 0xbf, 0x13, 0xbf, 0x13, 0xbf, 0x13, 0xbf, 0x13, 0xbf, 0x13,
  0xbf, 0x13, 0xbf, 0x13, 0xbf, 0x13, 0xbf, 0x1b, 0xbf, 0x23, 0xbf, 0x23,
  0xbf, 0x23, 0xbf, 0x23, 0xbf, 0x23, 0xbf, 0x23, 0xbf, 0x23, 0xbf, 0x23,
  0xbf, 0x1f, 0xdf, 0x17, 0xdf, 0x1b, 0xdf, 0x1b, 0xdf, 0x1b, 0xdf, 0x1b,
  0xdf, 0x1b, 0xdf, 0x1b, 0xdf, 0x1b, 0xbf, 0x17, 0xbe, 0x0f, 0xbe, 0x0f,
  0xbe, 0x0f, 0xbe, 0x0f, 0xbe, 0x0f, 0xbe, 0x0f, 0xbe, 0x0f, 0xbe, 0x0f,
  0xbe, 0x13, 0xde, 0x23, 0xde, 0x23, 0xde, 0x23, 0xde, 0x23, 0xde, 0x23,
  0xde, 0x23, 0xde, 0x23, 0xde, 0x23, 0xde, 0x23, 0xbf, 0x23, 0xbf, 0x23,
  0xbf, 0x23, 0xbf, 0x23, 0xbf, 0x23, 0xbf, 0x23, 0xbf, 0x23, 0xbf, 0x23,
  0xbf, 0x23, 0xdf, 0x1b, 0xdf, 0x17, 0xdf, 0x1b, 0xdf, 0x1b, 0xdf, 0x1b,
  0xdf, 0x1b, 0xdf, 0x1b, 0xdf, 0x1b, 0xdf, 0x1b, 0xdf, 0x0f, 0xdf, 0x0f,
  0xdf, 0x0f, 0xdf, 0x0f, 0xdf, 0x0f, 0xdf, 0x0f, 0xdf, 0x0f, 0xdf, 0x0f,
  0xdf, 0x0f, 0xbf, 0x17, 0xbf, 0x1b, 0xbf, 0x17, 0xbf, 0x17, 0xbf, 0x17,
  0xbf, 0x17, 0xbf, 0x17, 0xbf, 0x17, 0xbf, 0x17, 0xbe, 0x1f, 0xde, 0x1f,
  0xde, 0x1f, 0xde, 0x1f, 0xde, 0x1f, 0xde, 0x1f, 0xde, 0x1f, 0xde, 0x1f,
  0xde, 0x1f, 0xdf, 0x17, 0xdf, 0x0b, 0xdf, 0x0f, 0xdf, 0x0f, 0xdf, 0x0f,
  0xdf, 0x0f, 0xdf, 0x0f, 0xdf, 0x0f, 0xdf, 0x0f, 0xbf, 0x13, 0xbf, 0x17,
  0xbf, 0x17, 0xbf, 0x17, 0xbf, 0x17, 0xbf, 0x17, 0xbf, 0x17, 0xbf, 0x17,
  0xbf, 0x17, 0xbf, 0x17, 0xdf, 0x17, 0xdf, 0x17, 0xdf, 0x17, 0xdf, 0x17,
  0xdf, 0x17, 0xdf, 0x17, 0xdf, 0x17, 0xdf, 0x17, 0xbf, 0x1b, 0xbe, 0x23,
  0xbe, 0x23, 0xbe, 0x23, 0xbe, 0x23, 0xbe, 0x23, 0xbe, 0x23, 0xbe, 0x23,
  0xbe, 0x23, 0xbe, 0x23, 0xbe, 0x23, 0xbe, 0x23, 0xbe, 0x23, 0xbe, 0x23,
  0xbf, 0x1b, 0x19, 0x4b, 0x94, 0x5a, 0x95, 0x56, 0x95, 0x56, 0x95, 0x56,
  0x95, 0x56, 0x95, 0x56, 0x95, 0x56, 0x95, 0x5a, 0x36, 0x43, 0x96, 0x27,
  0x96, 0x2b, 0x96, 0x2b, 0x96, 0x2b, 0x96, 0x2b, 0x96, 0x2b, 0x96, 0x2b,
  0x96, 0x2b, 0x15, 0x23, 0x53, 0x12, 0x74, 0x16, 0x74, 0x16, 0x74, 0x16,
  0x74, 0x16, 0x74, 0x16, 0x74, 0x16, 0x53, 0x02, 0xd5, 0x3e, 0x77, 0x63,
  0x77, 0x5f, 0x77, 0x5f, 0x77, 0x5f, 0x77, 0x5f, 0x77, 0x5f, 0x77, 0x5f,
  0x77, 0x63, 0x56, 0x53, 0x34, 0x0f, 0x34, 0x1b, 0x34, 0x1b, 0x34, 0x1b,
  0x34, 0x1b, 0x34, 0x1b, 0x34, 0x1b, 0x34, 0x13, 0x16, 0x2f, 0x9a, 0x56,
  0x9a, 0x52, 0x9a, 0x52, 0x9a, 0x52, 0x9a, 0x52, 0x9a, 0x52, 0x9a, 0x52,
  0x9a, 0x52, 0xfb, 0x56, 0xff, 0x6b, 0xff, 0x6b, 0xff, 0x6b, 0xff, 0x6b,
  0xff, 0x6b, 0xff, 0x6b, 0xff, 0x6b, 0xff, 0x6b, 0xdf, 0x63, 0xbe, 0x2a,
  0x9e, 0x26, 0x9e, 0x26, 0x9e, 0x26, 0x9e, 0x26, 0x9e, 0x26, 0x9e, 0x26,
  0x9e, 0x26, 0xbd, 0x26, 0x55, 0x1b, 0x74, 0x1b, 0x54, 0x1b, 0x54, 0x1b,
  0x54, 0x1b, 0x54, 0x1b, 0x54, 0x1b, 0x74, 0x17, 0x55, 0x1b, 0xba, 0x4e,
  0x9a, 0x56, 0x9a, 0x52, 0x9a, 0x52, 0x9a, 0x52, 0x9a, 0x52, 0x9a, 0x52,
  0x9a, 0x52, 0x9a, 0x52, 0x96, 0x66, 0x95, 0x6a, 0x95, 0x66, 0x95, 0x66,
  0x95, 0x66, 0x95, 0x66, 0x95, 0x66, 0x95, 0x66, 0x95, 0x6a, 0x3a, 0x5b,
  0x7b, 0x57, 0x7b, 0x57, 0x7b, 0x57, 0x7b, 0x57, 0x7b, 0x57, 0x7b, 0x57,
  0x7b, 0x57, 0x7b, 0x57, 0xfe, 0x42, 0xbf, 0x36, 0xdf, 0x36, 0xdf, 0x36,
  0xdf, 0x36, 0xdf, 0x36, 0xdf, 0x36, 0xdf, 0x36, 0xdf, 0x32, 0xda, 0x5a,
  0xd6, 0x6a, 0xd6, 0x6a, 0xd6, 0x6a, 0xd6, 0x6a, 0xd6, 0x6a, 0xd6, 0x6a,
  0xd6, 0x6a, 0xb6, 0x6a, 0x16, 0x63, 0x55, 0x57, 0x55, 0x57, 0x55, 0x57,
  0x55, 0x57, 0x55, 0x57, 0x55, 0x57, 0x55, 0x57, 0x55, 0x57, 0x15, 0x57,
  0x95, 0x56, 0x95, 0x56, 0x95, 0x56, 0x95, 0x56, 0x95, 0x56, 0x95, 0x56,
  0x95, 0x56, 0x94, 0x5a, 0x19, 0x4b, 0xbf, 0x1b, 0xbe, 0x23, 0xbe, 0x23,
  0xbe, 0x23, 0xbe, 0x23, 0xbe, 0x23, 0xbe, 0x23, 0xbe, 0x23, 0xbe, 0x23,
  0xbe, 0x23, 0xbe, 0x23, 0xbe, 0x23, 0xbe, 0x23, 0xdf, 0x17, 0x74, 0x5a,
  0x81, 0x6c, 0x06, 0x6d, 0x06, 0x6d, 0x06, 0x6d, 0x06, 0x6d, 0x06, 0x6d,
  0x06, 0x6d, 0xa6, 0x6c, 0xab, 0x52, 0x8e, 0x2b, 0x6d, 0x2f, 0x6d, 0x2f,
  0x6d, 0x2f, 0x6d, 0x2f, 0x6d, 0x2f, 0x6d, 0x2f, 0x8e, 0x33, 0x89, 0x22,
  0x00, 0x00, 0x00, 0x00, 0x00, 0x00, 0x00, 0x00, 0x00, 0x00, 0x00, 0x00,
  0x00, 0x00, 0x00, 0x00, 0xe7, 0x4d, 0x4f, 0x7b, 0x2f, 0x77, 0x2f, 0x77,
  0x2f, 0x77, 0x2f, 0x77, 0x2f, 0x77, 0x2f, 0x77, 0x2f, 0x77, 0x0c, 0x67,
  0xa0, 0x02, 0xa2, 0x0e, 0xa2, 0x0e, 0xa2, 0x0e, 0xa2, 0x0e, 0xa2, 0x0e,
  0xa2, 0x0e, 0xc0, 0x02, 0x6c, 0x36, 0x17, 0x69, 0x37, 0x65, 0x37, 0x65,
  0x37, 0x65, 0x37, 0x65, 0x37, 0x65, 0x37, 0x65, 0x16, 0x65, 0x18, 0x6e,
  0xff, 0x7f, 0xff, 0x7f, 0xff, 0x7f, 0xff, 0x7f, 0xff, 0x7f, 0xff, 0x7f,
  0xff, 0x7f, 0xff, 0x7f, 0xdf, 0x7b, 0x3d, 0x2d, 0x1d, 0x29, 0x1d, 0x29,
  0x1d, 0x29, 0x1d, 0x29, 0x1d, 0x29, 0x1d, 0x29, 0x1d, 0x29, 0x5c, 0x29,
  0x09, 0x13, 0x23, 0x0f, 0x04, 0x0f, 0x04, 0x0f, 0x04, 0x0f, 0x04, 0x0f,
  0x04, 0x0f, 0x24, 0x0f, 0x05, 0x17, 0x95, 0x61, 0x37, 0x65, 0x37, 0x65,
  0x37, 0x65, 0x37, 0x65, 0x37, 0x65, 0x37, 0x65, 0x37, 0x65, 0x37, 0x65,
  0x0c, 0x7d, 0x07, 0x7d, 0x08, 0x7d, 0x08, 0x7d, 0x08, 0x7d, 0x08, 0x7d,
  0x08, 0x7d, 0x08, 0x7d, 0xe6, 0x7c, 0xd6, 0x6e, 0x39, 0x67, 0x39, 0x6b,
  0x39, 0x6b, 0x39, 0x6b, 0x39, 0x6b, 0x39, 0x6b, 0x39, 0x6b, 0x39, 0x6b,
  0x5e, 0x4e, 0x9f, 0x3d, 0xbf, 0x3d, 0xbf, 0x3d, 0xbf, 0x3d, 0xbf, 0x3d,
  0xbf, 0x3d, 0xbf, 0x3d, 0xbf, 0x39, 0xb6, 0x6d, 0xcc, 0x7d, 0xcd, 0x7d,
  0xcd, 0x7d, 0xcd, 0x7d, 0xcd, 0x7d, 0xcd, 0x7d, 0xcd, 0x7d, 0xae, 0x7d,
  0x8b, 0x76, 0x07, 0x6b, 0x08, 0x6f, 0x08, 0x6f, 0x08, 0x6f, 0x08, 0x6f,
  0x08, 0x6f, 0x08, 0x6f, 0x08, 0x6f, 0x67, 0x6e, 0xc6, 0x6c, 0x06, 0x6d,
  0x06, 0x6d, 0x06, 0x6d, 0x06, 0x6d, 0x06, 0x6d, 0x06, 0x6d, 0x81, 0x6c,
  0x74, 0x5a, 0xdf, 0x17, 0xbe, 0x23, 0xbe, 0x23, 0xbe, 0x23, 0xbe, 0x23,
  0xbe, 0x23, 0xbe, 0x23, 0xbe, 0x23, 0xbe, 0x23, 0xbe, 0x23, 0xbe, 0x23,
  0xbe, 0x23, 0xbe, 0x23, 0xdf, 0x17, 0x94, 0x5a, 0x07, 0x6d, 0x49, 0x69,
  0x49, 0x69, 0x49, 0x69, 0x49, 0x69, 0x49, 0x69, 0x49, 0x69, 0x09, 0x6d,
  0xcc, 0x52, 0x8f, 0x2b, 0x6f, 0x2f, 0x6f, 0x2f, 0x6f, 0x2f, 0x6f, 0x2f,
  0x6f, 0x2f, 0x6f, 0x2f, 0x8f, 0x33, 0x8b, 0x22, 0x00, 0x00, 0x00, 0x00,
  0x00, 0x00, 0x00, 0x00, 0x00, 0x00, 0x00, 0x00, 0x00, 0x00, 0x00, 0x00,
  0x0a, 0x4a, 0x50, 0x77, 0x30, 0x73, 0x30, 0x73, 0x30, 0x73, 0x30, 0x73,
  0x30, 0x73, 0x30, 0x73, 0x50, 0x77, 0x0e, 0x63, 0xc6, 0x02, 0xc7, 0x12,
  0xc7, 0x12, 0xc7, 0x12, 0xc7, 0x12, 0xc7, 0x12, 0xc7, 0x12, 0xc6, 0x02,
  0x8d, 0x36, 0x57, 0x65, 0x77, 0x65, 0x77, 0x65, 0x77, 0x65, 0x77, 0x65,
  0x77, 0x65, 0x77, 0x65, 0x57, 0x65, 0x39, 0x6a, 0xff, 0x7f, 0xff, 0x7f,
  0xff, 0x7f, 0xff, 0x7f, 0xff, 0x7f, 0xff, 0x7f, 0xff, 0x7f, 0xff, 0x7f,
  0xdf, 0x7b, 0x7d, 0x2d, 0x5d, 0x29, 0x5d, 0x29, 0x5d, 0x29, 0x5d, 0x29,
  0x5d, 0x29, 0x5d, 0x29, 0x5d, 0x29, 0x9d, 0x29, 0x0b, 0x13, 0x27, 0x13,
  0x28, 0x13, 0x28, 0x13, 0x28, 0x13, 0x28, 0x13, 0x28, 0x13, 0x28, 0x0f,
  0x28, 0x17, 0xb6, 0x61, 0x57, 0x65, 0x77, 0x65, 0x77, 0x65, 0x77, 0x65,
  0x77, 0x65, 0x77, 0x65, 0x77, 0x65, 0x77, 0x65, 0x4d, 0x79, 0x49, 0x7d,
  0x4a, 0x7d, 0x4a, 0x7d, 0x4a, 0x7d, 0x4a, 0x7d, 0x4a, 0x7d, 0x4a, 0x7d,
  0x29, 0x7d, 0xf7, 0x6e, 0x39, 0x67, 0x39, 0x67, 0x39, 0x67, 0x39, 0x67,
  0x39, 0x67, 0x39, 0x67, 0x39, 0x67, 0x59, 0x6b, 0x5e, 0x4e, 0xdf, 0x3d,
  0xdf, 0x3d, 0xdf, 0x3d, 0xdf, 0x3d, 0xdf, 0x3d, 0xdf, 0x3d, 0xdf, 0x3d,
  0xdf, 0x39, 0xf7, 0x6d, 0xed, 0x7d, 0xef, 0x7d, 0xef, 0x7d, 0xef, 0x7d,
  0xef, 0x7d, 0xef, 0x7d, 0xef, 0x7d, 0xcf, 0x7d, 0x8c, 0x76, 0x0a, 0x6b,
  0x0a, 0x6b, 0x0a, 0x6b, 0x0a, 0x6b, 0x0a, 0x6b, 0x0a, 0x6b, 0x0a, 0x6b,
  0x0a, 0x6b, 0x6a, 0x6a, 0x09, 0x69, 0x49, 0x69, 0x49, 0x69, 0x49, 0x69,
  0x49, 0x69, 0x49, 0x69, 0x49, 0x69, 0x07, 0x6d, 0x94, 0x5a, 0xdf, 0x17,
  0xbe, 0x23, 0xbe, 0x23, 0xbe, 0x23, 0xbe, 0x23, 0xbe, 0x23, 0xbe, 0x23,
  0xbe, 0x23, 0xbe, 0x23, 0xbe, 0x23, 0xbe, 0x23, 0xbe, 0x23, 0xbe, 0x23,
  0xdf, 0x17, 0x94, 0x5a, 0x07, 0x6d, 0x49, 0x69, 0x49, 0x69, 0x49, 0x69,
  0x49, 0x69, 0x49, 0x69, 0x49, 0x69, 0x09, 0x6d, 0xcc, 0x52, 0x8f, 0x2b,
  0x6f, 0x2f, 0x6f, 0x2f, 0x6f, 0x2f, 0x6f, 0x2f, 0x6f, 0x2f, 0x6f, 0x2f,
  0x8f, 0x33, 0x8b, 0x22, 0x00, 0x00, 0x00, 0x00, 0x00, 0x00, 0x00, 0x00,
  0x00, 0x00, 0x00, 0x00, 0x00, 0x00, 0x00, 0x00, 0x0a, 0x4a, 0x50, 0x77,
  0x30, 0x73, 0x30, 0x73, 0x30, 0x73, 0x30, 0x73, 0x30, 0x73, 0x30, 0x73,
  0x50, 0x77, 0x0e, 0x63, 0xc6, 0x02, 0xc7, 0x12, 0xc7, 0x12, 0xc7, 0x12,
  0xc7, 0x12, 0xc7, 0x12, 0xc7, 0x12, 0xc6, 0x02, 0x8d, 0x36, 0x57, 0x65,
  0x77, 0x65, 0x77, 0x65, 0x77, 0x65, 0x77, 0x65, 0x77, 0x65, 0x77, 0x65,
  0x57, 0x65, 0x39, 0x6a, 0xff, 0x7f, 0xff, 0x7f, 0xff, 0x7f, 0xff, 0x7f,
  0xff, 0x7f, 0xff, 0x7f, 0xff, 0x7f, 0xff, 0x7f, 0xdf, 0x7b, 0x7d, 0x2d,
  0x5d, 0x29, 0x5d, 0x29, 0x5d, 0x29, 0x5d, 0x29, 0x5d, 0x29, 0x5d, 0x29,
  0x5d, 0x29, 0x9d, 0x29, 0x0b, 0x13, 0x27, 0x13, 0x28, 0x13, 0x28, 0x13,
  0x28, 0x13, 0x28, 0x13, 0x28, 0x13, 0x28, 0x0f, 0x28, 0x17, 0xb6, 0x61,
  0x57, 0x65, 0x77, 0x65, 0x77, 0x65, 0x77, 0x65, 0x77, 0x65, 0x77, 0x65,
  0x77, 0x65, 0x77, 0x65, 0x4d, 0x79, 0x49, 0x7d, 0x4a, 0x7d, 0x4a, 0x7d,
  0x4a, 0x7d, 0x4a, 0x7d, 0x4a, 0x7d, 0x4a, 0x7d, 0x29, 0x7d, 0xf7, 0x6e,
  0x39, 0x67, 0x39, 0x67, 0x39, 0x67, 0x39, 0x67, 0x39, 0x67, 0x39, 0x67,
  0x39, 0x67, 0x59, 0x6b, 0x5e, 0x4e, 0xdf, 0x3d, 0xdf, 0x3d, 0xdf, 0x3d,
  0xdf, 0x3d, 0xdf, 0x3d, 0xdf, 0x3d, 0xdf, 0x3d, 0xdf, 0x39, 0xf7, 0x6d,
  0xed, 0x7d, 0xef, 0x7d, 0xef, 0x7d, 0xef, 0x7d, 0xef, 0x7d, 0xef, 0x7d,
  0xef, 0x7d, 0xcf, 0x7d, 0x8c, 0x76, 0x0a, 0x6b, 0x0a, 0x6b, 0x0a, 0x6b,
  0x0a, 0x6b, 0x0a, 0x6b, 0x0a, 0x6b, 0x0a, 0x6b, 0x0a, 0x6b, 0x6a, 0x6a,
  0x09, 0x69, 0x49, 0x69, 0x49, 0x69, 0x49, 0x69, 0x49, 0x69, 0x49, 0x69,
  0x49, 0x69, 0x07, 0x6d, 0x94, 0x5a, 0xdf, 0x17, 0xbe, 0x23, 0xbe, 0x23,
  0xbe, 0x23, 0xbe, 0x23, 0xbe, 0x23, 0xbe, 0x23, 0xbe, 0x23, 0xbe, 0x23,
  0xbe, 0x23, 0xbe, 0x23, 0xbe, 0x23, 0xbe, 0x23, 0xdf, 0x17, 0x94, 0x5a,
  0x07, 0x6d, 0x49, 0x69, 0x49, 0x69, 0x49, 0x69, 0x49, 0x69, 0x49, 0x69,
  0x49, 0x69, 0x09, 0x6d, 0xcc, 0x52, 0x8f, 0x2b, 0x6f, 0x2f, 0x6f, 0x2f,
  0x6f, 0x2f, 0x6f, 0x2f, 0x6f, 0x2f, 0x6f, 0x2f, 0x8f, 0x33, 0x8b, 0x22,
  0x00, 0x00, 0x00, 0x00, 0x00, 0x00, 0x00, 0x00, 0x00, 0x00, 0x00, 0x00,
  0x00, 0x00, 0x00, 0x00, 0x0a, 0x4a, 0x50, 0x77, 0x30, 0x73, 0x30, 0x73,
  0x30, 0x73, 0x30, 0x73, 0x30, 0x73, 0x30, 0x73, 0x50, 0x77, 0x0e, 0x63,
  0xc6, 0x02, 0xc7, 0x12, 0xc7, 0x12, 0xc7, 0x12, 0xc7, 0x12, 0xc7, 0x12,
  0xc7, 0x12, 0xc6, 0x02, 0x8d, 0x36, 0x57, 0x65, 0x77, 0x65, 0x77, 0x65,
  0x77, 0x65, 0x77, 0x65, 0x77, 0x65, 0x77, 0x65, 0x57, 0x65, 0x39, 0x6a,
  0xff, 0x7f, 0xff, 0x7f, 0xff, 0x7f, 0xff, 0x7f, 0xff, 0x7f, 0xff, 0x7f,
  0xff, 0x7f, 0xff, 0x7f, 0xdf, 0x7b, 0x7d, 0x2d, 0x5d, 0x29, 0x5d, 0x29,
  0x5d, 0x29, 0x5d, 0x29, 0x5d, 0x29, 0x5d, 0x29, 0x5d, 0x29, 0x9d, 0x29,
  0x0b, 0x13, 0x27, 0x13, 0x28, 0x13, 0x28, 0x13, 0x28, 0x13, 0x28, 0x13,
  0x28, 0x13, 0x28, 0x0f, 0x28, 0x17, 0xb6, 0x61, 0x57, 0x65, 0x77, 0x65,
  0x77, 0x65, 0x77, 0x65, 0x77, 0x65, 0x77, 0x65, 0x77, 0x65, 0x77, 0x65,
  0x4d, 0x79, 0x49, 0x7d, 0x4a, 0x7d, 0x4a, 0x7d, 0x4a, 0x7d, 0x4a, 0x7d,
  0x4a, 0x7d, 0x4a, 0x7d, 0x29, 0x7d, 0xf7, 0x6e, 0x39, 0x67, 0x39, 0x67,
  0x39, 0x67, 0x39, 0x67, 0x39, 0x67, 0x39, 0x67, 0x39, 0x67, 0x59, 0x6b,
  0x5e, 0x4e, 0xdf, 0x3d, 0xdf, 0x3d, 0xdf, 0x3d, 0xdf, 0x3d, 0xdf, 0x3d,
  0xdf, 0x3d, 0xdf, 0x3d, 0xdf, 0x39, 0xf7, 0x6d, 0xed, 0x7d, 0xef, 0x7d,
  0xef, 0x7d, 0xef, 0x7d, 0xef, 0x7d, 0xef, 0x7d, 0xef, 0x7d, 0xcf, 0x7d,
  0x8c, 0x76, 0x0a, 0x6b, 0x0a, 0x6b, 0x0a, 0x6b, 0x0a, 0x6b, 0x0a, 0x6b,
  0x0a, 0x6b, 0x0a, 0x6b, 0x0a, 0x6b, 0x6a, 0x6a, 0x09, 0x69, 0x49, 0x69,
  0x49, 0x69, 0x49, 0x69, 0x49, 0x69, 0x49, 0x69, 0x49, 0x69, 0x07, 0x6d,
  0x94, 0x5a, 0xdf, 0x17, 0xbe, 0x23, 0xbe, 0x23, 0xbe, 0x23, 0xbe, 0x23,
  0xbe, 0x23, 0xbe, 0x23, 0xbe, 0x23, 0xbe, 0x23, 0xbe, 0x23, 0xbe, 0x23,
  0xbe, 0x23, 0xbe, 0x23, 0xdf, 0x17, 0x94, 0x5a, 0x07, 0x6d, 0x49, 0x69,
  0x49, 0x69, 0x49, 0x69, 0x49, 0x69, 0x49, 0x69, 0x49, 0x69, 0x09, 0x6d,
  0xcc, 0x52, 0x8f, 0x2b, 0x6f, 0x2f, 0x6f, 0x2f, 0x6f, 0x2f, 0x6f, 0x2f,
  0x6f, 0x2f, 0x6f, 0x2f, 0x8f, 0x33, 0x8b, 0x22, 0x00, 0x00, 0x00, 0x00,
  0x00, 0x00, 0x00, 0x00, 0x00, 0x00, 0x00, 0x00, 0x00, 0x00, 0x00, 0x00,
  0x0a, 0x4a, 0x50, 0x77, 0x30, 0x73, 0x30, 0x73, 0x30, 0x73, 0x30, 0x73,
  0x30, 0x73, 0x30, 0x73, 0x50, 0x77, 0x0e, 0x63, 0xc6, 0x02, 0xc7, 0x12,
  0xc7, 0x12, 0xc7, 0x12, 0xc7, 0x12, 0xc7, 0x12, 0xc7, 0x12, 0xc6, 0x02,
  0x8d, 0x36, 0x57, 0x65, 0x77, 0x65, 0x77, 0x65, 0x77, 0x65, 0x77, 0x65,
  0x77, 0x65, 0x77, 0x65, 0x57, 0x65, 0x39, 0x6a, 0xff, 0x7f, 0xff, 0x7f,
  0xff, 0x7f, 0xff, 0x7f, 0xff, 0x7f, 0xff, 0x7f, 0xff, 0x7f, 0xff, 0x7f,
  0xdf, 0x7b, 0x7d, 0x2d, 0x5d, 0x29, 0x5d, 0x29, 0x5d, 0x29, 0x5d, 0x29,
  0x5d, 0x29, 0x5d, 0x29, 0x5d, 0x29, 0x9d, 0x29, 0x0b, 0x13, 0x27, 0x13,
  0x28, 0x13, 0x28, 0x13, 0x28, 0x13, 0x28, 0x13, 0x28, 0x13, 0x28, 0x0f,
  0x28, 0x17, 0xb6, 0x61, 0x57, 0x65, 0x77, 0x65, 0x77, 0x65, 0x77, 0x65,
  0x77, 0x65, 0x77, 0x65, 0x77, 0x65, 0x77, 0x65, 0x4d, 0x79, 0x49, 0x7d,
  0x4a, 0x7d, 0x4a, 0x7d, 0x4a, 0x7d, 0x4a, 0x7d, 0x4a, 0x7d, 0x4a, 0x7d,
  0x29, 0x7d, 0xf7, 0x6e, 0x39, 0x67, 0x39, 0x67, 0x39, 0x67, 0x39, 0x67,
  0x39, 0x67, 0x39, 0x67, 0x39, 0x67, 0x59, 0x6b, 0x5e, 0x4e, 0xdf, 0x3d,
  0xdf, 0x3d, 0xdf, 0x3d, 0xdf, 0x3d, 0xdf, 0x3d, 0xdf, 0x3d, 0xdf, 0x3d,
  0xdf, 0x39, 0xf7, 0x6d, 0xed, 0x7d, 0xef, 0x7d, 0xef, 0x7d, 0xef, 0x7d,
  0xef, 0x7d, 0xef, 0x7d, 0xef, 0x7d, 0xcf, 0x7d, 0x8c, 0x76, 0x0a, 0x6b,
  0x0a, 0x6b, 0x0a, 0x6b, 0x0a, 0x6b, 0x0a, 0x6b, 0x0a, 0x6b, 0x0a, 0x6b,
  0x0a, 0x6b, 0x6a, 0x6a, 0x09, 0x69, 0x49, 0x69, 0x49, 0x69, 0x49, 0x69,
  0x49, 0x69, 0x49, 0x69, 0x49, 0x69, 0x07, 0x6d, 0x94, 0x5a, 0xdf, 0x17,
  0xbe, 0x23, 0xbe, 0x23, 0xbe, 0x23, 0xbe, 0x23, 0xbe, 0x23, 0xbe, 0x23,
  0xbe, 0x23, 0xbe, 0x23, 0xbe, 0x23, 0xbe, 0x23, 0xbe, 0x23, 0xbe, 0x23,
  0xdf, 0x17, 0x94, 0x5a, 0x07, 0x6d, 0x49, 0x69, 0x49, 0x69, 0x49, 0x69,
  0x49, 0x69, 0x49, 0x69, 0x49, 0x69, 0x09, 0x6d, 0xcc, 0x52, 0x8f, 0x2b,
  0x6f, 0x2f, 0x6f, 0x2f, 0x6f, 0x2f, 0x6f, 0x2f, 0x6f, 0x2f, 0x6f, 0x2f,
  0x8f, 0x33, 0x8b, 0x22, 0x00, 0x00, 0x00, 0x00, 0x00, 0x00, 0x00, 0x00,
  0x00, 0x00, 0x00, 0x00, 0x00, 0x00, 0x00, 0x00, 0x0a, 0x4a, 0x50, 0x77,
  0x30, 0x73, 0x30, 0x73, 0x30, 0x73, 0x30, 0x73, 0x30, 0x73, 0x30, 0x73,
  0x50, 0x77, 0x0e, 0x63, 0xc6, 0x02, 0xc7, 0x12, 0xc7, 0x12, 0xc7, 0x12,
  0xc7, 0x12, 0xc7, 0x12, 0xc7, 0x12, 0xc6, 0x02, 0x8d, 0x36, 0x57, 0x65,
  0x77, 0x65, 0x77, 0x65, 0x77, 0x65, 0x77, 0x65, 0x77, 0x65, 0x77, 0x65,
  0x57, 0x65, 0x39, 0x6a, 0xff, 0x7f, 0xff, 0x7f, 0xff, 0x7f, 0xff, 0x7f,
  0xff, 0x7f, 0xff, 0x7f, 0xff, 0x7f, 0xff, 0x7f, 0xdf, 0x7b, 0x7d, 0x2d,
  0x5d, 0x29, 0x5d, 0x29, 0x5d, 0x29, 0x5d, 0x29, 0x5d, 0x29, 0x5d, 0x29,
  0x5d, 0x29, 0x9d, 0x29, 0x0b, 0x13, 0x27, 0x13, 0x28, 0x13, 0x28, 0x13,
  0x28, 0x13, 0x28, 0x13, 0x28, 0x13, 0x28, 0x0f, 0x28, 0x17, 0xb6, 0x61,
  0x57, 0x65, 0x77, 0x65, 0x77, 0x65, 0x77, 0x65, 0x77, 0x65, 0x77, 0x65,
  0x77, 0x65, 0x77, 0x65, 0x4d, 0x79, 0x49, 0x7d, 0x4a, 0x7d, 0x4a, 0x7d,
  0x4a, 0x7d, 0x4a, 0x7d, 0x4a, 0x7d, 0x4a, 0x7d, 0x29, 0x7d, 0xf7, 0x6e,
  0x39, 0x67, 0x39, 0x67, 0x39, 0x67, 0x39, 0x67, 0x39, 0x67, 0x39, 0x67,
  0x39, 0x67, 0x59, 0x6b, 0x5e, 0x4e, 0xdf, 0x3d, 0xdf, 0x3d, 0xdf, 0x3d,
  0xdf, 0x3d, 0xdf, 0x3d, 0xdf, 0x3d, 0xdf, 0x3d, 0xdf, 0x39, 0xf7, 0x6d,
  0xed, 0x7d, 0xef, 0x7d, 0xef, 0x7d, 0xef, 0x7d, 0xef, 0x7d, 0xef, 0x7d,
  0xef, 0x7d, 0xcf, 0x7d, 0x8c, 0x76, 0x0a, 0x6b, 0x0a, 0x6b, 0x0a, 0x6b,
  0x0a, 0x6b, 0x0a, 0x6b, 0x0a, 0x6b, 0x0a, 0x6b, 0x0a, 0x6b, 0x6a, 0x6a,
  0x09, 0x69, 0x49, 0x69, 0x49, 0x69, 0x49, 0x69, 0x49, 0x69, 0x49, 0x69,
  0x49, 0x69, 0x07, 0x6d, 0x94, 0x5a, 0xdf, 0x17, 0xbe, 0x23, 0xbe, 0x23,
  0xbe, 0x23, 0xbe, 0x23, 0xbe, 0x23, 0xbe, 0x23, 0xbe, 0x23, 0xbe, 0x23,
  0xbe, 0x23, 0xbe, 0x23, 0xbe, 0x23, 0xbe, 0x23, 0xdf, 0x17, 0x94, 0x5a,
  0x07, 0x6d, 0x49, 0x69, 0x49, 0x69, 0x49, 0x69, 0x49, 0x69, 0x49, 0x69,
  0x49, 0x69, 0x09, 0x6d, 0xcc, 0x52, 0x8f, 0x2b, 0x6f, 0x2f, 0x6f, 0x2f,
  0x6f, 0x2f, 0x6f, 0x2f, 0x6f, 0x2f, 0x6f, 0x2f, 0x8f, 0x33, 0x8b, 0x22,
  0x00, 0x00, 0x00, 0x00, 0x00, 0x00, 0x00, 0x00, 0x00, 0x00, 0x00, 0x00,
  0x00, 0x00, 0x00, 0x00, 0x0a, 0x4a, 0x50, 0x77, 0x30, 0x73, 0x30, 0x73,
  0x30, 0x73, 0x30, 0x73, 0x30, 0x73, 0x30, 0x73, 0x50, 0x77, 0x0e, 0x63,
  0xc6, 0x02, 0xc7, 0x12, 0xc7, 0x12, 0xc7, 0x12, 0xc7, 0x12, 0xc7, 0x12,
  0xc7, 0x12, 0xc6, 0x02, 0x8d, 0x36, 0x57, 0x65, 0x77, 0x65, 0x77, 0x65,
  0x77, 0x65, 0x77, 0x65, 0x77, 0x65, 0x77, 0x65, 0x57, 0x65, 0x39, 0x6a,
  0xff, 0x7f, 0xff, 0x7f, 0xff, 0x7f, 0xff, 0x7f, 0xff, 0x7f, 0xff, 0x7f,
  0xff, 0x7f, 0xff, 0x7f, 0xdf, 0x7b, 0x7d, 0x2d, 0x5d, 0x29, 0x5d, 0x29,
  0x5d, 0x29, 0x5d, 0x29, 0x5d, 0x29, 0x5d, 0x29, 0x5d, 0x29, 0x9d, 0x29,
  0x0b, 0x13, 0x27, 0x13, 0x28, 0x13, 0x28, 0x13, 0x28, 0x13, 0x28, 0x13,
  0x28, 0x13, 0x28, 0x0f, 0x28, 0x17, 0xb6, 0x61, 0x57, 0x65, 0x77, 0x65,
  0x77, 0x65, 0x77, 0x65, 0x77, 0x65, 0x77, 0x65, 0x77, 0x65, 0x77, 0x65,
  0x4d, 0x79, 0x49, 0x7d, 0x4a, 0x7d, 0x4a, 0x7d, 0x4a, 0x7d, 0x4a, 0x7d,
  0x4a, 0x7d, 0x4a, 0x7d, 0x29, 0x7d, 0xf7, 0x6e, 0x39, 0x67, 0x39, 0x67,
  0x39, 0x67, 0x39, 0x67, 0x39, 0x67, 0x39, 0x67, 0x39, 0x67, 0x59, 0x6b,
  0x5e, 0x4e, 0xdf, 0x3d, 0xdf, 0x3d, 0xdf, 0x3d, 0xdf, 0x3d, 0xdf, 0x3d,
  0xdf, 0x3d, 0xdf, 0x3d, 0xdf, 0x39, 0xf7, 0x6d, 0xed, 0x7d, 0xef, 0x7d,
  0xef, 0x7d, 0xef, 0x7d, 0xef, 0x7d, 0xef, 0x7d, 0xef, 0x7d, 0xcf, 0x7d,
  0x8c, 0x76, 0x0a, 0x6b, 0x0a, 0x6b, 0x0a, 0x6b, 0x0a, 0x6b, 0x0a, 0x6b,
  0x0a, 0x6b, 0x0a, 0x6b, 0x0a, 0x6b, 0x6a, 0x6a, 0x09, 0x69, 0x49, 0x69,
  0x49, 0x69, 0x49, 0x69, 0x49, 0x69, 0x49, 0x69, 0x49, 0x69, 0x07, 0x6d,
  0x94, 0x5a, 0xdf, 0x17, 0xbe, 0x23, 0xbe, 0x23, 0xbe, 0x23, 0xbe, 0x23,
  0xbe, 0x23, 0xbe, 0x23, 0xbe, 0x23, 0xbe, 0x23, 0xbe, 0x23, 0xbe, 0x23,
  0xbe, 0x23, 0xbe, 0x23, 0xdf, 0x17, 0x94, 0x5a, 0x07, 0x6d, 0x49, 0x69,
  0x49, 0x69, 0x49, 0x69, 0x49, 0x69, 0x49, 0x69, 0x49, 0x69, 0x09, 0x6d,
  0xcc, 0x52, 0x8f, 0x2b, 0x6f, 0x2f, 0x6f, 0x2f, 0x6f, 0x2f, 0x6f, 0x2f,
  0x6f, 0x2f, 0x6f, 0x2f, 0x8f, 0x33, 0x8b, 0x22, 0x00, 0x00, 0x00, 0x00,
  0x00, 0x00, 0x00, 0x00, 0x00, 0x00, 0x00, 0x00, 0x00, 0x00, 0x00, 0x00,
  0x0a, 0x4a, 0x50, 0x77, 0x30, 0x73, 0x30, 0x73, 0x30, 0x73, 0x30, 0x73,
  0x30, 0x73, 0x30, 0x73, 0x50, 0x77, 0x0e, 0x63, 0xc6, 0x02, 0xc7, 0x12,
  0xc7, 0x12, 0xc7, 0x12, 0xc7, 0x12, 0xc7, 0x12, 0xc7, 0x12, 0xc6, 0x02,
  0x8d, 0x36, 0x57, 0x65, 0x77, 0x65, 0x77, 0x65, 0x77, 0x65, 0x77, 0x65,
  0x77, 0x65, 0x77, 0x65, 0x57, 0x65, 0x39, 0x6a, 0xff, 0x7f, 0xff, 0x7f,
  0xff, 0x7f, 0xff, 0x7f, 0xff, 0x7f, 0xff, 0x7f, 0xff, 0x7f, 0xff, 0x7f,
  0xdf, 0x7b, 0x7d, 0x2d, 0x5d, 0x29, 0x5d, 0x29, 0x5d, 0x29, 0x5d, 0x29,
  0x5d, 0x29, 0x5d, 0x29, 0x5d, 0x29, 0x9d, 0x29, 0x0b, 0x13, 0x27, 0x13,
  0x28, 0x13, 0x28, 0x13, 0x28, 0x13, 0x28, 0x13, 0x28, 0x13, 0x28, 0x0f,
  0x28, 0x17, 0xb6, 0x61, 0x57, 0x65, 0x77, 0x65, 0x77, 0x65, 0x77, 0x65,
  0x77, 0x65, 0x77, 0x65, 0x77, 0x65, 0x77, 0x65, 0x4d, 0x79, 0x49, 0x7d,
  0x4a, 0x7d, 0x4a, 0x7d, 0x4a, 0x7d, 0x4a, 0x7d, 0x4a, 0x7d, 0x4a, 0x7d,
  0x29, 0x7d, 0xf7, 0x6e, 0x39, 0x67, 0x39, 0x67, 0x39, 0x67, 0x39, 0x67,
  0x39, 0x67, 0x39, 0x67, 0x39, 0x67, 0x59, 0x6b, 0x5e, 0x4e, 0xdf, 0x3d,
  0xdf, 0x3d, 0xdf, 0x3d, 0xdf, 0x3d, 0xdf, 0x3d, 0xdf, 0x3d, 0xdf, 0x3d,
  0xdf, 0x39, 0xf7, 0x6d, 0xed, 0x7d, 0xef, 0x7d, 0xef, 0x7d, 0xef, 0x7d,
  0xef, 0x7d, 0xef, 0x7d, 0xef, 0x7d, 0xcf, 0x7d, 0x8c, 0x76, 0x0a, 0x6b,
  0x0a, 0x6b, 0x0a, 0x6b, 0x0a, 0x6b, 0x0a, 0x6b, 0x0a, 0x6b, 0x0a, 0x6b,
  0x0a, 0x6b, 0x6a, 0x6a, 0x09, 0x69, 0x49, 0x69, 0x49, 0x69, 0x49, 0x69,
  0x49, 0x69, 0x49, 0x69, 0x49, 0x69, 0x07, 0x6d, 0x94, 0x5a, 0xdf, 0x17,
  0xbe, 0x23, 0xbe, 0x23, 0xbe, 0x23, 0xbe, 0x23, 0xbe, 0x23, 0xbe, 0x23,
  0xbe, 0x23, 0xbe, 0x23, 0xbe, 0x23, 0xbe, 0x23, 0xbe, 0x23, 0xbe, 0x23,
  0xdf, 0x17, 0x94, 0x5a, 0x07, 0x6d, 0x49, 0x69, 0x49, 0x69, 0x49, 0x69,
  0x49, 0x69, 0x49, 0x69, 0x49, 0x69, 0x09, 0x6d, 0xcc, 0x52, 0x8f, 0x2b,
  0x6f, 0x2f, 0x6f, 0x2f, 0x6f, 0x2f, 0x6f, 0x2f, 0x6f, 0x2f, 0x6f, 0x2f,
  0x8f, 0x33, 0x8b, 0x22, 0x00, 0x00, 0x00, 0x00, 0x00, 0x00, 0x00, 0x00,
  0x00, 0x00, 0x00, 0x00, 0x00, 0x00, 0x00, 0x00, 0x0a, 0x4a, 0x50, 0x77,
  0x30, 0x73, 0x30, 0x73, 0x30, 0x73, 0x30, 0x73, 0x30, 0x73, 0x30, 0x73,
  0x50, 0x77, 0x0e, 0x63, 0xc6, 0x02, 0xc7, 0x12, 0xc7, 0x12, 0xc7, 0x12,
  0xc7, 0x12, 0xc7, 0x12, 0xc7, 0x12, 0xc6, 0x02, 0x8d, 0x36, 0x57, 0x65,
  0x77, 0x65, 0x77, 0x65, 0x77, 0x65, 0x77, 0x65, 0x77, 0x65, 0x77, 0x65,
  0x57, 0x65, 0x39, 0x6a, 0xff, 0x7f, 0xff, 0x7f, 0xff, 0x7f, 0xff, 0x7f,
  0xff, 0x7f, 0xff, 0x7f, 0xff, 0x7f, 0xff, 0x7f, 0xdf, 0x7b, 0x7d, 0x2d,
  0x5d, 0x29, 0x5d, 0x29, 0x5d, 0x29, 0x5d, 0x29, 0x5d, 0x29, 0x5d, 0x29,
  0x5d, 0x29, 0x9d, 0x29, 0x0b, 0x13, 0x27, 0x13, 0x28, 0x13, 0x28, 0x13,
  0x28, 0x13, 0x28, 0x13, 0x28, 0x13, 0x28, 0x0f, 0x28, 0x17, 0xb6, 0x61,
  0x57, 0x65, 0x77, 0x65, 0x77, 0x65, 0x77, 0x65, 0x77, 0x65, 0x77, 0x65,
  0x77, 0x65, 0x77, 0x65, 0x4d, 0x79, 0x49, 0x7d, 0x4a, 0x7d, 0x4a, 0x7d,
  0x4a, 0x7d, 0x4a, 0x7d, 0x4a, 0x7d, 0x4a, 0x7d, 0x29, 0x7d, 0xf7, 0x6e,
  0x39, 0x67, 0x39, 0x67, 0x39, 0x67, 0x39, 0x67, 0x39, 0x67, 0x39, 0x67,
  0x39, 0x67, 0x59, 0x6b, 0x5e, 0x4e, 0xdf, 0x3d, 0xdf, 0x3d, 0xdf, 0x3d,
  0xdf, 0x3d, 0xdf, 0x3d, 0xdf, 0x3d, 0xdf, 0x3d, 0xdf, 0x39, 0xf7, 0x6d,
  0xed, 0x7d, 0xef, 0x7d, 0xef, 0x7d, 0xef, 0x7d, 0xef, 0x7d, 0xef, 0x7d,
  0xef, 0x7d, 0xcf, 0x7d, 0x8c, 0x76, 0x0a, 0x6b, 0x0a, 0x6b, 0x0a, 0x6b,
  0x0a, 0x6b, 0x0a, 0x6b, 0x0a, 0x6b, 0x0a, 0x6b, 0x0a, 0x6b, 0x6a, 0x6a,
  0x09, 0x69, 0x49, 0x69, 0x49, 0x69, 0x49, 0x69, 0x49, 0x69, 0x49, 0x69,
  0x49, 0x69, 0x07, 0x6d, 0x94, 0x5a, 0xdf, 0x17, 0xbe, 0x23, 0xbe, 0x23,
  0xbe, 0x23, 0xbe, 0x23, 0xbe, 0x23, 0xbe, 0x23, 0xbe, 0x23, 0xbe, 0x23,
  0xbe, 0x23, 0xbe, 0x23, 0xbe, 0x23, 0xbe, 0x23, 0xdf, 0x17, 0x94, 0x5a,
  0x07, 0x6d, 0x49, 0x69, 0x49, 0x69, 0x49, 0x69, 0x49, 0x69, 0x49, 0x69,
  0x49, 0x69, 0x09, 0x6d, 0xcc, 0x52, 0x8f, 0x2b, 0x6f, 0x2f, 0x6f, 0x2f,
  0x6f, 0x2f, 0x6f, 0x2f, 0x6f, 0x2f, 0x6f, 0x2f, 0x8f, 0x33, 0x8b, 0x22,
  0x00, 0x00, 0x00, 0x00, 0x00, 0x00, 0x00, 0x00, 0x00, 0x00, 0x00, 0x00,
  0x00, 0x00, 0x00, 0x00, 0x0a, 0x4a, 0x50, 0x77, 0x30, 0x73, 0x30, 0x73,
  0x30, 0x73, 0x30, 0x73, 0x30, 0x73, 0x30, 0x73, 0x50, 0x77, 0x0e, 0x63,
  0xc6, 0x02, 0xc7, 0x12, 0xc7, 0x12, 0xc7, 0x12, 0xc7, 0x12, 0xc7, 0x12,
  0xc7, 0x12, 0xc6, 0x02, 0x8d, 0x36, 0x57, 0x65, 0x77, 0x65, 0x77, 0x65,
  0x77, 0x65, 0x77, 0x65, 0x77, 0x65, 0x77, 0x65, 0x57, 0x65, 0x39, 0x6a,
  0xff, 0x7f, 0xff, 0x7f, 0xff, 0x7f, 0xff, 0x7f, 0xff, 0x7f, 0xff, 0x7f,
  0xff, 0x7f, 0xff, 0x7f, 0xdf, 0x7b, 0x7d, 0x2d, 0x5d, 0x29, 0x5d, 0x29,
  0x5d, 0x29, 0x5d, 0x29, 0x5d, 0x29, 0x5d, 0x29, 0x5d, 0x29, 0x9d, 0x29,
  0x0b, 0x13, 0x27, 0x13, 0x28, 0x13, 0x28, 0x13, 0x28, 0x13, 0x28, 0x13,
  0x28, 0x13, 0x28, 0x0f, 0x28, 0x17, 0xb6, 0x61, 0x57, 0x65, 0x77, 0x65,
  0x77, 0x65, 0x77, 0x65, 0x77, 0x65, 0x77, 0x65, 0x77, 0x65, 0x77, 0x65,
  0x4d, 0x79, 0x49, 0x7d, 0x4a, 0x7d, 0x4a, 0x7d, 0x4a, 0x7d, 0x4a, 0x7d,
  0x4a, 0x7d, 0x4a, 0x7d, 0x29, 0x7d, 0xf7, 0x6e, 0x39, 0x67, 0x39, 0x67,
  0x39, 0x67, 0x39, 0x67, 0x39, 0x67, 0x39, 0x67, 0x39, 0x67, 0x59, 0x6b,
  0x5e, 0x4e, 0xdf, 0x3d, 0xdf, 0x3d, 0xdf, 0x3d, 0xdf, 0x3d, 0xdf, 0x3d,
  0xdf, 0x3d, 0xdf, 0x3d, 0xdf, 0x39, 0xf7, 0x6d, 0xed, 0x7d, 0xef, 0x7d,
  0xef, 0x7d, 0xef, 0x7d, 0xef, 0x7d, 0xef, 0x7d, 0xef, 0x7d, 0xcf, 0x7d,
  0x8c, 0x76, 0x0a, 0x6b, 0x0a, 0x6b, 0x0a, 0x6b, 0x0a, 0x6b, 0x0a, 0x6b,
  0x0a, 0x6b, 0x0a, 0x6b, 0x0a, 0x6b, 0x6a, 0x6a, 0x09, 0x69, 0x49, 0x69,
  0x49, 0x69, 0x49, 0x69, 0x49, 0x69, 0x49, 0x69, 0x49, 0x69, 0x07, 0x6d,
  0x94, 0x5a, 0xdf, 0x17, 0xbe, 0x23, 0xbe, 0x23, 0xbe, 0x23, 0xbe, 0x23,
  0xbe, 0x23, 0xbe, 0x23, 0xbe, 0x23, 0xbe, 0x23, 0xbe, 0x23, 0xbe, 0x23,
  0xbe, 0x23, 0xbe, 0x23, 0xdf, 0x17, 0x94, 0x5a, 0x07, 0x6d, 0x49, 0x69,
  0x49, 0x69, 0x49, 0x69, 0x49, 0x69, 0x49, 0x69, 0x49, 0x69, 0x09, 0x6d,
  0xcc, 0x52, 0x8f, 0x2b, 0x6f, 0x2f, 0x6f, 0x2f, 0x6f, 0x2f, 0x6f, 0x2f,
  0x6f, 0x2f, 0x6f, 0x2f, 0x8f, 0x33, 0x8b, 0x22, 0x00, 0x00, 0x00, 0x00,
  0x00, 0x00, 0x00, 0x00, 0x00, 0x00, 0x00, 0x00, 0x00, 0x00, 0x00, 0x00,
  0x0a, 0x4a, 0x50, 0x77, 0x30, 0x73, 0x30, 0x73, 0x30, 0x73, 0x30, 0x73,
  0x30, 0x73, 0x30, 0x73, 0x50, 0x77, 0x0e, 0x63, 0xc6, 0x02, 0xc7, 0x12,
  0xc7, 0x12, 0xc7, 0x12, 0xc7, 0x12, 0xc7, 0x12, 0xc7, 0x12, 0xc6, 0x02,
  0x8d, 0x36, 0x57, 0x65, 0x77, 0x65, 0x77, 0x65, 0x77, 0x65, 0x77, 0x65,
  0x77, 0x65, 0x77, 0x65, 0x57, 0x65, 0x39, 0x6a, 0xff, 0x7f, 0xff, 0x7f,
  0xff, 0x7f, 0xff, 0x7f, 0xff, 0x7f, 0xff, 0x7f, 0xff, 0x7f, 0xff, 0x7f,
  0xdf, 0x7b, 0x7d, 0x2d, 0x5d, 0x29, 0x5d, 0x29, 0x5d, 0x29, 0x5d, 0x29,
  0x5d, 0x29, 0x5d, 0x29, 0x5d, 0x29, 0x9d, 0x29, 0x0b, 0x13, 0x27, 0x13,
  0x28, 0x13, 0x28, 0x13, 0x28, 0x13, 0x28, 0x13, 0x28, 0x13, 0x28, 0x0f,
  0x28, 0x17, 0xb6, 0x61, 0x57, 0x65, 0x77, 0x65, 0x77, 0x65, 0x77, 0x65,
  0x77, 0x65, 0x77, 0x65, 0x77, 0x65, 0x77, 0x65, 0x4d, 0x79, 0x49, 0x7d,
  0x4a, 0x7d, 0x4a, 0x7d, 0x4a, 0x7d, 0x4a, 0x7d, 0x4a, 0x7d, 0x4a, 0x7d,
  0x29, 0x7d, 0xf7, 0x6e, 0x39, 0x67, 0x39, 0x67, 0x39, 0x67, 0x39, 0x67,
  0x39, 0x67, 0x39, 0x67, 0x39, 0x67, 0x59, 0x6b, 0x5e, 0x4e, 0xdf, 0x3d,
  0xdf, 0x3d, 0xdf, 0x3d, 0xdf, 0x3d, 0xdf, 0x3d, 0xdf, 0x3d, 0xdf, 0x3d,
  0xdf, 0x39, 0xf7, 0x6d, 0xed, 0x7d, 0xef, 0x7d, 0xef, 0x7d, 0xef, 0x7d,
  0xef, 0x7d, 0xef, 0x7d, 0xef, 0x7d, 0xcf, 0x7d, 0x8c, 0x76, 0x0a, 0x6b,
  0x0a, 0x6b, 0x0a, 0x6b, 0x0a, 0x6b, 0x0a, 0x6b, 0x0a, 0x6b, 0x0a, 0x6b,
  0x0a, 0x6b, 0x6a, 0x6a, 0x09, 0x69, 0x49, 0x69, 0x49, 0x69, 0x49, 0x69,
  0x49, 0x69, 0x49, 0x69, 0x49, 0x69, 0x07, 0x6d, 0x94, 0x5a, 0xdf, 0x17,
  0xbe, 0x23, 0xbe, 0x23, 0xbe, 0x23, 0xbe, 0x23, 0xbe, 0x23, 0xbe, 0x23,
  0xbe, 0x23, 0xbe, 0x23, 0xbe, 0x23, 0xbe, 0x23, 0xbe, 0x23, 0xbe, 0x23,
  0xdf, 0x17, 0x94, 0x5a, 0xe6, 0x6c, 0x29, 0x69, 0x29, 0x69, 0x29, 0x69,
  0x29, 0x69, 0x29, 0x69, 0x29, 0x69, 0xe8, 0x6c, 0xcc, 0x52, 0x8f, 0x2b,
  0x6e, 0x2f, 0x6e, 0x2f, 0x6e, 0x2f, 0x6e, 0x2f, 0x6e, 0x2f, 0x6e, 0x2f,
  0x8f, 0x33, 0x8a, 0x22, 0x00, 0x00, 0x00, 0x00, 0x00, 0x00, 0x00, 0x00,
  0x00, 0x00, 0x00, 0x00, 0x00, 0x00, 0x00, 0x00, 0x09, 0x4a, 0x50, 0x77,
  0x30, 0x77, 0x30, 0x77, 0x30, 0x77, 0x30, 0x77, 0x30, 0x77, 0x30, 0x77,
  0x50, 0x77, 0x0d, 0x63, 0xa6, 0x02, 0xc6, 0x12, 0xc6, 0x12, 0xc6, 0x12,
  0xc6, 0x12, 0xc6, 0x12, 0xc6, 0x12, 0xc5, 0x02, 0x8d, 0x36, 0x57, 0x65,
  0x77, 0x65, 0x77, 0x65, 0x77, 0x65, 0x77, 0x65, 0x77, 0x65, 0x77, 0x65,
  0x37, 0x65, 0x39, 0x6a, 0xff, 0x7f, 0xff, 0x7f, 0xff, 0x7f, 0xff, 0x7f,
  0xff, 0x7f, 0xff, 0x7f, 0xff, 0x7f, 0xff, 0x7f, 0xdf, 0x7b, 0x7d, 0x2d,
  0x5d, 0x29, 0x5d, 0x29, 0x5d, 0x29, 0x5d, 0x29, 0x5d, 0x29, 0x5d, 0x29,
  0x5d, 0x29, 0x9d, 0x29, 0x0b, 0x13, 0x27, 0x13, 0x27, 0x13, 0x27, 0x13,
  0x27, 0x13, 0x27, 0x13, 0x27, 0x13, 0x27, 0x0f, 0x08, 0x17, 0xb6, 0x61,
  0x57, 0x65, 0x77, 0x65, 0x77, 0x65, 0x77, 0x65, 0x77, 0x65, 0x77, 0x65,
  0x77, 0x65, 0x77, 0x65, 0x4d, 0x79, 0x49, 0x7d, 0x4a, 0x7d, 0x4a, 0x7d,
  0x4a, 0x7d, 0x4a, 0x7d, 0x4a, 0x7d, 0x4a, 0x7d, 0x29, 0x7d, 0xf7, 0x6e,
  0x39, 0x67, 0x39, 0x67, 0x39, 0x67, 0x39, 0x67, 0x39, 0x67, 0x39, 0x67,
  0x39, 0x67, 0x59, 0x6b, 0x5e, 0x4e, 0xbf, 0x3d, 0xdf, 0x3d, 0xdf, 0x3d,
  0xdf, 0x3d, 0xdf, 0x3d, 0xdf, 0x3d, 0xdf, 0x3d, 0xdf, 0x39, 0xd7, 0x6d,
  0xed, 0x7d, 0xee, 0x7d, 0xee, 0x7d, 0xee, 0x7d, 0xee, 0x7d, 0xee, 0x7d,
  0xee, 0x7d, 0xcf, 0x7d, 0x8c, 0x76, 0x09, 0x6b, 0x0a, 0x6b, 0x0a, 0x6b,
  0x0a, 0x6b, 0x0a, 0x6b, 0x0a, 0x6b, 0x0a, 0x6b, 0x0a, 0x6b, 0x69, 0x6a,
  0x09, 0x69, 0x29, 0x69, 0x29, 0x69, 0x29, 0x69, 0x29, 0x69, 0x29, 0x69,
  0x29, 0x69, 0xe6, 0x6c, 0x94, 0x5a, 0xdf, 0x17, 0xbe, 0x23, 0xbe, 0x23,
  0xbe, 0x23, 0xbe, 0x23, 0xbe, 0x23, 0xbe, 0x23, 0xbe, 0x23, 0xbe, 0x23,
  0xbe, 0x23, 0xbe, 0x23, 0xbe, 0x23, 0xbe, 0x23, 0xdf, 0x17, 0x95, 0x56,
  0x49, 0x69, 0x6b, 0x69, 0x6b, 0x69, 0x6b, 0x69, 0x6b, 0x69, 0x6b, 0x69,
  0x6b, 0x69, 0x4b, 0x69, 0xce, 0x4e, 0x90, 0x2b, 0x70, 0x2f, 0x70, 0x2f,
  0x70, 0x2f, 0x70, 0x2f, 0x70, 0x2f, 0x70, 0x2f, 0x90, 0x2f, 0xac, 0x22,
  0x05, 0x00, 0xc6, 0x00, 0xc6, 0x00, 0xc6, 0x00, 0xc6, 0x00, 0xc6, 0x00,
  0xc6, 0x00, 0x25, 0x00, 0x2b, 0x4a, 0x51, 0x77, 0x51, 0x73, 0x51, 0x73,
  0x51, 0x73, 0x51, 0x73, 0x51, 0x73, 0x51, 0x73, 0x51, 0x73, 0x2f, 0x63,
  0xc9, 0x02, 0xc9, 0x12, 0xc9, 0x12, 0xc9, 0x12, 0xc9, 0x12, 0xc9, 0x12,
  0xc9, 0x12, 0xc8, 0x02, 0x8e, 0x36, 0x98, 0x65, 0x97, 0x61, 0x97, 0x61,
  0x97, 0x61, 0x97, 0x61, 0x97, 0x61, 0x97, 0x61, 0x77, 0x61, 0x59, 0x6a,
  0xff, 0x7f, 0xff, 0x7f, 0xff, 0x7f, 0xff, 0x7f, 0xff, 0x7f, 0xff, 0x7f,
  0xff, 0x7f, 0xff, 0x7f, 0xdf, 0x77, 0x9d, 0x2d, 0x7d, 0x29, 0x9d, 0x29,
  0x9d, 0x29, 0x9d, 0x29, 0x9d, 0x29, 0x9d, 0x29, 0x7d, 0x29, 0xbd, 0x29,
  0x0c, 0x17, 0x29, 0x13, 0x2a, 0x13, 0x2a, 0x13, 0x2a, 0x13, 0x2a, 0x13,
  0x2a, 0x13, 0x2a, 0x0f, 0x2a, 0x17, 0xd6, 0x5d, 0x97, 0x65, 0x97, 0x61,
  0x97, 0x61, 0x97, 0x61, 0x97, 0x61, 0x97, 0x61, 0x97, 0x61, 0x97, 0x61,
  0x8f, 0x79, 0x8b, 0x7d, 0x8c, 0x7d, 0x8c, 0x7d, 0x8c, 0x7d, 0x8c, 0x7d,
  0x8c, 0x7d, 0x8c, 0x7d, 0x6b, 0x7d, 0xf7, 0x6a, 0x5a, 0x67, 0x39, 0x67,
  0x39, 0x67, 0x39, 0x67, 0x39, 0x67, 0x39, 0x67, 0x39, 0x67, 0x59, 0x67,
  0x7e, 0x4e, 0xff, 0x39, 0xff, 0x3d, 0xff, 0x3d, 0xff, 0x3d, 0xff, 0x3d,
  0xff, 0x3d, 0xff, 0x3d, 0xff, 0x39, 0xf7, 0x69, 0x0e, 0x7e, 0x10, 0x7e,
  0x10, 0x7e, 0x10, 0x7e, 0x10, 0x7e, 0x10, 0x7e, 0x10, 0x7e, 0xf0, 0x7d,
  0xae, 0x72, 0x0b, 0x6b, 0x0c, 0x6b, 0x0c, 0x6b, 0x0c, 0x6b, 0x0c, 0x6b,
  0x0c, 0x6b, 0x0c, 0x6b, 0x0c, 0x6b, 0x8b, 0x6a, 0x4b, 0x69, 0x6b, 0x69,
  0x6b, 0x69, 0x6b, 0x69, 0x6b, 0x69, 0x6b, 0x69, 0x6b, 0x69, 0x49, 0x69,
  0x95, 0x56, 0xdf, 0x17, 0xbe, 0x23, 0xbe, 0x23, 0xbe, 0x23, 0xbe, 0x23,
  0xbe, 0x23, 0xbe, 0x23, 0xbe, 0x23, 0xbe, 0x23, 0xbe, 0x23, 0xbe, 0x23,
  0xbe, 0x23, 0xbe, 0x23, 0xbe, 0x23, 0x9e, 0x2b, 0x9d, 0x2f, 0x9d, 0x2f,
  0x9d, 0x2f, 0x9d, 0x2f, 0x9d, 0x2f, 0x9d, 0x2f, 0x9d, 0x2f, 0x9d, 0x2f,
  0x9d, 0x2b, 0xbd, 0x23, 0xbd, 0x23, 0xbd, 0x23, 0xbd, 0x23, 0xbd, 0x23,
  0xbd, 0x23, 0xbd, 0x23, 0xbd, 0x23, 0x9d, 0x23, 0x9d, 0x1f, 0x9d, 0x1f,
  0x9d, 0x1f, 0x9d, 0x1f, 0x9d, 0x1f, 0x9d, 0x1f, 0x9d, 0x1f, 0x9d, 0x1f,
  0x9d, 0x27, 0xbd, 0x33, 0xbd, 0x33, 0xbd, 0x33, 0xbd, 0x33, 0xbd, 0x33,
  0xbd, 0x33, 0xbd, 0x33, 0xbd, 0x33, 0xbd, 0x2f, 0x9d, 0x1f, 0x9d, 0x23,
  0x9d, 0x23, 0x9d, 0x23, 0x9d, 0x23, 0x9d, 0x23, 0x9d, 0x23, 0xbd, 0x1f,
  0x9d, 0x23, 0x9e, 0x2f, 0x9e, 0x2f, 0x9e, 0x2f, 0x9e, 0x2f, 0x9e, 0x2f,
  0x9e, 0x2f, 0x9e, 0x2f, 0x9e, 0x2f, 0x9e, 0x2f, 0xbe, 0x37, 0xbe, 0x37,
  0xbe, 0x37, 0xbe, 0x37, 0xbe, 0x37, 0xbe, 0x37, 0xbe, 0x37, 0xbe, 0x37,
  0xbe, 0x33, 0x9e, 0x23, 0x9e, 0x23, 0x9e, 0x23, 0x9e, 0x23, 0x9e, 0x23,
  0x9e, 0x23, 0x9e, 0x23, 0x9e, 0x23, 0x9e, 0x23, 0xbd, 0x23, 0xbd, 0x23,
  0xbd, 0x23, 0xbd, 0x23, 0xbd, 0x23, 0xbd, 0x23, 0xbd, 0x23, 0xbd, 0x23,
  0xbd, 0x23, 0x9e, 0x2f, 0x9e, 0x2f, 0x9e, 0x2f, 0x9e, 0x2f, 0x9e, 0x2f,
  0x9e, 0x2f, 0x9e, 0x2f, 0x9e, 0x2f, 0x9e, 0x2f, 0x9d, 0x33, 0x9d, 0x37,
  0x9d, 0x37, 0x9d, 0x37, 0x9d, 0x37, 0x9d, 0x37, 0x9d, 0x37, 0x9d, 0x37,
  0x9d, 0x37, 0xbe, 0x2f, 0xbe, 0x2f, 0xbe, 0x2f, 0xbe, 0x2f, 0xbe, 0x2f,
  0xbe, 0x2f, 0xbe, 0x2f, 0xbe, 0x2f, 0xbe, 0x2f, 0x9e, 0x27, 0x9e, 0x27,
  0x9e, 0x27, 0x9e, 0x27, 0x9e, 0x27, 0x9e, 0x27, 0x9e, 0x27, 0x9e, 0x27,
  0x9e, 0x27, 0x9e, 0x2f, 0x9d, 0x37, 0x9d, 0x37, 0x9d, 0x37, 0x9d, 0x37,
  0x9d, 0x37, 0x9d, 0x37, 0x9d, 0x37, 0x9d, 0x37, 0x9d, 0x33, 0xbd, 0x2f,
  0xbd, 0x2f, 0xbd, 0x2f, 0xbd, 0x2f, 0xbd, 0x2f, 0xbd, 0x2f, 0xbd, 0x2f,
  0xbd, 0x2f, 0x9d, 0x2f, 0x9d, 0x2f, 0x9d, 0x2f, 0x9d, 0x2f, 0x9d, 0x2f,
  0x9d, 0x2f, 0x9d, 0x2f, 0x9d, 0x2f, 0x9d, 0x2f, 0x9e, 0x2b, 0xbe, 0x23,
  0xbe, 0x23, 0xbe, 0x23, 0xbe, 0x23, 0xbe, 0x23, 0xbe, 0x23, 0xbe, 0x23,
  0xbe, 0x23, 0xbe, 0x23, 0xbe, 0x23, 0xbe, 0x23, 0xbe, 0x23, 0xbe, 0x23,
  0xbe, 0x23, 0xbe, 0x1f, 0xbe, 0x1f, 0xbe, 0x1f, 0xbe, 0x1f, 0xbe, 0x1f,
  0xbe, 0x1f, 0xbe, 0x1f, 0xbe, 0x1f, 0xbe, 0x1f, 0xbe, 0x1f, 0xbe, 0x23,
  0xbe, 0x23, 0xbe, 0x23, 0xbe, 0x23, 0xbe, 0x23, 0xbe, 0x23, 0xbe, 0x23,
  0xbe, 0x23, 0xbe, 0x23, 0xbf, 0x23, 0xbf, 0x23, 0xbf, 0x23, 0xbf, 0x23,
  0xbf, 0x23, 0xbf, 0x23, 0xbf, 0x23, 0xbf, 0x23, 0xbe, 0x23, 0xbe, 0x1f,
  0xbe, 0x1f, 0xbe, 0x1f, 0xbe, 0x1f, 0xbe, 0x1f, 0xbe, 0x1f, 0xbe, 0x1f,
  0xbe, 0x1f, 0xbe, 0x1f, 0xbf, 0x23, 0xbe, 0x23, 0xbe, 0x23, 0xbe, 0x23,
  0xbe, 0x23, 0xbe, 0x23, 0xbe, 0x23, 0xbf, 0x23, 0xbe, 0x23, 0xbe, 0x1f,
  0xbe, 0x1f, 0xbe, 0x1f, 0xbe, 0x1f, 0xbe, 0x1f, 0xbe, 0x1f, 0xbe, 0x1f,
  0xbe, 0x1f, 0xbe, 0x1f, 0xbe, 0x1f, 0xbe, 0x1f, 0xbe, 0x1f, 0xbe, 0x1f,
  0xbe, 0x1f, 0xbe, 0x1f, 0xbe, 0x1f, 0xbe, 0x1f, 0xbe, 0x1f, 0xbe, 0x23,
  0xbe, 0x23, 0xbe, 0x23, 0xbe, 0x23, 0xbe, 0x23, 0xbe, 0x23, 0xbe, 0x23,
  0xbe, 0x23, 0xbe, 0x23, 0xbe, 0x23, 0xbe, 0x23, 0xbe, 0x23, 0xbe, 0x23,
  0xbe, 0x23, 0xbe, 0x23, 0xbe, 0x23, 0xbe, 0x23, 0xbe, 0x23, 0xbe, 0x1f,
  0xbe, 0x1f, 0xbe, 0x1f, 0xbe, 0x1f, 0xbe, 0x1f, 0xbe, 0x1f, 0xbe, 0x1f,
  0xbe, 0x1f, 0xbe, 0x1f, 0xbe, 0x1f, 0xbe, 0x1f, 0xbe, 0x1f, 0xbe, 0x1f,
  0xbe, 0x1f, 0xbe, 0x1f, 0xbe, 0x1f, 0xbe, 0x1f, 0xbe, 0x1f, 0xbe, 0x1f,
  0xbe, 0x1f, 0xbe, 0x1f, 0xbe, 0x1f, 0xbe, 0x1f, 0xbe, 0x1f, 0xbe, 0x1f,
  0xbe, 0x1f, 0xbe, 0x1f, 0xbe, 0x23, 0xbe, 0x23, 0xbe, 0x23, 0xbe, 0x23,
  0xbe, 0x23, 0xbe, 0x23, 0xbe, 0x23, 0xbe, 0x23, 0xbe, 0x23, 0xbe, 0x1f,
  0xbe, 0x1f, 0xbe, 0x1f, 0xbe, 0x1f, 0xbe, 0x1f, 0xbe, 0x1f, 0xbe, 0x1f,
  0xbe, 0x1f, 0xbe, 0x1f, 0xbe, 0x1f, 0xbe, 0x1f, 0xbe, 0x1f, 0xbe, 0x1f,
  0xbe, 0x1f, 0xbe, 0x1f, 0xbe, 0x1f, 0xbe, 0x1f, 0xbe, 0x1f, 0xbe, 0x1f,
  0xbe, 0x1f, 0xbe, 0x1f, 0xbe, 0x1f, 0xbe, 0x1f, 0xbe, 0x1f, 0xbe, 0x1f,
  0xbe, 0x1f, 0xbe, 0x1f, 0xbe, 0x1f, 0xbe, 0x23, 0xbe, 0x23, 0xbe, 0x23,
  0xbe, 0x23, 0xbe, 0x23, 0xbe, 0x23, 0xbe, 0x23, 0xbe, 0x23, 0xbe, 0x23,
  0xbe, 0x23, 0xbe, 0x23, 0xbe, 0x23, 0xbe, 0x23, 0xbe, 0x23, 0xbe, 0x23,
  0xbe, 0x23, 0xbe, 0x23, 0xbe, 0x23, 0xbe, 0x23, 0xbe, 0x23, 0xbe, 0x23,
  0xbe, 0x23, 0xbe, 0x23, 0xbe, 0x23, 0xbe, 0x23, 0xbe, 0x23, 0xbe, 0x23,
  0xbe, 0x23, 0xbe, 0x23, 0xbe, 0x23, 0xbe, 0x23, 0xbe, 0x23, 0xbe, 0x23,
  0xbe, 0x23, 0xbe, 0x23, 0xbe, 0x23, 0xbe, 0x23, 0xbe, 0x23, 0xbe, 0x23,
  0xbe, 0x23, 0xbe, 0x23, 0xbe, 0x23, 0xbe, 0x23, 0xbe, 0x23, 0xbe, 0x23,
  0xbe, 0x23, 0xbe, 0x23, 0xbe, 0x23, 0xbe, 0x23, 0xbe, 0x23, 0xbe, 0x23,
  0xbe, 0x23, 0xbe, 0x23, 0xbe, 0x23, 0xbe, 0x23, 0xbe, 0x23, 0xbe, 0x23,
  0xbe, 0x23, 0xbe, 0x23, 0xbe, 0x23, 0xbe, 0x23, 0xbe, 0x23, 0xbe, 0x23,
  0xbe, 0x23, 0xbe, 0x23, 0xbe, 0x23, 0xbe, 0x23, 0xbe, 0x23, 0xbe, 0x23,
  0xbe, 0x23, 0xbe, 0x23, 0xbe, 0x23, 0xbe, 0x23, 0xbe, 0x23, 0xbe, 0x23,
  0xbe, 0x23, 0xbe, 0x23, 0xbe, 0x23, 0xbe, 0x23, 0xbe, 0x23, 0xbe, 0x23,
  0xbe, 0x23, 0xbe, 0x23, 0xbe, 0x23, 0xbe, 0x23, 0xbe, 0x23, 0xbe, 0x23,
  0xbe, 0x23, 0xbe, 0x23, 0xbe, 0x23, 0xbe, 0x23, 0xbe, 0x23, 0xbe, 0x23,
  0xbe, 0x23, 0xbe, 0x23, 0xbe, 0x23, 0xbe, 0x23, 0xbe, 0x23, 0xbe, 0x23,
  0xbe, 0x23, 0xbe, 0x23, 0xbe, 0x23, 0xbe, 0x23, 0xbe, 0x23, 0xbe, 0x23,
  0xbe, 0x23, 0xbe, 0x23, 0xbe, 0x23, 0xbe, 0x23, 0xbe, 0x23, 0xbe, 0x23,
  0xbe, 0x23, 0xbe, 0x23, 0xbe, 0x23, 0xbe, 0x23, 0xbe, 0x23, 0xbe, 0x23,
  0xbe, 0x23, 0xbe, 0x23, 0xbe, 0x23, 0xbe, 0x23, 0xbe, 0x23, 0xbe, 0x23,
  0xbe, 0x23, 0xbe, 0x23, 0xbe, 0x23, 0xbe, 0x23, 0xbe, 0x23, 0xbe, 0x23,
  0xbe, 0x23, 0xbe, 0x23, 0xbe, 0x23, 0xbe, 0x23, 0xbe, 0x23, 0xbe, 0x23,
  0xbe, 0x23, 0xbe, 0x23, 0xbe, 0x23, 0xbe, 0x23, 0xbe, 0x23, 0xbe, 0x23,
  0xbe, 0x23, 0xbe, 0x23, 0xbe, 0x23, 0xbe, 0x23, 0xbe, 0x23, 0xbe, 0x23,
  0xbe, 0x23, 0xbe, 0x23, 0xbe, 0x23, 0xbe, 0x23, 0xbe, 0x23, 0xbe, 0x23,
  0xbe, 0x23, 0xbe, 0x23, 0xbe, 0x23, 0xbe, 0x23, 0xbe, 0x23, 0xbe, 0x23,
  0xbe, 0x23, 0xbe, 0x23, 0xbe, 0x23, 0xbe, 0x23, 0xbe, 0x23, 0xbe, 0x23,
  0xbe, 0x23, 0xbe, 0x23, 0xbe, 0x23, 0xbe, 0x23, 0xbe, 0x23, 0xbe, 0x23,
  0xbe, 0x23, 0xbe, 0x23, 0xbe, 0x23, 0xbe, 0x23, 0xbe, 0x23, 0xbe, 0x23,
  0xbe, 0x23, 0xbe, 0x23, 0xbe, 0x23, 0xbe, 0x23, 0xbe, 0x23, 0xbe, 0x23,
  0xbe, 0x23, 0xbe, 0x23, 0xbe, 0x23, 0xbe, 0x23, 0xbe, 0x23, 0xbe, 0x23,
  0xbe, 0x23, 0xbe, 0x23, 0xbe, 0x23, 0xbe, 0x23, 0xbe, 0x23, 0xbe, 0x23,
  0xbe, 0x23, 0xbe, 0x23, 0xbe, 0x23, 0xbe, 0x23, 0xbe, 0x23, 0xbe, 0x23,
  0xbe, 0x23, 0xbe, 0x23, 0xbe, 0x23, 0xbe, 0x23, 0xbe, 0x23, 0xbe, 0x23,
  0xbe, 0x23, 0xbe, 0x23, 0xbe, 0x23, 0xbe, 0x23, 0xbe, 0x23, 0xbe, 0x23,
  0xbe, 0x23, 0xbe, 0x23, 0xbe, 0x23, 0xbe, 0x23, 0xbe, 0x23, 0xbe, 0x23,
  0xbe, 0x23, 0xbe, 0x23, 0xbe, 0x23, 0xbe, 0x23, 0xbe, 0x23, 0xbe, 0x23,
  0xbe, 0x23, 0xbe, 0x23, 0xbe, 0x23, 0xbe, 0x23, 0xbe, 0x23, 0xbe, 0x23,
  0xbe, 0x23, 0xbe, 0x23, 0xbe, 0x23, 0xbe, 0x23, 0xbe, 0x23, 0xbe, 0x23,
  0xbe, 0x23, 0xbe, 0x23, 0xbe, 0x23, 0xbe, 0x23, 0xbe, 0x23, 0xbe, 0x23,
  0xbe, 0x23, 0xbe, 0x23, 0xbe, 0x23, 0xbe, 0x23, 0xbe, 0x23, 0xbe, 0x23,
  0xbe, 0x23, 0xbe, 0x23, 0xbe, 0x23, 0xbe, 0x23, 0xbe, 0x23, 0xbe, 0x23,
  0xbe, 0x23, 0xbe, 0x23, 0xbe, 0x23, 0xbe, 0x23, 0xbe, 0x23, 0xbe, 0x23,
  0xbe, 0x23, 0xbe, 0x23, 0xbe, 0x23, 0xbe, 0x23, 0xbe, 0x23, 0xbe, 0x23,
  0xbe, 0x23, 0xbe, 0x23, 0xbe, 0x23, 0xbe, 0x23, 0xbe, 0x23, 0xbe, 0x23,
  0xbe, 0x23, 0xbe, 0x23, 0xbe, 0x23, 0xbe, 0x23, 0xbe, 0x23, 0xbe, 0x23,
  0xbe, 0x23, 0xbe, 0x23, 0xbe, 0x23, 0xbe, 0x23, 0xbe, 0x23, 0xbe, 0x23,
  0xbe, 0x23, 0xbe, 0x23, 0xbe, 0x23, 0xbe, 0x23, 0xbe, 0x23, 0xbe, 0x23,
  0xbe, 0x23, 0xbe, 0x23, 0xbe, 0x23, 0xbe, 0x23, 0xbe, 0x23, 0xbe, 0x23,
  0xbe, 0x23, 0xbe, 0x23, 0xbe, 0x23, 0xbe, 0x23, 0xbe, 0x23, 0xbe, 0x23,
  0xbe, 0x23, 0xbe, 0x23, 0xbe, 0x23, 0xbe, 0x23, 0xbe, 0x23, 0xbe, 0x23,
  0xbe, 0x23, 0xbe, 0x23, 0xbe, 0x23, 0xbe, 0x23, 0xbe, 0x23, 0xbe, 0x23,
  0xbe, 0x23, 0xbe, 0x23, 0xbe, 0x23, 0xbe, 0x23, 0xbe, 0x23, 0xbe, 0x23,
  0xbe, 0x23, 0xbe, 0x23, 0xbe, 0x23, 0xbe, 0x23, 0xbe, 0x23, 0xbe, 0x23,
  0xbe, 0x23, 0xbe, 0x23, 0xbe, 0x23, 0xbe, 0x23, 0xbe, 0x23, 0xbe, 0x23,
  0xbe, 0x23, 0xbe, 0x23, 0xbe, 0x23, 0xbe, 0x23, 0xbe, 0x23, 0xbe, 0x23,
  0xbe, 0x23, 0xbe, 0x23, 0xbe, 0x23, 0xbe, 0x23, 0xbe, 0x23, 0xbe, 0x23,
  0xbe, 0x23, 0xbe, 0x23, 0xbe, 0x23, 0xbe, 0x23, 0xbe, 0x23, 0xbe, 0x23,
  0xbe, 0x23, 0xbe, 0x23, 0xbe, 0x23, 0xbe, 0x23, 0xbe, 0x23, 0xbe, 0x23,
  0xbe, 0x23, 0xbe, 0x23, 0xbe, 0x23, 0xbe, 0x23, 0xbe, 0x23, 0xbe, 0x23,
  0xbe, 0x23, 0xbe, 0x23, 0xbe, 0x23, 0xbe, 0x23, 0xbe, 0x23, 0xbe, 0x23,
  0xbe, 0x23, 0xbe, 0x23, 0xbe, 0x23, 0xbe, 0x23, 0xbe, 0x23, 0xbe, 0x23,
  0xbe, 0x23, 0xbe, 0x23, 0xbe, 0x23, 0xbe, 0x23, 0xbe, 0x23, 0xbe, 0x23,
  0xbe, 0x23, 0xbe, 0x23, 0xbe, 0x23, 0xbe, 0x23, 0xbe, 0x23, 0xbe, 0x23,
  0xbe, 0x23, 0xbe, 0x23, 0xbe, 0x23, 0xbe, 0x23, 0xbe, 0x23, 0xbe, 0x23,
  0xbe, 0x23, 0xbe, 0x23, 0xbe, 0x23, 0xbe, 0x23, 0xbe, 0x23, 0xbe, 0x23,
  0xbe, 0x23, 0xbe, 0x23, 0xbe, 0x23, 0xbe, 0x23, 0xbe, 0x23, 0xbe, 0x23,
  0xbe, 0x23, 0xbe, 0x23, 0xbe, 0x23, 0xbe, 0x23, 0xbe, 0x23, 0xbe, 0x23,
  0xbe, 0x23, 0xbe, 0x23, 0xbe, 0x23, 0xbe, 0x23, 0xbe, 0x23, 0xbe, 0x23,
  0xbe, 0x23, 0xbe, 0x23, 0xbe, 0x23, 0xbe, 0x23, 0xbe, 0x23, 0xbe, 0x23,
  0xbe, 0x23, 0xbe, 0x23, 0xbe, 0x23, 0xbe, 0x23, 0xbe, 0x23, 0xbe, 0x23,
  0xbe, 0x23, 0xbe, 0x23, 0xbe, 0x23, 0xbe, 0x23, 0xbe, 0x23, 0xbe, 0x23,
  0xbe, 0x23, 0xbe, 0x23, 0xbe, 0x23, 0xbe, 0x23, 0xbe, 0x23, 0xbe, 0x23,
  0xbe, 0x23, 0xbe, 0x23, 0xbe, 0x23, 0xbe, 0x23, 0xbe, 0x23, 0xbe, 0x23,
  0xbe, 0x23, 0xbe, 0x23, 0xbe, 0x23, 0xbe, 0x23, 0xbe, 0x23, 0xbe, 0x23,
  0xbe, 0x23, 0xbe, 0x23, 0xbe, 0x23, 0xbe, 0x23, 0xbe, 0x23, 0xbe, 0x23,
  0xbe, 0x23, 0xbe, 0x23, 0xbe, 0x23, 0xbe, 0x23, 0xbe, 0x23, 0xbe, 0x23,
  0xbe, 0x23, 0xbe, 0x23, 0xbe, 0x23, 0xbe, 0x23, 0xbe, 0x23, 0xbe, 0x23,
  0xbe, 0x23, 0xbe, 0x23, 0xbe, 0x23, 0xbe, 0x23, 0xbe, 0x23, 0xbe, 0x23,
  0xbe, 0x23, 0xbe, 0x23, 0xbe, 0x23, 0xbe, 0x23, 0xbe, 0x23, 0xbe, 0x23,
  0xbe, 0x23, 0xbe, 0x23, 0xbe, 0x23, 0xbe, 0x23, 0xbe, 0x23, 0xbe, 0x23,
  0xbe, 0x23, 0xbe, 0x23, 0xbe, 0x23, 0xbe, 0x23, 0xbe, 0x23, 0xbe, 0x23,
  0xbe, 0x23, 0xbe, 0x23, 0xbe, 0x23, 0xbe, 0x23, 0xbe, 0x23, 0xbe, 0x23,
  0xbe, 0x23, 0xbe, 0x23, 0xbe, 0x23, 0xbe, 0x23, 0xbe, 0x23, 0xbe, 0x23,
  0xbe, 0x23, 0xbe, 0x23, 0xbe, 0x23, 0xbe, 0x23, 0xbe, 0x23, 0xbe, 0x23,
  0xbe, 0x23, 0xbe, 0x23, 0xbe, 0x23, 0xbe, 0x23, 0xbe, 0x23, 0xbe, 0x23,
  0xbe, 0x23, 0xbe, 0x23, 0xbe, 0x23, 0xbe, 0x23, 0xbe, 0x23, 0xbe, 0x23,
  0xbe, 0x23, 0xbe, 0x23, 0xbe, 0x23, 0xbe, 0x23, 0xbe, 0x23, 0xbe, 0x23,
  0xbe, 0x23, 0xbe, 0x23, 0xbe, 0x23, 0xbe, 0x23, 0xbe, 0x23, 0xbe, 0x23,
  0xbe, 0x23, 0xbe, 0x23, 0xbe, 0x23, 0xbe, 0x23, 0xbe, 0x23, 0xbe, 0x23,
  0xbe, 0x23, 0xbe, 0x23, 0xbe, 0x23, 0xbe, 0x23, 0xbe, 0x23, 0xbe, 0x23,
  0xbe, 0x23, 0xbe, 0x23, 0xbe, 0x23, 0xbe, 0x23, 0xbe, 0x23, 0xbe, 0x23,
  0xbe, 0x23, 0xbe, 0x23, 0xbe, 0x23, 0xbe, 0x23, 0xbe, 0x23, 0xbe, 0x23,
  0xbe, 0x23, 0xbe, 0x23, 0xbe, 0x23, 0xbe, 0x23, 0xbe, 0x23, 0xbe, 0x23,
  0xbe, 0x23, 0xbe, 0x23, 0xbe, 0x23, 0xbe, 0x23, 0xbe, 0x23, 0xbe, 0x23,
  0xbe, 0x23, 0xbe, 0x23, 0xbe, 0x23, 0xbe, 0x23, 0xbe, 0x23, 0xbe, 0x23,
  0xbe, 0x23, 0xbe, 0x23, 0xbe, 0x23, 0xbe, 0x23, 0xbe, 0x23, 0xbe, 0x23,
  0xbe, 0x23, 0xbe, 0x23, 0xbe, 0x23, 0xbe, 0x23, 0xbe, 0x23, 0xbe, 0x23,
  0xbe, 0x23, 0xbe, 0x23, 0xbe, 0x23, 0xbe, 0x23, 0xbe, 0x23, 0xbe, 0x23,
  0xbe, 0x23, 0xbe, 0x23, 0xbe, 0x23, 0xbe, 0x23, 0xbe, 0x23, 0xbe, 0x23,
  0xbe, 0x23, 0xbe, 0x23, 0xbe, 0x23, 0xbe, 0x23, 0xbe, 0x23, 0xbe, 0x23,
  0xbe, 0x23, 0xbe, 0x23, 0xbe, 0x23, 0xbe, 0x23, 0xbe, 0x23, 0xbe, 0x23,
  0xbe, 0x23, 0xbe, 0x23, 0xbe, 0x23, 0xbe, 0x23, 0xbe, 0x23, 0xbe, 0x23,
  0xbe, 0x23, 0xbe, 0x23, 0xbe, 0x23, 0xbe, 0x23, 0xbe, 0x23, 0xbe, 0x23,
  0xbe, 0x23, 0xbe, 0x23, 0xbe, 0x23, 0xbe, 0x23, 0xbe, 0x23, 0xbe, 0x23,
  0xbe, 0x23, 0xbe, 0x23, 0xbe, 0x23, 0xbe, 0x23, 0xbe, 0x23, 0xbe, 0x23,
  0xbe, 0x23, 0xbe, 0x23, 0xbe, 0x23, 0xbe, 0x23, 0xbe, 0x23, 0xbe, 0x23,
  0xbe, 0x23, 0xbe, 0x23, 0xbe, 0x23, 0xbe, 0x23, 0xbe, 0x23, 0xbe, 0x23,
  0xbe, 0x23, 0xbe, 0x23, 0xbe, 0x23, 0xbe, 0x23, 0xbe, 0x23, 0xbe, 0x23,
  0xbe, 0x23, 0xbe, 0x23, 0xbe, 0x23, 0xbe, 0x23, 0xbe, 0x23, 0xbe, 0x23,
  0xbe, 0x23, 0xbe, 0x23, 0xbe, 0x23, 0xbe, 0x23, 0xbe, 0x23, 0xbe, 0x23,
  0xbe, 0x23, 0xbe, 0x23, 0xbe, 0x23, 0xbe, 0x23, 0xbe, 0x23, 0xbe, 0x23,
  0xbe, 0x23, 0xbe, 0x23, 0xbe, 0x23, 0xbe, 0x23, 0xbe, 0x23, 0xbe, 0x23,
  0xbe, 0x23, 0xbe, 0x23, 0xbe, 0x23, 0xbe, 0x23, 0xbe, 0x23, 0xbe, 0x23,
  0xbe, 0x23, 0xbe, 0x23, 0xbe, 0x23, 0xbe, 0x23, 0xbe, 0x23, 0xbe, 0x23,
  0xbe, 0x23, 0xbe, 0x23, 0xbe, 0x23, 0xbe, 0x23, 0xbe, 0x23, 0xbe, 0x23,
  0xbe, 0x23, 0xbe, 0x23, 0xbe, 0x23, 0xbe, 0x23, 0xbe, 0x23, 0xbe, 0x23,
  0xbe, 0x23, 0xbe, 0x23, 0xbe, 0x23, 0xbe, 0x23, 0xbe, 0x23, 0xbe, 0x23,
  0xbe, 0x23, 0xbe, 0x23, 0xbe, 0x23, 0xbe, 0x23, 0xbe, 0x23, 0xbe, 0x23,
  0xbe, 0x23, 0xbe, 0x23, 0xbe, 0x23, 0xbe, 0x23, 0xbe, 0x23, 0xbe, 0x23,
  0xbe, 0x23, 0xbe, 0x23, 0xbe, 0x23, 0xbe, 0x23, 0xbe, 0x23, 0xbe, 0x23,
  0xbe, 0x23, 0xbe, 0x23, 0xbe, 0x23, 0xbe, 0x23, 0xbe, 0x23, 0xbe, 0x23,
  0xbe, 0x23, 0xbe, 0x23, 0xbe, 0x23, 0xbe, 0x23, 0xbe, 0x23, 0xbe, 0x23,
  0xbe, 0x23, 0xbe, 0x23, 0xbe, 0x23, 0xbe, 0x23, 0xbe, 0x23, 0xbe, 0x23,
  0xbe, 0x23, 0xbe, 0x23, 0xbe, 0x23, 0xbe, 0x23, 0xbe, 0x23, 0xbe, 0x23,
  0xbe, 0x23, 0xbe, 0x23, 0xbe, 0x23, 0xbe, 0x23, 0xbe, 0x23, 0xbe, 0x23,
  0xbe, 0x23, 0xbe, 0x23, 0xbe, 0x23, 0xbe, 0x23, 0xbe, 0x23, 0xbe, 0x23,
  0xbe, 0x23, 0xbe, 0x23, 0xbe, 0x23, 0xbe, 0x23, 0xbe, 0x23, 0xbe, 0x23,
  0xbe, 0x23, 0xbe, 0x23, 0xbe, 0x23, 0xbe, 0x23, 0xbe, 0x23, 0xbe, 0x23,
  0xbe, 0x23, 0xbe, 0x23, 0xbe, 0x23, 0xbe, 0x23, 0xbe, 0x23, 0xbe, 0x23,
  0xbe, 0x23, 0xbe, 0x23, 0xbe, 0x23, 0xbe, 0x23, 0xbe, 0x23, 0xbe, 0x23,
  0xbe, 0x23, 0xbe, 0x23, 0xbe, 0x23, 0xbe, 0x23, 0xbe, 0x23, 0xbe, 0x23,
  0xbe, 0x23, 0xbe, 0x23, 0xbe, 0x23, 0xbe, 0x23, 0xbe, 0x23, 0xbe, 0x23,
  0xbe, 0x23, 0xbe, 0x23, 0xbe, 0x23, 0xbe, 0x23, 0xbe, 0x23, 0xbe, 0x23,
  0xbe, 0x23, 0xbe, 0x23, 0xbe, 0x23, 0xbe, 0x23, 0xbe, 0x23, 0xbe, 0x23,
  0xbe, 0x23, 0xbe, 0x23, 0xbe, 0x23, 0xbe, 0x23, 0xbe, 0x23, 0xbe, 0x23,
  0xbe, 0x23, 0xbe, 0x23, 0xbe, 0x23, 0xbe, 0x23, 0xbe, 0x23, 0xbe, 0x23,
  0xbe, 0x23, 0xbe, 0x23, 0xbe, 0x23, 0xbe, 0x23, 0xbe, 0x23, 0xbe, 0x23,
  0xbe, 0x23, 0xbe, 0x23, 0xbe, 0x23, 0xbe, 0x23, 0xbe, 0x23, 0xbe, 0x23,
  0xbe, 0x23, 0xbe, 0x23, 0xbe, 0x23, 0xbe, 0x23, 0xbe, 0x23, 0xbe, 0x23,
  0xbe, 0x23, 0xbe, 0x23, 0xbe, 0x23, 0xbe, 0x23, 0xbe, 0x23, 0xbe, 0x23,
  0xbe, 0x23, 0xbe, 0x23, 0xbe, 0x23, 0xbe, 0x23, 0xbe, 0x23, 0xbe, 0x23,
  0xbe, 0x23, 0xbe, 0x23, 0xbe, 0x23, 0xbe, 0x23, 0xbe, 0x23, 0xbe, 0x23,
  0xbe, 0x23, 0xbe, 0x23, 0xbe, 0x23, 0xbe, 0x23, 0xbe, 0x23, 0xbe, 0x23,
  0xbe, 0x23, 0xbe, 0x23, 0xbe, 0x23, 0xbe, 0x23, 0xbe, 0x23, 0xbe, 0x23,
  0xbe, 0x23, 0xbe, 0x23, 0xbe, 0x23, 0xbe, 0x23, 0xbe, 0x23, 0xbe, 0x23,
  0xbe, 0x23, 0xbe, 0x23, 0xbe, 0x23, 0xbe, 0x23, 0xbe, 0x23, 0xbe, 0x23,
  0xbe, 0x23, 0xbe, 0x23, 0xbe, 0x23, 0xbe, 0x23, 0xbe, 0x23, 0xbe, 0x23,
  0xbe, 0x23, 0xbe, 0x23, 0xbe, 0x23, 0xbe, 0x23, 0xbe, 0x23, 0xbe, 0x23,
  0xbe, 0x23, 0xbe, 0x23, 0xbe, 0x23, 0xbe, 0x23, 0xbe, 0x23, 0xbe, 0x23,
  0xbe, 0x23, 0xbe, 0x23, 0xbe, 0x23, 0xbe, 0x23, 0xbe, 0x23, 0xbe, 0x23,
  0xbe, 0x23, 0xbe, 0x23, 0xbe, 0x23, 0xbe, 0x23, 0xbe, 0x23, 0xbe, 0x23,
  0xbe, 0x23, 0xbe, 0x23, 0xbe, 0x23, 0xbe, 0x23, 0xbe, 0x23, 0xbe, 0x23,
  0xbe, 0x23, 0xbe, 0x23, 0xbe, 0x23, 0xbe, 0x23, 0xbe, 0x23, 0xbe, 0x23,
  0xbe, 0x23, 0xbe, 0x23, 0xbe, 0x23, 0xbe, 0x23, 0xbe, 0x23, 0xbe, 0x23,
  0xbe, 0x23, 0xbe, 0x23, 0xbe, 0x23, 0xbe, 0x23, 0xbe, 0x23, 0xbe, 0x23,
  0xbe, 0x23, 0xbe, 0x23, 0xbe, 0x23, 0xbe, 0x23, 0xbe, 0x23, 0xbe, 0x23,
  0xbe, 0x23, 0xbe, 0x23, 0xbe, 0x23, 0xbe, 0x23, 0xbe, 0x23, 0xbe, 0x23,
  0xbe, 0x23, 0xbe, 0x23, 0xbe, 0x23, 0xbe, 0x23, 0xbe, 0x23, 0xbe, 0x23,
  0xbe, 0x23, 0xbe, 0x23, 0xbe, 0x23, 0xbe, 0x23, 0xbe, 0x23, 0xbe, 0x23,
  0xbe, 0x23, 0xbe, 0x23, 0xbe, 0x23, 0xbe, 0x23, 0xbe, 0x23, 0xbe, 0x23,
  0xbe, 0x23, 0xbe, 0x23, 0xbe, 0x23, 0xbe, 0x23, 0xbe, 0x23, 0xbe, 0x23,
  0xbe, 0x23, 0xbe, 0x23, 0xbe, 0x23, 0xbe, 0x23, 0xbe, 0x23, 0xbe, 0x23,
  0xbe, 0x23, 0xbe, 0x23, 0xbe, 0x23, 0xbe, 0x23, 0xbe, 0x23, 0xbe, 0x23,
  0xbe, 0x23, 0xbe, 0x23, 0xbe, 0x23, 0xbe, 0x23, 0xbe, 0x23, 0xbe, 0x23,
  0xbe, 0x23, 0xbe, 0x23, 0xbe, 0x23, 0xbe, 0x23, 0xbe, 0x23, 0xbe, 0x23,
  0xbe, 0x23, 0xbe, 0x23, 0xbe, 0x23, 0xbe, 0x23, 0xbe, 0x23, 0xbe, 0x23,
  0xbe, 0x23, 0xbe, 0x23, 0xbe, 0x23, 0xbe, 0x23, 0xbe, 0x23, 0xbe, 0x23,
  0xbe, 0x23, 0xbe, 0x23, 0xbe, 0x23, 0xbe, 0x23, 0xbe, 0x23, 0xbe, 0x23,
  0xbe, 0x23, 0xbe, 0x23, 0xbe, 0x23, 0xbe, 0x23, 0xbe, 0x23, 0xbe, 0x23,
  0xbe, 0x23, 0xbe, 0x23, 0xbe, 0x23, 0xbe, 0x23, 0xbe, 0x23, 0xbe, 0x23,
  0xbe, 0x23, 0xbe, 0x23, 0xbe, 0x23, 0xbe, 0x23, 0xbe, 0x23, 0xbe, 0x23,
  0xbe, 0x23, 0xbe, 0x23, 0xbe, 0x23, 0xbe, 0x23, 0xbe, 0x23, 0xbe, 0x23,
  0xbe, 0x23, 0xbe, 0x23, 0xbe, 0x23, 0xbe, 0x23, 0xbe, 0x23, 0xbf, 0x23,
  0xbe, 0x23, 0xbe, 0x23, 0xbe, 0x23, 0xbe, 0x23, 0xbf, 0x23, 0xbe, 0x23,
  0xbe, 0x23, 0xbe, 0x23, 0xbe, 0x23, 0xbe, 0x23, 0xbe, 0x23, 0xbe, 0x23,
  0xbe, 0x23, 0xbe, 0x23, 0xbe, 0x23, 0xbe, 0x23, 0xbe, 0x23, 0xbe, 0x23,
  0xbe, 0x23, 0xbe, 0x23, 0xbe, 0x23, 0xbe, 0x23, 0xbe, 0x23, 0xbe, 0x23,
  0xbe, 0x23, 0xbe, 0x23, 0xbe, 0x23, 0xbe, 0x23, 0xbe, 0x23, 0xbe, 0x23,
  0xbe, 0x23, 0xbe, 0x23, 0xbe, 0x23, 0xbe, 0x23, 0xbe, 0x23, 0xbe, 0x23,
  0xbe, 0x23, 0xbe, 0x23, 0xbe, 0x23, 0xbe, 0x23, 0xbe, 0x23, 0xbe, 0x23,
  0xbe, 0x23, 0xbe, 0x23, 0xbe, 0x23, 0xbe, 0x23, 0xbe, 0x23, 0xbe, 0x23,
  0xbe, 0x23, 0xbe, 0x23, 0xbe, 0x23, 0xbe, 0x23, 0xbe, 0x23, 0xbe, 0x23,
  0xbe, 0x23, 0xbe, 0x23, 0xbe, 0x23, 0xbe, 0x23, 0xbe, 0x23, 0xbe, 0x23,
  0xbe, 0x23, 0xbe, 0x23, 0xbe, 0x23, 0xbe, 0x23, 0xbe, 0x23, 0xbe, 0x23,
  0xbe, 0x23, 0xbe, 0x23, 0xbe, 0x23, 0xbe, 0x23, 0xbe, 0x23, 0xbe, 0x23,
  0xbe, 0x23, 0xbe, 0x23, 0xbe, 0x23, 0xbe, 0x23, 0xbe, 0x23, 0xbe, 0x23,
  0xbe, 0x23, 0xbe, 0x23, 0xbe, 0x23, 0xbe, 0x23, 0xbe, 0x23, 0xbe, 0x23,
  0xbe, 0x23, 0xbe, 0x23, 0xbe, 0x23, 0xbe, 0x23, 0xbe, 0x23, 0xbe, 0x23,
  0xbe, 0x23, 0xbe, 0x23, 0xbe, 0x23, 0xbe, 0x23, 0xbe, 0x23, 0xbe, 0x23,
  0xbe, 0x23, 0xbe, 0x23, 0xbe, 0x23, 0xbe, 0x23, 0xbe, 0x23, 0xbe, 0x23,
  0xbe, 0x23, 0xbe, 0x23, 0xbe, 0x23, 0xbe, 0x23, 0xbe, 0x23, 0xbe, 0x23,
  0xbe, 0x23, 0xbe, 0x23, 0xbe, 0x23, 0xbe, 0x23, 0xbe, 0x23, 0xbe, 0x23,
  0xbe, 0x23, 0xbe, 0x23, 0xbe, 0x23, 0xbe, 0x23, 0xbe, 0x23, 0xbe, 0x23,
  0xbe, 0x23, 0xbe, 0x23, 0xbe, 0x23, 0xbe, 0x23, 0xbe, 0x23, 0xbe, 0x23,
  0xbe, 0x23, 0xbe, 0x23, 0xbe, 0x23, 0xbe, 0x23, 0xbe, 0x23, 0xbe, 0x23,
  0xbe, 0x23, 0xbe, 0x23, 0xbe, 0x23, 0xbe, 0x23, 0xbe, 0x23, 0xbe, 0x23,
  0xbe, 0x23, 0xbe, 0x23, 0xbe, 0x23, 0xbe, 0x23, 0xbe, 0x23, 0xbe, 0x23,
  0xbe, 0x23, 0xbe, 0x23, 0xbe, 0x23, 0xbe, 0x23, 0xbe, 0x23, 0xbe, 0x23,
  0xbe, 0x23, 0xbe, 0x23, 0xbe, 0x23, 0xbe, 0x23, 0xbe, 0x23, 0xbe, 0x23,
  0xbe, 0x23, 0xbe, 0x23, 0xbe, 0x23, 0x74, 0x16, 0x74, 0x16, 0x95, 0x16,
  0x53, 0x12, 0x1a, 0x1b, 0x9d, 0x1f, 0xbe, 0x23, 0xbe, 0x23, 0xbe, 0x23,
  0xbe, 0x23, 0xbe, 0x23, 0xbe, 0x23, 0xbe, 0x23, 0xbe, 0x23, 0xbe, 0x23,
  0xbe, 0x23, 0xbe, 0x23, 0xbe, 0x23, 0xbe, 0x23, 0xbe, 0x23, 0xbe, 0x23,
  0xbe, 0x23, 0xbe, 0x23, 0xbe, 0x23, 0xbe, 0x23, 0xbe, 0x23, 0xbe, 0x23,
  0xbe, 0x23, 0xbe, 0x23, 0xbe, 0x23, 0xbe, 0x23, 0xbe, 0x23, 0xbe, 0x23,
  0xbe, 0x23, 0xbe, 0x23, 0xbe, 0x23, 0xbe, 0x23, 0xbe, 0x23, 0xbe, 0x23,
  0xbe, 0x23, 0xbe, 0x23, 0xbe, 0x23, 0xbe, 0x23, 0xbe, 0x23, 0xbe, 0x23,
  0xbe, 0x23, 0xbe, 0x23, 0xbe, 0x23, 0xbe, 0x23, 0xbe, 0x23, 0xbe, 0x23,
  0xbe, 0x23, 0xbe, 0x23, 0xbe, 0x23, 0xbe, 0x23, 0xbe, 0x23, 0xbe, 0x23,
  0xbe, 0x23, 0xbe, 0x23, 0xbe, 0x23, 0xbe, 0x23, 0xbe, 0x23, 0xbe, 0x23,
  0xbe, 0x23, 0xbe, 0x23, 0xbe, 0x23, 0xbe, 0x23, 0xbe, 0x23, 0xbe, 0x23,
  0xbe, 0x23, 0xbe, 0x23, 0xbe, 0x23, 0xbe, 0x23, 0xbe, 0x23, 0xbe, 0x23,
  0xbe, 0x23, 0xbe, 0x23, 0xbe, 0x23, 0xbe, 0x23, 0xbe, 0x23, 0xbe, 0x23,
  0xbe, 0x23, 0xbe, 0x23, 0xbe, 0x23, 0xbe, 0x23, 0xbe, 0x23, 0xbe, 0x23,
  0xbe, 0x23, 0xbe, 0x23, 0xbe, 0x23, 0xbe, 0x23, 0xbe, 0x23, 0xbe, 0x23,
  0xbe, 0x23, 0xbe, 0x23, 0xbe, 0x23, 0xbe, 0x23, 0xbe, 0x23, 0xbe, 0x23,
  0xbe, 0x23, 0xbe, 0x23, 0xbe, 0x23, 0xbe, 0x23, 0xbe, 0x23, 0xbe, 0x23,
  0xbe, 0x23, 0xbe, 0x23, 0xbe, 0x23, 0xbe, 0x23, 0xbe, 0x23, 0xbe, 0x23,
  0xbe, 0x23, 0xbe, 0x23, 0xbe, 0x23, 0xbe, 0x23, 0xbe, 0x23, 0xbe, 0x23,
  0xbe, 0x23, 0xbe, 0x23, 0xbe, 0x23, 0xbe, 0x23, 0xbe, 0x23, 0xbe, 0x23,
  0xbe, 0x23, 0xbe, 0x23, 0xbe, 0x23, 0xbe, 0x23, 0xbe, 0x23, 0xbe, 0x23,
  0xbe, 0x23, 0xbe, 0x23, 0xbe, 0x23, 0xbe, 0x23, 0xbe, 0x23, 0xbe, 0x23,
  0xbe, 0x23, 0xbe, 0x23, 0xbe, 0x23, 0xbe, 0x23, 0xbe, 0x23, 0xbe, 0x23,
  0xbe, 0x23, 0xbe, 0x23, 0xbe, 0x23, 0xbe, 0x23, 0xbe, 0x23, 0xbe, 0x23,
  0xbe, 0x23, 0xbe, 0x23, 0xbe, 0x23, 0xbe, 0x23, 0xbe, 0x23, 0xbe, 0x23,
  0xbe, 0x23, 0xbe, 0x23, 0xbe, 0x23, 0xbe, 0x23, 0xbe, 0x23, 0xbf, 0x23,
  0x7c, 0x1f, 0xa5, 0x00, 0x9e, 0x23, 0xdf, 0x23, 0x5b, 0x1f, 0xb6, 0x16,
  0xb6, 0x16, 0xd7, 0x1a, 0xbf, 0x23, 0xbe, 0x23, 0xbe, 0x23, 0xbe, 0x23,
  0xbe, 0x23, 0xbe, 0x23, 0xbe, 0x23, 0xbe, 0x23, 0xbe, 0x23, 0xbe, 0x23,
  0xbe, 0x23, 0xbe, 0x23, 0xbe, 0x23, 0xbe, 0x23, 0xbe, 0x23, 0xbe, 0x23,
  0xbe, 0x23, 0xbe, 0x23, 0xbe, 0x23, 0xbe, 0x23, 0xbe, 0x23, 0xbe, 0x23,
  0xbe, 0x23, 0xbe, 0x23, 0xbe, 0x23, 0xbe, 0x23, 0xbe, 0x23, 0xbe, 0x23,
  0xbe, 0x23, 0xbe, 0x23, 0xbe, 0x23, 0xbe, 0x23, 0xbe, 0x23, 0xbe, 0x23,
  0xbe, 0x23, 0xbe, 0x23, 0xbe, 0x23, 0xbe, 0x23, 0xbe, 0x23, 0xbe, 0x23,
  0xbe, 0x23, 0xbe, 0x23, 0xbe, 0x23, 0xbe, 0x23, 0xbe, 0x23, 0xbe, 0x23,
  0xbe, 0x23, 0xbe, 0x23, 0xbe, 0x23, 0xbe, 0x23, 0xbe, 0x23, 0xbe, 0x23,
  0xbe, 0x23, 0xbe, 0x23, 0xbe, 0x23, 0xbe, 0x23, 0xbe, 0x23, 0xbe, 0x23,
  0xbe, 0x23, 0xbe, 0x23, 0xbe, 0x23, 0xbe, 0x23, 0xbe, 0x23, 0xbe, 0x23,
  0xbe, 0x23, 0xbe, 0x23, 0xbe, 0x23, 0xbe, 0x23, 0xbe, 0x23, 0xbe, 0x23,
  0xbe, 0x23, 0xbe, 0x23, 0xbe, 0x23, 0xbe, 0x23, 0xbe, 0x23, 0xbe, 0x23,
  0xbe, 0x23, 0xbe, 0x23, 0xbe, 0x23, 0xbe, 0x23, 0xbe, 0x23, 0xbe, 0x23,
  0xbe, 0x23, 0xbe, 0x23, 0xbe, 0x23, 0xbe, 0x23, 0xbe, 0x23, 0xbe, 0x23,
  0xbe, 0x23, 0xbe, 0x23, 0xbe, 0x23, 0xbe, 0x23, 0xbe, 0x23, 0xbe, 0x23,
  0xbe, 0x23, 0xbe, 0x23, 0xbe, 0x23, 0xbe, 0x23, 0xbe, 0x23, 0xbe, 0x23,
  0xbe, 0x23, 0xbe, 0x23, 0xbe, 0x23, 0xbe, 0x23, 0xbe, 0x23, 0xbe, 0x23,
  0xbe, 0x23, 0xbe, 0x23, 0xbe, 0x23, 0xbe, 0x23, 0xbe, 0x23, 0xbe, 0x23,
  0xbe, 0x23, 0xbe, 0x23, 0xbe, 0x23, 0xbe, 0x23, 0xbe, 0x23, 0xbe, 0x23,
  0xbe, 0x23, 0xbe, 0x23, 0xbe, 0x23, 0xbe, 0x23, 0xbe, 0x23, 0xbe, 0x23,
  0xbe, 0x23, 0xbe, 0x23, 0xbe, 0x23, 0xbe, 0x23, 0xbe, 0x23, 0xbe, 0x23,
  0xbe, 0x23, 0xbe, 0x23, 0xbe, 0x23, 0xbe, 0x23, 0xbe, 0x23, 0xbe, 0x23,
  0xbe, 0x23, 0xbe, 0x23, 0xbe, 0x23, 0xbe, 0x23, 0xbe, 0x23, 0xbe, 0x23,
  0xbe, 0x23, 0xbe, 0x23, 0xbe, 0x23, 0xbe, 0x23, 0xbe, 0x23, 0xbe, 0x23,
  0xbe, 0x23, 0xbe, 0x23, 0xbe, 0x23, 0xbf, 0x23, 0x7c, 0x1f, 0xe8, 0x04,
  0x9d, 0x23, 0xdf, 0x23, 0x5b, 0x1f, 0xb6, 0x16, 0xf8, 0x1a, 0x1a, 0x1b,
  0xbf, 0x23, 0xdf, 0x23, 0xbe, 0x23, 0xbe, 0x23, 0xbe, 0x23, 0xbe, 0x23,
  0xbe, 0x23, 0xbe, 0x23, 0xbe, 0x23, 0xbe, 0x23, 0xbe, 0x23, 0xbe, 0x23,
  0xbe, 0x23, 0xbe, 0x23, 0xbe, 0x23, 0xbe, 0x23, 0xbe, 0x23, 0xbe, 0x23,
  0xbe, 0x23, 0xbe, 0x23, 0xbe, 0x23, 0xbe, 0x23, 0xbe, 0x23, 0xbe, 0x23,
  0xbe, 0x23, 0xbe, 0x23, 0xbe, 0x23, 0xbe, 0x23, 0xbe, 0x23, 0xbe, 0x23,
  0xbe, 0x23, 0xbe, 0x23, 0xbe, 0x23, 0xbe, 0x23, 0xbe, 0x23, 0xbe, 0x23,
  0xbe, 0x23, 0xbe, 0x23, 0xbe, 0x23, 0xbe, 0x23, 0xbe, 0x23, 0xbe, 0x23,
  0xbe, 0x23, 0xbe, 0x23, 0xbe, 0x23, 0xbe, 0x23, 0xbe, 0x23, 0xbe, 0x23,
  0xbe, 0x23, 0xbe, 0x23, 0xbe, 0x23, 0xbe, 0x23, 0xbe, 0x23, 0xbe, 0x23,
  0xbe, 0x23, 0xbe, 0x23, 0xbe, 0x23, 0xbe, 0x23, 0xbe, 0x23, 0xbe, 0x23,
  0xbe, 0x23, 0xbe, 0x23, 0xbe, 0x23, 0xbe, 0x23, 0xbe, 0x23, 0xbe, 0x23,
  0xbe, 0x23, 0xbe, 0x23, 0xbe, 0x23, 0xbe, 0x23, 0xbe, 0x23, 0xbe, 0x23,
  0xbe, 0x23, 0xbe, 0x23, 0xbe, 0x23, 0xbe, 0x23, 0xbe, 0x23, 0xbe, 0x23,
  0xbe, 0x23, 0xbe, 0x23, 0xbe, 0x23, 0xbe, 0x23, 0xbe, 0x23, 0xbe, 0x23,
  0xbe, 0x23, 0xbe, 0x23, 0xbe, 0x23, 0xbe, 0x23, 0xbe, 0x23, 0xbe, 0x23,
  0xbe, 0x23, 0xbe, 0x23, 0xbe, 0x23, 0xbe, 0x23, 0xbe, 0x23, 0xbe, 0x23,
  0xbe, 0x23, 0xbe, 0x23, 0xbe, 0x23, 0xbe, 0x23, 0xbe, 0x23, 0xbe, 0x23,
  0xbe, 0x23, 0xbe, 0x23, 0xbe, 0x23, 0xbe, 0x23, 0xbe, 0x23, 0xbe, 0x23,
  0xbe, 0x23, 0xbe, 0x23, 0xbe, 0x23, 0xbe, 0x23, 0xbe, 0x23, 0xbe, 0x23,
  0xbe, 0x23, 0xbe, 0x23, 0xbe, 0x23, 0xbe, 0x23, 0xbe, 0x23, 0xbe, 0x23,
  0xbe, 0x23, 0xbe, 0x23, 0xbe, 0x23, 0xbe, 0x23, 0xbe, 0x23, 0xbe, 0x23,
  0xbe, 0x23, 0xbe, 0x23, 0xbe, 0x23, 0xbe, 0x23, 0xbe, 0x23, 0xbe, 0x23,
  0xbe, 0x23, 0xbe, 0x23, 0xbe, 0x23, 0xbe, 0x23, 0xbe, 0x23, 0xbe, 0x23,
  0xbe, 0x23, 0xbe, 0x23, 0xbe, 0x23, 0xbe, 0x23, 0xbe, 0x23, 0xbe, 0x23,
  0xbe, 0x23, 0xbe, 0x23, 0xbe, 0x23, 0xbe, 0x23, 0xbe, 0x23, 0xbf, 0x23,
  0xdf, 0x23, 0xdf, 0x23, 0x7c, 0x1f, 0xe8, 0x04, 0x9d, 0x23, 0xdf, 0x23,
  0x9d, 0x1f, 0x11, 0x12, 0x9e, 0x23, 0xdf, 0x23, 0x9d, 0x23, 0xf8, 0x1a,
  0xbe, 0x23, 0xbe, 0x23, 0xbe, 0x23, 0xbe, 0x23, 0xbe, 0x23, 0xbe, 0x23,
  0xbe, 0x23, 0xbe, 0x23, 0xbe, 0x23, 0xbe, 0x23, 0xbe, 0x23, 0xbe, 0x23,
  0xbe, 0x23, 0xbe, 0x23, 0xbe, 0x23, 0xbe, 0x23, 0xbe, 0x23, 0xbe, 0x23,
  0xbe, 0x23, 0xbe, 0x23, 0xbe, 0x23, 0xbe, 0x23, 0xbe, 0x23, 0xbe, 0x23,
  0xbe, 0x23, 0xbe, 0x23, 0xbe, 0x23, 0xbe, 0x23, 0xbe, 0x23, 0xbe, 0x23,
  0xbe, 0x23, 0xbe, 0x23, 0xbe, 0x23, 0xbe, 0x23, 0xbe, 0x23, 0xbe, 0x23,
  0xbe, 0x23, 0xbe, 0x23, 0xbe, 0x23, 0xbe, 0x23, 0xbe, 0x23, 0xbe, 0x23,
  0xbe, 0x23, 0xbe, 0x23, 0xbe, 0x23, 0xbe, 0x23, 0xbe, 0x23, 0xbe, 0x23,
  0xbe, 0x23, 0xbe, 0x23, 0xbe, 0x23, 0xbe, 0x23, 0xbe, 0x23, 0xbe, 0x23,
  0xbe, 0x23, 0xbe, 0x23, 0xbe, 0x23, 0xbe, 0x23, 0xbe, 0x23, 0xbe, 0x23,
  0xbe, 0x23, 0xbe, 0x23, 0xbe, 0x23, 0xbe, 0x23, 0xbe, 0x23, 0xbe, 0x23,
  0xbe, 0x23, 0xbe, 0x23, 0xbe, 0x23, 0xbe, 0x23, 0xbe, 0x23, 0xbe, 0x23,
  0xbe, 0x23, 0xbe, 0x23, 0xbe, 0x23, 0xbe, 0x23, 0xbe, 0x23, 0xbe, 0x23,
  0xbe, 0x23, 0xbe, 0x23, 0xbe, 0x23, 0xbe, 0x23, 0xbe, 0x23, 0xbe, 0x23,
  0xbe, 0x23, 0xbe, 0x23, 0xbe, 0x23, 0xbe, 0x23, 0xbe, 0x23, 0xbe, 0x23,
  0xbe, 0x23, 0xbe, 0x23, 0xbe, 0x23, 0xbe, 0x23, 0xbe, 0x23, 0xbe, 0x23,
  0xbe, 0x23, 0xbe, 0x23, 0xbe, 0x23, 0xbe, 0x23, 0xbe, 0x23, 0xbe, 0x23,
  0xbe, 0x23, 0xbe, 0x23, 0xbe, 0x23, 0xbe, 0x23, 0xbe, 0x23, 0xbe, 0x23,
  0xbe, 0x23, 0xbe, 0x23, 0xbe, 0x23, 0xbe, 0x23, 0xbe, 0x23, 0xbe, 0x23,
  0xbe, 0x23, 0xbe, 0x23, 0xbe, 0x23, 0xbe, 0x23, 0xbe, 0x23, 0xbe, 0x23,
  0xbe, 0x23, 0xbe, 0x23, 0xbe, 0x23, 0xbe, 0x23, 0xbe, 0x23, 0xbe, 0x23,
  0xbe, 0x23, 0xbe, 0x23, 0xbe, 0x23, 0xbe, 0x23, 0xbe, 0x23, 0xbe, 0x23,
  0xbe, 0x23, 0xbe, 0x23, 0xbe, 0x23, 0xbe, 0x23, 0xbe, 0x23, 0xbe, 0x23,
  0xbe, 0x23, 0xbe, 0x23, 0xbe, 0x23, 0xbe, 0x23, 0xbe, 0x23, 0xbe, 0x23,
  0xbe, 0x23, 0xbe, 0x23, 0xbe, 0x23, 0x7c, 0x1f, 0x19, 0x1b, 0x19, 0x1b,
  0xd7, 0x1a, 0x84, 0x00, 0x9e, 0x23, 0x9e, 0x23, 0x31, 0x12, 0x19, 0x1b,
  0x3a, 0x1f, 0x7c, 0x1f, 0x32, 0x12, 0xf8, 0x1a, 0xf8, 0x1a, 0xdf, 0x23,
  0xbe, 0x23, 0xbe, 0x23, 0xbe, 0x23, 0xbe, 0x23, 0xbe, 0x23, 0xbe, 0x23,
  0xbe, 0x23, 0xbe, 0x23, 0xbe, 0x23, 0xbe, 0x23, 0xbe, 0x23, 0xbe, 0x23,
  0xbe, 0x23, 0xbe, 0x23, 0xbe, 0x23, 0xbe, 0x23, 0xbe, 0x23, 0xbe, 0x23,
  0xbe, 0x23, 0xbe, 0x23, 0xbe, 0x23, 0xbe, 0x23, 0xbe, 0x23, 0xbe, 0x23,
  0xbe, 0x23, 0xbe, 0x23, 0xbe, 0x23, 0xbe, 0x23, 0xbe, 0x23, 0xbe, 0x23,
  0xbe, 0x23, 0xbe, 0x23, 0xbe, 0x23, 0xbe, 0x23, 0xbe, 0x23, 0xbe, 0x23,
  0xbe, 0x23, 0xbe, 0x23, 0xbe, 0x23, 0xbe, 0x23, 0xbe, 0x23, 0xbe, 0x23,
  0xbe, 0x23, 0xbe, 0x23, 0xbe, 0x23, 0xbe, 0x23, 0xbe, 0x23, 0xbe, 0x23,
  0xbe, 0x23, 0xbe, 0x23, 0xbe, 0x23, 0xbe, 0x23, 0xbe, 0x23, 0xbe, 0x23,
  0xbe, 0x23, 0xbe, 0x23, 0xbe, 0x23, 0xbe, 0x23, 0xbe, 0x23, 0xbe, 0x23,
  0xbe, 0x23, 0xbe, 0x23, 0xbe, 0x23, 0xbe, 0x23, 0xbe, 0x23, 0xbe, 0x23,
  0xbe, 0x23, 0xbe, 0x23, 0xbe, 0x23, 0xbe, 0x23, 0xbe, 0x23, 0xbe, 0x23,
  0xbe, 0x23, 0xbe, 0x23, 0xbe, 0x23, 0xbe, 0x23, 0xbe, 0x23, 0xbe, 0x23,
  0xbe, 0x23, 0xbe, 0x23, 0xbe, 0x23, 0xbe, 0x23, 0xbe, 0x23, 0xbe, 0x23,
  0xbe, 0x23, 0xbe, 0x23, 0xbe, 0x23, 0xbe, 0x23, 0xbe, 0x23, 0xbe, 0x23,
  0xbe, 0x23, 0xbe, 0x23, 0xbe, 0x23, 0xbe, 0x23, 0xbe, 0x23, 0xbe, 0x23,
  0xbe, 0x23, 0xbe, 0x23, 0xbe, 0x23, 0xbe, 0x23, 0xbe, 0x23, 0xbe, 0x23,
  0xbe, 0x23, 0xbe, 0x23, 0xbe, 0x23, 0xbe, 0x23, 0xbe, 0x23, 0xbe, 0x23,
  0xbe, 0x23, 0xbe, 0x23, 0xbe, 0x23, 0xbe, 0x23, 0xbe, 0x23, 0xbe, 0x23,
  0xbe, 0x23, 0xbe, 0x23, 0xbe, 0x23, 0xbe, 0x23, 0xbe, 0x23, 0xbe, 0x23,
  0xbe, 0x23, 0xbe, 0x23, 0xbe, 0x23, 0xbe, 0x23, 0xbe, 0x23, 0xbe, 0x23,
  0xbe, 0x23, 0xbe, 0x23, 0xbe, 0x23, 0xbe, 0x23, 0xbe, 0x23, 0xbe, 0x23,
  0xbe, 0x23, 0xbe, 0x23, 0xbe, 0x23, 0xbe, 0x23, 0xbe, 0x23, 0xbe, 0x23,
  0xbe, 0x23, 0xbe, 0x23, 0xbe, 0x23, 0xbe, 0x23, 0xbe, 0x23, 0xbe, 0x23,
  0xdf, 0x23, 0x95, 0x16, 0xb6, 0x16, 0x3a, 0x1f, 0x3a, 0x1b, 0x5b, 0x1f,
  0xbe, 0x23, 0xb6, 0x16, 0x7c, 0x1f, 0x9e, 0x23, 0x84, 0x00, 0x5b, 0x1f,
  0xd7, 0x1a, 0x95, 0x16, 0xd7, 0x1a, 0xdf, 0x23, 0xbe, 0x23, 0xbe, 0x23,
  0xbe, 0x23, 0xbe, 0x23, 0xbe, 0x23, 0xbe, 0x23, 0xbe, 0x23, 0xbe, 0x23,
  0xbe, 0x23, 0xbe, 0x23, 0xbe, 0x23, 0xbe, 0x23, 0xbe, 0x23, 0xbe, 0x23,
  0xbe, 0x23, 0xbe, 0x23, 0xbe, 0x23, 0xbe, 0x23, 0xbe, 0x23, 0xbe, 0x23,
  0xbe, 0x23, 0xbe, 0x23, 0xbe, 0x23, 0xbe, 0x23, 0xbe, 0x23, 0xbe, 0x23,
  0xbe, 0x23, 0xbe, 0x23, 0xbe, 0x23, 0xbe, 0x23, 0xbe, 0x23, 0xbe, 0x23,
  0xbe, 0x23, 0xbe, 0x23, 0xbe, 0x23, 0xbe, 0x23, 0xbe, 0x23, 0xbe, 0x23,
  0xbe, 0x23, 0xbe, 0x23, 0xbe, 0x23, 0xbe, 0x23, 0xbe, 0x23, 0xbe, 0x23,
  0xbe, 0x23, 0xbe, 0x23, 0xbe, 0x23, 0xbe, 0x23, 0xbe, 0x23, 0xbe, 0x23,
  0xbe, 0x23, 0xbe, 0x23, 0xbe, 0x23, 0xbe, 0x23, 0xbe, 0x23, 0xbe, 0x23,
  0xbe, 0x23, 0xbe, 0x23, 0xbe, 0x23, 0xbe, 0x23, 0xbe, 0x23, 0xbe, 0x23,
  0xbe, 0x23, 0xbe, 0x23, 0xbe, 0x23, 0xbe, 0x23, 0xbe, 0x23, 0xbe, 0x23,
  0xbe, 0x23, 0xbe, 0x23, 0xbe, 0x23, 0xbe, 0x23, 0xbe, 0x23, 0xbe, 0x23,
  0xbe, 0x23, 0xbe, 0x23, 0xbe, 0x23, 0xbe, 0x23, 0xbe, 0x23, 0xbe, 0x23,
  0xbe, 0x23, 0xbe, 0x23, 0xbe, 0x23, 0xbe, 0x23, 0xbe, 0x23, 0xbe, 0x23,
  0xbe, 0x23, 0xbe, 0x23, 0xbe, 0x23, 0xbe, 0x23, 0xbe, 0x23, 0xbe, 0x23,
  0xbe, 0x23, 0xbe, 0x23, 0xbe, 0x23, 0xbe, 0x23, 0xbe, 0x23, 0xbe, 0x23,
  0xbe, 0x23, 0xbe, 0x23, 0xbe, 0x23, 0xbe, 0x23, 0xbe, 0x23, 0xbe, 0x23,
  0xbe, 0x23, 0xbe, 0x23, 0xbe, 0x23, 0xbe, 0x23, 0xbe, 0x23, 0xbe, 0x23,
  0xbe, 0x23, 0xbe, 0x23, 0xbe, 0x23, 0xbe, 0x23, 0xbe, 0x23, 0xbe, 0x23,
  0xbe, 0x23, 0xbe, 0x23, 0xbe, 0x23, 0xbe, 0x23, 0xbe, 0x23, 0xbe, 0x23,
  0xbe, 0x23, 0xbe, 0x23, 0xbe, 0x23, 0xbe, 0x23, 0xbe, 0x23, 0xbe, 0x23,
  0xbe, 0x23, 0xbe, 0x23, 0xbe, 0x23, 0xbe, 0x23, 0xbe, 0x23, 0xbe, 0x23,
  0xbe, 0x23, 0xbe, 0x23, 0xbe, 0x23, 0xbe, 0x23, 0xbe, 0x23, 0xbe, 0x23,
  0xbe, 0x23, 0xbe, 0x23, 0xbe, 0x23, 0xbe, 0x23, 0xbf, 0x23, 0x3a, 0x1f,
  0x74, 0x16, 0xdf, 0x23, 0xdf, 0x23, 0xbf, 0x23, 0xbe, 0x23, 0x32, 0x12,
  0xb5, 0x16, 0x19, 0x1b, 0x4a, 0x09, 0x1a, 0x1b, 0x53, 0x12, 0xd7, 0x16,
  0xd7, 0x1a, 0xbf, 0x23, 0xbe, 0x23, 0xbe, 0x23, 0xbe, 0x23, 0xbe, 0x23,
  0xbe, 0x23, 0xbe, 0x23, 0xbe, 0x23, 0xbe, 0x23, 0xbe, 0x23, 0xbe, 0x23,
  0xbe, 0x23, 0xbe, 0x23, 0xbe, 0x23, 0xbe, 0x23, 0xbe, 0x23, 0xbe, 0x23,
  0xbe, 0x23, 0xbe, 0x23, 0xbe, 0x23, 0xbe, 0x23, 0xbe, 0x23, 0xbe, 0x23,
  0xbe, 0x23, 0xbe, 0x23, 0xbe, 0x23, 0xbe, 0x23, 0xbe, 0x23, 0xbe, 0x23,
  0xbe, 0x23, 0xbe, 0x23, 0xbe, 0x23, 0xbe, 0x23, 0xbe, 0x23, 0xbe, 0x23,
  0xbe, 0x23, 0xbe, 0x23, 0xbe, 0x23, 0xbe, 0x23, 0xbe, 0x23, 0xbe, 0x23,
  0xbe, 0x23, 0xbe, 0x23, 0xbe, 0x23, 0xbe, 0x23, 0xbe, 0x23, 0xbe, 0x23,
  0xbe, 0x23, 0xbe, 0x23, 0xbe, 0x23, 0xbe, 0x23, 0xbe, 0x23, 0xbe, 0x23,
  0xbe, 0x23, 0xbe, 0x23, 0xbe, 0x23, 0xbe, 0x23, 0xbe, 0x23, 0xbe, 0x23,
  0xbe, 0x23, 0xbe, 0x23, 0xbe, 0x23, 0xbe, 0x23, 0xbe, 0x23, 0xbe, 0x23,
  0xbe, 0x23, 0xbe, 0x23, 0xbe, 0x23, 0xbe, 0x23, 0xbe, 0x23, 0xbe, 0x23,
  0xbe, 0x23, 0xbe, 0x23, 0xbe, 0x23, 0xbe, 0x23, 0xbe, 0x23, 0xbe, 0x23,
  0xbe, 0x23, 0xbe, 0x23, 0xbe, 0x23, 0xbe, 0x23, 0xbe, 0x23, 0xbe, 0x23,
  0xbe, 0x23, 0xbe, 0x23, 0xbe, 0x23, 0xbe, 0x23, 0xbe, 0x23, 0xbe, 0x23,
  0xbe, 0x23, 0xbe, 0x23, 0xbe, 0x23, 0xbe, 0x23, 0xbe, 0x23, 0xbe, 0x23,
  0xbe, 0x23, 0xbe, 0x23, 0xbe, 0x23, 0xbe, 0x23, 0xbe, 0x23, 0xbe, 0x23,
  0xbe, 0x23, 0xbe, 0x23, 0xbe, 0x23, 0xbe, 0x23, 0xbe, 0x23, 0xbe, 0x23,
  0xbe, 0x23, 0xbe, 0x23, 0xbe, 0x23, 0xbe, 0x23, 0xbe, 0x23, 0xbe, 0x23,
  0xbe, 0x23, 0xbe, 0x23, 0xbe, 0x23, 0xbe, 0x23, 0xbe, 0x23, 0xbe, 0x23,
  0xbe, 0x23, 0xbe, 0x23, 0xbe, 0x23, 0xbe, 0x23, 0xbe, 0x23, 0xbe, 0x23,
  0xbe, 0x23, 0xbe, 0x23, 0xbe, 0x23, 0xbe, 0x23, 0xbe, 0x23, 0xbe, 0x23,
  0xbe, 0x23, 0xbe, 0x23, 0xbe, 0x23, 0xbe, 0x23, 0xbe, 0x23, 0xbe, 0x23,
  0xbe, 0x23, 0xbe, 0x23, 0xbe, 0x23, 0xbe, 0x23, 0xbe, 0x23, 0xbe, 0x23,
  0xbe, 0x23, 0xbe, 0x23, 0xbe, 0x23, 0xbe, 0x23, 0x52, 0x12, 0x74, 0x16,
  0x7d, 0x1f, 0xdf, 0x23, 0xdf, 0x23, 0xbe, 0x23, 0x3a, 0x1b, 0xb6, 0x16,
  0x4a, 0x09, 0xb6, 0x16, 0x19, 0x1b, 0xdf, 0x23, 0xd7, 0x1a, 0x7c, 0x1f,
  0xbf, 0x23, 0xbe, 0x23, 0xbe, 0x23, 0xbe, 0x23, 0xbe, 0x23, 0xbe, 0x23,
  0xbe, 0x23, 0xbe, 0x23, 0xbe, 0x23, 0xbe, 0x23, 0xbe, 0x23, 0xbe, 0x23,
  0xbe, 0x23, 0xbe, 0x23, 0xbe, 0x23, 0xbe, 0x23, 0xbe, 0x23, 0xbe, 0x23,
  0xbe, 0x23, 0xbe, 0x23, 0xbe, 0x23, 0xbe, 0x23, 0xbe, 0x23, 0xbe, 0x23,
  0xbe, 0x23, 0xbe, 0x23, 0xbe, 0x23, 0xbe, 0x23, 0xbe, 0x23, 0xbe, 0x23,
  0xbe, 0x23, 0xbe, 0x23, 0xbe, 0x23, 0xbe, 0x23, 0xbe, 0x23, 0xbe, 0x23,
  0xbe, 0x23, 0xbe, 0x23, 0xbe, 0x23, 0xbe, 0x23, 0xbe, 0x23, 0xbe, 0x23,
  0xbe, 0x23, 0xbe, 0x23, 0xbe, 0x23, 0xbe, 0x23, 0xbe, 0x23, 0xbe, 0x23,
  0xbe, 0x23, 0xbe, 0x23, 0xbe, 0x23, 0xbe, 0x23, 0xbe, 0x23, 0xbe, 0x23,
  0xbe, 0x23, 0xbe, 0x23, 0xbe, 0x23, 0xbe, 0x23, 0xbe, 0x23, 0xbe, 0x23,
  0xbe, 0x23, 0xbe, 0x23, 0xbe, 0x23, 0xbe, 0x23, 0xbe, 0x23, 0xbe, 0x23,
  0xbe, 0x23, 0xbe, 0x23, 0xbe, 0x23, 0xbe, 0x23, 0xbe, 0x23, 0xbe, 0x23,
  0xbe, 0x23, 0xbe, 0x23, 0xbe, 0x23, 0xbe, 0x23, 0xbe, 0x23, 0xbe, 0x23,
  0xbe, 0x23, 0xbe, 0x23, 0xbe, 0x23, 0xbe, 0x23, 0xbe, 0x23, 0xbe, 0x23,
  0xbe, 0x23, 0xbe, 0x23, 0xbe, 0x23, 0xbe, 0x23, 0xbe, 0x23, 0xbe, 0x23,
  0xbe, 0x23, 0xbe, 0x23, 0xbe, 0x23, 0xbe, 0x23, 0xbe, 0x23, 0xbe, 0x23,
  0xbe, 0x23, 0xbe, 0x23, 0xbe, 0x23, 0xbe, 0x23, 0xbe, 0x23, 0xbe, 0x23,
  0xbe, 0x23, 0xbe, 0x23, 0xbe, 0x23, 0xbe, 0x23, 0xbe, 0x23, 0xbe, 0x23,
  0xbe, 0x23, 0xbe, 0x23, 0xbe, 0x23, 0xbe, 0x23, 0xbe, 0x23, 0xbe, 0x23,
  0xbe, 0x23, 0xbe, 0x23, 0xbe, 0x23, 0xbe, 0x23, 0xbe, 0x23, 0xbe, 0x23,
  0xbe, 0x23, 0xbe, 0x23, 0xbe, 0x23, 0xbe, 0x23, 0xbe, 0x23, 0xbe, 0x23,
  0xbe, 0x23, 0xbe, 0x23, 0xbe, 0x23, 0xbe, 0x23, 0xbe, 0x23, 0xbe, 0x23,
  0xbe, 0x23, 0xbe, 0x23, 0xbe, 0x23, 0xbe, 0x23, 0xbe, 0x23, 0xbe, 0x23,
  0xbe, 0x23, 0xbe, 0x23, 0xbe, 0x23, 0xbe, 0x23, 0xbe, 0x23, 0xbe, 0x23,
  0xbe, 0x23, 0xbe, 0x23, 0xbe, 0x23, 0xf0, 0x0d, 0x2a, 0x05, 0x7c, 0x1f,
  0x3a, 0x1b, 0xbe, 0x23, 0x5b, 0x1f, 0xd7, 0x16, 0x95, 0x16, 0xd7, 0x1a,
  0x3b, 0x1f, 0xbf, 0x23, 0xb6, 0x16, 0x9d, 0x1f, 0xbe, 0x23, 0xbe, 0x23,
  0xbe, 0x23, 0xbe, 0x23, 0xbe, 0x23, 0xbe, 0x23, 0xbe, 0x23, 0xbe, 0x23,
  0xbe, 0x23, 0xbe, 0x23, 0xbe, 0x23, 0xbe, 0x23, 0xbe, 0x23, 0xbe, 0x23,
  0xbe, 0x23, 0xbe, 0x23, 0xbe, 0x23, 0xbe, 0x23, 0xbe, 0x23, 0xbe, 0x23,
  0xbe, 0x23, 0xbe, 0x23, 0xbe, 0x23, 0xbe, 0x23, 0xbe, 0x23, 0xbe, 0x23,
  0xbe, 0x23, 0xbe, 0x23, 0xbe, 0x23, 0xbe, 0x23, 0xbe, 0x23, 0xbe, 0x23,
  0xbe, 0x23, 0xbe, 0x23, 0xbe, 0x23, 0xbe, 0x23, 0xbe, 0x23, 0xbe, 0x23,
  0xbe, 0x23, 0xbe, 0x23, 0xbe, 0x23, 0xbe, 0x23, 0xbe, 0x23, 0xbe, 0x23,
  0xbe, 0x23, 0xbe, 0x23, 0xbe, 0x23, 0xbe, 0x23, 0xbe, 0x23, 0xbe, 0x23,
  0xbe, 0x23, 0xbe, 0x23, 0xbe, 0x23, 0xbe, 0x23, 0xbe, 0x23, 0xbe, 0x23,
  0xbe, 0x23, 0xbe, 0x23, 0xbe, 0x23, 0xbe, 0x23, 0xbe, 0x23, 0xbe, 0x23,
  0xbe, 0x23, 0xbe, 0x23, 0xbe, 0x23, 0xbe, 0x23, 0xbe, 0x23, 0xbe, 0x23,
  0xbe, 0x23, 0xbe, 0x23, 0xbe, 0x23, 0xbe, 0x23, 0xbe, 0x23, 0xbe, 0x23,
  0xbe, 0x23, 0xbe, 0x23, 0xbe, 0x23, 0xbe, 0x23, 0xbe, 0x23, 0xbe, 0x23,
  0xbe, 0x23, 0xbe, 0x23, 0xbe, 0x23, 0xbe, 0x23, 0xbe, 0x23, 0xbe, 0x23,
  0xbe, 0x23, 0xbe, 0x23, 0xbe, 0x23, 0xbe, 0x23, 0xbe, 0x23, 0xbe, 0x23,
  0xbe, 0x23, 0xbe, 0x23, 0xbe, 0x23, 0xbe, 0x23, 0xbe, 0x23, 0xbe, 0x23,
  0xbe, 0x23, 0xbe, 0x23, 0xbe, 0x23, 0xbe, 0x23, 0xbe, 0x23, 0xbe, 0x23,
  0xbe, 0x23, 0xbe, 0x23, 0xbe, 0x23, 0xbe, 0x23, 0xbe, 0x23, 0xbe, 0x23,
  0xbe, 0x23, 0xbe, 0x23, 0xbe, 0x23, 0xbe, 0x23, 0xbe, 0x23, 0xbe, 0x23,
  0xbe, 0x23, 0xbe, 0x23, 0xbe, 0x23, 0xbe, 0x23, 0xbe, 0x23, 0xbe, 0x23,
  0xbe, 0x23, 0xbe, 0x23, 0xbe, 0x23, 0xbe, 0x23, 0xbe, 0x23, 0xbe, 0x23,
  0xbe, 0x23, 0xbe, 0x23, 0xbe, 0x23, 0xbe, 0x23, 0xbe, 0x23, 0xbe, 0x23,
  0xbe, 0x23, 0xbe, 0x23, 0xbe, 0x23, 0xbe, 0x23, 0xbe, 0x23, 0xbe, 0x23,
  0xbe, 0x23, 0xbe, 0x23, 0xbe, 0x23, 0xbe, 0x23, 0xbe, 0x23, 0xbe, 0x23,
  0xbf, 0x23, 0xbe, 0x23, 0x19, 0x1b, 0xad, 0x0d, 0x6c, 0x09, 0x53, 0x12,
  0x9e, 0x23, 0xf8, 0x1a, 0x5b, 0x1f, 0xf8, 0x1a, 0x3a, 0x1b, 0x95, 0x16,
  0x7c, 0x1f, 0xbf, 0x23, 0xbe, 0x23, 0xbe, 0x23, 0xbe, 0x23, 0xbe, 0x23,
  0xbe, 0x23, 0xbe, 0x23, 0xbe, 0x23, 0xbe, 0x23, 0xbe, 0x23, 0xbe, 0x23,
  0xbe, 0x23, 0xbe, 0x23, 0xbe, 0x23, 0xbe, 0x23, 0xbe, 0x23, 0xbe, 0x23,
  0xbe, 0x23, 0xbe, 0x23, 0xbe, 0x23, 0xbe, 0x23, 0xbe, 0x23, 0xbe, 0x23,
  0xbe, 0x23, 0xbe, 0x23, 0xbe, 0x23, 0xbe, 0x23, 0xbe, 0x23, 0xbe, 0x23,
  0xbe, 0x23, 0xbe, 0x23, 0xbe, 0x23, 0xbe, 0x23, 0xbe, 0x23, 0xbe, 0x23,
  0xbe, 0x23, 0xbe, 0x23, 0xbe, 0x23, 0xbe, 0x23, 0xbe, 0x23, 0xbe, 0x23,
  0xbe, 0x23, 0xbe, 0x23, 0xbe, 0x23, 0xbe, 0x23, 0xbe, 0x23, 0xbe, 0x23,
  0xbe, 0x23, 0xbe, 0x23, 0xbe, 0x23, 0xbe, 0x23, 0xbe, 0x23, 0xbe, 0x23,
  0xbe, 0x23, 0xbe, 0x23, 0xbe, 0x23, 0xbe, 0x23, 0xbe, 0x23, 0xbe, 0x23,
  0xbe, 0x23, 0xbe, 0x23, 0xbe, 0x23, 0xbe, 0x23, 0xbe, 0x23, 0xbe, 0x23,
  0xbe, 0x23, 0xbe, 0x23, 0xbe, 0x23, 0xbe, 0x23, 0xbe, 0x23, 0xbe, 0x23,
  0xbe, 0x23, 0xbe, 0x23, 0xbe, 0x23, 0xbe, 0x23, 0xbe, 0x23, 0xbe, 0x23,
  0xbe, 0x23, 0xbe, 0x23, 0xbe, 0x23, 0xbe, 0x23, 0xbe, 0x23, 0xbe, 0x23,
  0xbe, 0x23, 0xbe, 0x23, 0xbe, 0x23, 0xbe, 0x23, 0xbe, 0x23, 0xbe, 0x23,
  0xbe, 0x23, 0xbe, 0x23, 0xbe, 0x23, 0xbe, 0x23, 0xbe, 0x23, 0xbe, 0x23,
  0xbe, 0x23, 0xbe, 0x23, 0xbe, 0x23, 0xbe, 0x23, 0xbe, 0x23, 0xbe, 0x23,
  0xbe, 0x23, 0xbe, 0x23, 0xbe, 0x23, 0xbe, 0x23, 0xbe, 0x23, 0xbe, 0x23,
  0xbe, 0x23, 0xbe, 0x23, 0xbe, 0x23, 0xbe, 0x23, 0xbe, 0x23, 0xbe, 0x23,
  0xbe, 0x23, 0xbe, 0x23, 0xbe, 0x23, 0xbe, 0x23, 0xbe, 0x23, 0xbe, 0x23,
  0xbe, 0x23, 0xbe, 0x23, 0xbe, 0x23, 0xbe, 0x23, 0xbe, 0x23, 0xbe, 0x23,
  0xbe, 0x23, 0xbe, 0x23, 0xbe, 0x23, 0xbe, 0x23, 0xbe, 0x23, 0xbe, 0x23,
  0xbe, 0x23, 0xbe, 0x23, 0xbe, 0x23, 0xbe, 0x23, 0xbe, 0x23, 0xbe, 0x23,
  0xbe, 0x23, 0xbe, 0x23, 0xbe, 0x23, 0xbe, 0x23, 0xbe, 0x23, 0xbe, 0x23,
  0xbe, 0x23, 0xbe, 0x23, 0xbe, 0x23, 0xbe, 0x23, 0xbe, 0x23, 0xbe, 0x23,
  0xdf, 0x23, 0x5b, 0x1f, 0xbe, 0x23, 0x95, 0x16, 0x19, 0x1b, 0xbf, 0x23,
  0x19, 0x1b, 0x3a, 0x1f, 0x19, 0x1b, 0xbe, 0x23, 0xbf, 0x23, 0xbe, 0x23,
  0xbe, 0x23, 0xbe, 0x23, 0xbe, 0x23, 0xbe, 0x23, 0xbe, 0x23, 0xbe, 0x23,
  0xbe, 0x23, 0xbe, 0x23, 0xbe, 0x23, 0xbe, 0x23, 0xbe, 0x23, 0xbe, 0x23,
  0xbe, 0x23, 0xbe, 0x23, 0xbe, 0x23, 0xbe, 0x23, 0xbe, 0x23, 0xbe, 0x23,
  0xbe, 0x23, 0xbe, 0x23, 0xbe, 0x23, 0xbe, 0x23, 0xbe, 0x23, 0xbe, 0x23,
  0xbe, 0x23, 0xbe, 0x23, 0xbe, 0x23, 0xbe, 0x23, 0xbe, 0x23, 0xbe, 0x23,
  0xbe, 0x23, 0xbe, 0x23, 0xbe, 0x23, 0xbe, 0x23, 0xbe, 0x23, 0xbe, 0x23,
  0xbe, 0x23, 0xbe, 0x23, 0xbe, 0x23, 0xbe, 0x23, 0xbe, 0x23, 0xbe, 0x23,
  0xbe, 0x23, 0xbe, 0x23, 0xbe, 0x23, 0xbe, 0x23, 0xbe, 0x23, 0xbe, 0x23,
  0xbe, 0x23, 0xbe, 0x23, 0xbe, 0x23, 0xbe, 0x23, 0xbe, 0x23, 0xbe, 0x23,
  0xbe, 0x23, 0xbe, 0x23, 0xbe, 0x23, 0xbe, 0x23, 0xbe, 0x23, 0xbe, 0x23,
  0xbe, 0x23, 0xbe, 0x23, 0xbe, 0x23, 0xbe, 0x23, 0xbe, 0x23, 0xbe, 0x23,
  0xbe, 0x23, 0xbe, 0x23, 0xbe, 0x23, 0xbe, 0x23, 0xbe, 0x23, 0xbe, 0x23,
  0xbe, 0x23, 0xbe, 0x23, 0xbe, 0x23, 0xbe, 0x23, 0xbe, 0x23, 0xbe, 0x23,
  0xbe, 0x23, 0xbe, 0x23, 0xbe, 0x23, 0xbe, 0x23, 0xbe, 0x23, 0xbe, 0x23,
  0xbe, 0x23, 0xbe, 0x23, 0xbe, 0x23, 0xbe, 0x23, 0xbe, 0x23, 0xbe, 0x23,
  0xbe, 0x23, 0xbe, 0x23, 0xbe, 0x23, 0xbe, 0x23, 0xbe, 0x23, 0xbe, 0x23,
  0xbe, 0x23, 0xbe, 0x23, 0xbe, 0x23, 0xbe, 0x23, 0xbe, 0x23, 0xbe, 0x23,
  0xbe, 0x23, 0xbe, 0x23, 0xbe, 0x23, 0xbe, 0x23, 0xbe, 0x23, 0xbe, 0x23,
  0xbe, 0x23, 0xbe, 0x23, 0xbe, 0x23, 0xbe, 0x23, 0xbe, 0x23, 0xbe, 0x23,
  0xbe, 0x23, 0xbe, 0x23, 0xbe, 0x23, 0xbe, 0x23, 0xbe, 0x23, 0xbe, 0x23,
  0xbe, 0x23, 0xbe, 0x23, 0xbe, 0x23, 0xbe, 0x23, 0xbe, 0x23, 0xbe, 0x23,
  0xbe, 0x23, 0xbe, 0x23, 0xbe, 0x23, 0xbe, 0x23, 0xbe, 0x23, 0xbe, 0x23,
  0xbe, 0x23, 0xbe, 0x23, 0xbe, 0x23, 0xbe, 0x23, 0xbe, 0x23, 0xbe, 0x23,
  0xbe, 0x23, 0xbe, 0x23, 0xbe, 0x23, 0xbe, 0x23, 0xbe, 0x23, 0xbe, 0x23,
  0xbe, 0x23, 0xbe, 0x23, 0xbe, 0x23, 0xbe, 0x23, 0xbe, 0x23, 0xbf, 0x23,
  0xbf, 0x23, 0x7c, 0x1f, 0xae, 0x0d, 0x5b, 0x1f, 0xbf, 0x23, 0xb6, 0x16,
  0xbf, 0x23, 0xbe, 0x23, 0xbe, 0x23, 0xbe, 0x23, 0xbe, 0x23, 0xbe, 0x23,
  0xbe, 0x23, 0xbe, 0x23, 0xbe, 0x23, 0xbe, 0x23, 0xbe, 0x23, 0xbe, 0x23,
  0xbe, 0x23, 0xbe, 0x23, 0xbe, 0x23, 0xbe, 0x23, 0xbe, 0x23, 0xbe, 0x23,
  0xbe, 0x23, 0xbe, 0x23, 0xbe, 0x23, 0xbe, 0x23, 0xbe, 0x23, 0xbe, 0x23,
  0xbe, 0x23, 0xbe, 0x23, 0xbe, 0x23, 0xbe, 0x23, 0xbe, 0x23, 0xbe, 0x23,
  0xbe, 0x23, 0xbe, 0x23, 0xbe, 0x23, 0xbe, 0x23, 0xbe, 0x23, 0xbe, 0x23,
  0xbe, 0x23, 0xbe, 0x23, 0xbe, 0x23, 0xbe, 0x23, 0xbe, 0x23, 0xbe, 0x23,
  0xbe, 0x23, 0xbe, 0x23, 0xbe, 0x23, 0xbe, 0x23, 0xbe, 0x23, 0xbe, 0x23,
  0xbe, 0x23, 0xbe, 0x23, 0xbe, 0x23, 0xbe, 0x23, 0xbe, 0x23, 0xbe, 0x23,
  0xbe, 0x23, 0xbe, 0x23, 0xbe, 0x23, 0xbe, 0x23, 0xbe, 0x23, 0xbe, 0x23,
  0xbe, 0x23, 0xbe, 0x23, 0xbe, 0x23, 0xbe, 0x23, 0xbe, 0x23, 0xbe, 0x23,
  0xbe, 0x23, 0xbe, 0x23, 0xbe, 0x23, 0xbe, 0x23, 0xbe, 0x23, 0xbe, 0x23,
  0xbe, 0x23, 0xbe, 0x23, 0xbe, 0x23, 0xbe, 0x23, 0xbe, 0x23, 0xbe, 0x23,
  0xbe, 0x23, 0xbe, 0x23, 0xbe, 0x23, 0xbe, 0x23, 0xbe, 0x23, 0xbe, 0x23,
  0xbe, 0x23, 0xbe, 0x23, 0xbe, 0x23, 0xbe, 0x23, 0xbe, 0x23, 0xbe, 0x23,
  0xbe, 0x23, 0xbe, 0x23, 0xbe, 0x23, 0xbe, 0x23, 0xbe, 0x23, 0xbe, 0x23,
  0xbe, 0x23, 0xbe, 0x23, 0xbe, 0x23, 0xbe, 0x23, 0xbe, 0x23, 0xbe, 0x23,
  0xbe, 0x23, 0xbe, 0x23, 0xbe, 0x23, 0xbe, 0x23, 0xbe, 0x23, 0xbe, 0x23,
  0xbe, 0x23, 0xbe, 0x23, 0xbe, 0x23, 0xbe, 0x23, 0xbe, 0x23, 0xbe, 0x23,
  0xbe, 0x23, 0xbe, 0x23, 0xbe, 0x23, 0xbe, 0x23, 0xbe, 0x23, 0xbe, 0x23,
  0xbe, 0x23, 0xbe, 0x23, 0xbe, 0x23, 0xbe, 0x23, 0xbe, 0x23, 0xbe, 0x23,
  0xbe, 0x23, 0xbe, 0x23, 0xbe, 0x23, 0xbe, 0x23, 0xbe, 0x23, 0xbe, 0x23,
  0xbe, 0x23, 0xbe, 0x23, 0xbe, 0x23, 0xbe, 0x23, 0xbe, 0x23, 0xbe, 0x23,
  0xbe, 0x23, 0xbe, 0x23, 0xbe, 0x23, 0xbe, 0x23, 0xbe, 0x23, 0xbe, 0x23,
  0xbe, 0x23, 0xbe, 0x23, 0xbe, 0x23, 0xbe, 0x23, 0xbe, 0x23, 0xbe, 0x23,
  0xbe, 0x23, 0xbe, 0x23, 0xbe, 0x23, 0xbe, 0x23, 0xbe, 0x23, 0xdf, 0x23,
  0x7c, 0x1f, 0x6b, 0x09, 0x53, 0x12, 0x74, 0x16, 0x5b, 0x1f, 0xbf, 0x23,
  0xbe, 0x23, 0xbe, 0x23, 0xbe, 0x23, 0xbe, 0x23, 0xbe, 0x23, 0xbe, 0x23,
  0xbe, 0x23, 0xbe, 0x23, 0xbe, 0x23, 0xbe, 0x23, 0xbe, 0x23, 0xbe, 0x23,
  0xbe, 0x23, 0xbe, 0x23, 0xbe, 0x23, 0xbe, 0x23, 0xbe, 0x23, 0xbe, 0x23,
  0xbe, 0x23, 0xbe, 0x23, 0xbe, 0x23, 0xbe, 0x23, 0xbe, 0x23, 0xbe, 0x23,
  0xbe, 0x23, 0xbe, 0x23, 0xbe, 0x23, 0xbe, 0x23, 0xbe, 0x23, 0xbe, 0x23,
  0xbe, 0x23, 0xbe, 0x23, 0xbe, 0x23, 0xbe, 0x23, 0xbe, 0x23, 0xbe, 0x23,
  0xbe, 0x23, 0xbe, 0x23, 0xbe, 0x23, 0xbe, 0x23, 0xbe, 0x23, 0xbe, 0x23,
  0xbe, 0x23, 0xbe, 0x23, 0xbe, 0x23, 0xbe, 0x23, 0xbe, 0x23, 0xbe, 0x23,
  0xbe, 0x23, 0xbe, 0x23, 0xbe, 0x23, 0xbe, 0x23, 0xbe, 0x23, 0xbe, 0x23,
  0xbe, 0x23, 0xbe, 0x23, 0xbe, 0x23, 0xbe, 0x23, 0xbe, 0x23, 0xbe, 0x23,
  0xbe, 0x23, 0xbe, 0x23, 0xbe, 0x23, 0xbe, 0x23, 0xbe, 0x23, 0xbe, 0x23,
  0xbe, 0x23, 0xbe, 0x23, 0xbe, 0x23, 0xbe, 0x23, 0xbe, 0x23, 0xbe, 0x23,
  0xbe, 0x23, 0xbe, 0x23, 0xbe, 0x23, 0xbe, 0x23, 0xbe, 0x23, 0xbe, 0x23,
  0xbe, 0x23, 0xbe, 0x23, 0xbe, 0x23, 0xbe, 0x23, 0xbe, 0x23, 0xbe, 0x23,
  0xbe, 0x23, 0xbe, 0x23, 0xbe, 0x23, 0xbe, 0x23, 0xbe, 0x23, 0xbe, 0x23,
  0xbe, 0x23, 0xbe, 0x23, 0xbe, 0x23, 0xbe, 0x23, 0xbe, 0x23, 0xbe, 0x23,
  0xbe, 0x23, 0xbe, 0x23, 0xbe, 0x23, 0xbe, 0x23, 0xbe, 0x23, 0xbe, 0x23,
  0xbe, 0x23, 0xbe, 0x23, 0xbe, 0x23, 0xbe, 0x23, 0xbe, 0x23, 0xbe, 0x23,
  0xbe, 0x23, 0xbe, 0x23, 0xbe, 0x23, 0xbe, 0x23, 0xbe, 0x23, 0xbe, 0x23,
  0xbe, 0x23, 0xbe, 0x23, 0xbe, 0x23, 0xbe, 0x23, 0xbe, 0x23, 0xbe, 0x23,
  0xbe, 0x23, 0xbe, 0x23, 0xbe, 0x23, 0xbe, 0x23, 0xbe, 0x23, 0xbe, 0x23,
  0xbe, 0x23, 0xbe, 0x23, 0xbe, 0x23, 0xbe, 0x23, 0xbe, 0x23, 0xbe, 0x23,
  0xbe, 0x23, 0xbe, 0x23, 0xbe, 0x23, 0xbe, 0x23, 0xbe, 0x23, 0xbe, 0x23,
  0xbe, 0x23, 0xbe, 0x23, 0xbe, 0x23, 0xbe, 0x23, 0xbe, 0x23, 0xbe, 0x23,
  0xbe, 0x23, 0xbe, 0x23, 0xbe, 0x23, 0xbe, 0x23, 0xbe, 0x23, 0xbe, 0x23,
  0xbe, 0x23, 0xbe, 0x23, 0xbe, 0x23, 0xbe, 0x23, 0xbf, 0x23, 0x7c, 0x1f,
  0x3a, 0x1f, 0x3a, 0x1f, 0x9e, 0x23, 0xbe, 0x23, 0xbe, 0x23, 0xbe, 0x23,
  0xbe, 0x23, 0xbe, 0x23, 0xbe, 0x23, 0xbe, 0x23, 0xbe, 0x23, 0xbe, 0x23,
  0xbe, 0x23, 0xbe, 0x23, 0xbe, 0x23, 0xbe, 0x23, 0xbe, 0x23, 0xbe, 0x23,
  0xbe, 0x23, 0xbe, 0x23, 0xbe, 0x23, 0xbe, 0x23, 0xbe, 0x23, 0xbe, 0x23,
  0xbe, 0x23, 0xbe, 0x23, 0xbe, 0x23, 0xbe, 0x23, 0xbe, 0x23, 0xbe, 0x23,
  0xbe, 0x23, 0xbe, 0x23, 0xbe, 0x23, 0xbe, 0x23, 0xbe, 0x23, 0xbe, 0x23,
  0xbe, 0x23, 0xbe, 0x23, 0xbe, 0x23, 0xbe, 0x23, 0xbe, 0x23, 0xbe, 0x23,
  0xbe, 0x23, 0xbe, 0x23, 0xbe, 0x23, 0xbe, 0x23, 0xbe, 0x23, 0xbe, 0x23,
  0xbe, 0x23, 0xbe, 0x23, 0xbe, 0x23, 0xbe, 0x23, 0xbe, 0x23, 0xbe, 0x23,
  0xbe, 0x23, 0xbe, 0x23, 0xbe, 0x23, 0xbe, 0x23, 0xbe, 0x23, 0xbe, 0x23,
  0xbe, 0x23, 0xbe, 0x23, 0xbe, 0x23, 0xbe, 0x23, 0xbe, 0x23, 0xbe, 0x23,
  0xbe, 0x23, 0xbe, 0x23, 0xbe, 0x23, 0xbe, 0x23, 0xbe, 0x23, 0xbe, 0x23,
  0xbe, 0x23, 0xbe, 0x23, 0xbe, 0x23, 0xbe, 0x23, 0xbe, 0x23, 0xbe, 0x23,
  0xbe, 0x23, 0xbe, 0x23, 0xbe, 0x23, 0xbe, 0x23, 0xbe, 0x23, 0xbe, 0x23,
  0xbe, 0x23, 0xbe, 0x23, 0xbe, 0x23, 0xbe, 0x23, 0xbe, 0x23, 0xbe, 0x23,
  0xbe, 0x23, 0xbe, 0x23, 0xbe, 0x23, 0xbe, 0x23, 0xbe, 0x23, 0xbe, 0x23,
  0xbe, 0x23, 0xbe, 0x23, 0xbe, 0x23, 0xbe, 0x23, 0xbe, 0x23, 0xbe, 0x23,
  0xbe, 0x23, 0xbe, 0x23, 0xbe, 0x23, 0xbe, 0x23, 0xbe, 0x23, 0xbe, 0x23,
  0xbe, 0x23, 0xbe, 0x23, 0xbe, 0x23, 0xbe, 0x23, 0xbe, 0x23, 0xbe, 0x23,
  0xbe, 0x23, 0xbe, 0x23, 0xbe, 0x23, 0xbe, 0x23, 0xbe, 0x23, 0xbe, 0x23,
  0xbe, 0x23, 0xbe, 0x23, 0xbe, 0x23, 0xbe, 0x23, 0xbe, 0x23, 0xbe, 0x23,
  0xbe, 0x23, 0xbe, 0x23, 0xbe, 0x23, 0xbe, 0x23, 0xbe, 0x23, 0xbe, 0x23,
  0xbe, 0x23, 0xbe, 0x23, 0xbe, 0x23, 0xbe, 0x23, 0xbe, 0x23, 0xbe, 0x23,
  0xbe, 0x23, 0xbe, 0x23, 0xbe, 0x23, 0xbe, 0x23, 0xbe, 0x23, 0xbe, 0x23,
  0xbe, 0x23, 0xbe, 0x23, 0xbe, 0x23, 0xbe, 0x23, 0xbe, 0x23, 0xbe, 0x23,
  0xbe, 0x23, 0xbe, 0x23, 0xbe, 0x23, 0xbe, 0x23, 0xbe, 0x23, 0xbe, 0x23,
  0xbe, 0x23, 0xbe, 0x23, 0xbe, 0x23, 0xbf, 0x23, 0xbf, 0x23, 0xbf, 0x23,
  0xbe, 0x23, 0xbe, 0x23, 0xbe, 0x23, 0xbe, 0x23, 0xbe, 0x23, 0xbe, 0x23,
  0xbe, 0x23, 0xbe, 0x23, 0xbe, 0x23, 0xbe, 0x23, 0xbe, 0x23, 0xbe, 0x23,
  0xbe, 0x23, 0xbe, 0x23, 0xbe, 0x23, 0xbe, 0x23, 0xbe, 0x23, 0xbe, 0x23,
  0xbe, 0x23, 0xbe, 0x23, 0xbe, 0x23, 0xbe, 0x23, 0xbe, 0x23, 0xbe, 0x23,
  0xbe, 0x23, 0xbe, 0x23, 0xbe, 0x23, 0xbe, 0x23, 0xbe, 0x23, 0xbe, 0x23,
  0xbe, 0x23, 0xbe, 0x23, 0xbe, 0x23, 0xbe, 0x23, 0xbe, 0x23, 0xbe, 0x23,
  0xbe, 0x23, 0xbe, 0x23, 0xbe, 0x23, 0xbe, 0x23, 0xbe, 0x23, 0xbe, 0x23,
  0xbe, 0x23, 0xbe, 0x23, 0xbe, 0x23, 0xbe, 0x23, 0xbe, 0x23, 0xbe, 0x23,
  0xbe, 0x23, 0xbe, 0x23, 0xbe, 0x23, 0xbe, 0x23, 0xbe, 0x23, 0xbe, 0x23,
  0xbe, 0x23, 0xbe, 0x23, 0xbe, 0x23, 0xbe, 0x23, 0xbe, 0x23, 0xbe, 0x23,
  0xbe, 0x23, 0xbe, 0x23, 0xbe, 0x23, 0xbe, 0x23, 0xbe, 0x23, 0xbe, 0x23,
  0xbe, 0x23, 0xbe, 0x23, 0xbe, 0x23, 0xbe, 0x23, 0xbe, 0x23, 0xbe, 0x23,
  0xbe, 0x23, 0xbe, 0x23, 0xbe, 0x23, 0xbe, 0x23, 0xbe, 0x23, 0xbe, 0x23,
  0xbe, 0x23, 0xbe, 0x23, 0xbe, 0x23, 0xbe, 0x23, 0xbe, 0x23, 0xbe, 0x23,
  0xbe, 0x23, 0xbe, 0x23, 0xbe, 0x23, 0xbe, 0x23, 0xbe, 0x23, 0xbe, 0x23,
  0xbe, 0x23, 0xbe, 0x23, 0xbe, 0x23, 0xbe, 0x23, 0xbe, 0x23, 0xbe, 0x23,
  0xbe, 0x23, 0xbe, 0x23, 0xbe, 0x23, 0xbe, 0x23, 0xbe, 0x23, 0xbe, 0x23,
  0xbe, 0x23, 0xbe, 0x23, 0xbe, 0x23, 0xbe, 0x23, 0xbe, 0x23, 0xbe, 0x23,
  0xbe, 0x23, 0xbe, 0x23, 0xbe, 0x23, 0xbe, 0x23, 0xbe, 0x23, 0xbe, 0x23,
  0xbe, 0x23, 0xbe, 0x23, 0xbe, 0x23, 0xbe, 0x23, 0xbe, 0x23, 0xbe, 0x23,
  0xbe, 0x23, 0xbe, 0x23, 0xbe, 0x23, 0xbe, 0x23, 0xbe, 0x23, 0xbe, 0x23,
  0xbe, 0x23, 0xbe, 0x23, 0xbe, 0x23, 0xbe, 0x23, 0xbe, 0x23, 0xbe, 0x23,
  0xbe, 0x23, 0xbe, 0x23, 0xbe, 0x23, 0xbe, 0x23, 0xbe, 0x23, 0xbe, 0x23,
  0xbe, 0x23, 0xbe, 0x23, 0xbe, 0x23, 0xbe, 0x23, 0xbe, 0x23, 0xbe, 0x23,
  0xbe, 0x23, 0xbe, 0x23, 0xbe, 0x23, 0xbe, 0x23, 0xbe, 0x23, 0xbe, 0x23,
  0xbe, 0x23, 0xbe, 0x23, 0xbe, 0x23, 0xbe, 0x23, 0xbe, 0x23, 0xbe, 0x23,
  0xbe, 0x23, 0xbe, 0x23, 0xbe, 0x23, 0xbe, 0x23, 0xbe, 0x23, 0xbe, 0x23,
  0xbe, 0x23, 0xbe, 0x23, 0xbe, 0x23, 0xbe, 0x23, 0xbe, 0x23, 0xbe, 0x23,
  0xbe, 0x23, 0xbe, 0x23, 0xbe, 0x23, 0xbe, 0x23, 0xbe, 0x23, 0xbe, 0x23,
  0xbe, 0x23, 0xbe, 0x23, 0xbe, 0x23, 0xbe, 0x23, 0xbe, 0x23, 0xbe, 0x23,
  0xbe, 0x23, 0xbe, 0x23, 0xbe, 0x23, 0xbe, 0x23, 0xbe, 0x23, 0xbe, 0x23,
  0xbe, 0x23, 0xbe, 0x23, 0xbe, 0x23, 0xbe, 0x23, 0xbe, 0x23, 0xbe, 0x23,
  0xbe, 0x23, 0xbe, 0x23, 0xbe, 0x23, 0xbe, 0x23, 0xbe, 0x23, 0xbe, 0x23,
  0xbe, 0x23, 0xbe, 0x23, 0xbe, 0x23, 0xbe, 0x23, 0xbe, 0x23, 0xbe, 0x23,
  0xbe, 0x23, 0xbe, 0x23, 0xbe, 0x23, 0xbe, 0x23, 0xbe, 0x23, 0xbe, 0x23,
  0xbe, 0x23, 0xbe, 0x23, 0xbe, 0x23, 0xbe, 0x23, 0xbe, 0x23, 0xbe, 0x23,
  0xbe, 0x23, 0xbe, 0x23, 0xbe, 0x23, 0xbe, 0x23, 0xbe, 0x23, 0xbe, 0x23,
  0xbe, 0x23, 0xbe, 0x23, 0xbe, 0x23, 0xbe, 0x23, 0xbe, 0x23, 0xbe, 0x23,
  0xbe, 0x23, 0xbe, 0x23, 0xbe, 0x23, 0xbe, 0x23, 0xbe, 0x23, 0xbe, 0x23,
  0xbe, 0x23, 0xbe, 0x23, 0xbe, 0x23, 0xbe, 0x23, 0xbe, 0x23, 0xbe, 0x23,
  0xbe, 0x23, 0xbe, 0x23, 0xbe, 0x23, 0xbe, 0x23, 0xbe, 0x23, 0xbe, 0x23,
  0xbe, 0x23, 0xbe, 0x23, 0xbe, 0x23, 0xbe, 0x23, 0xbe, 0x23, 0xbe, 0x23,
  0xbe, 0x23, 0xbe, 0x23, 0xbe, 0x23, 0xbe, 0x23, 0xbe, 0x23, 0xbe, 0x23,
  0xbe, 0x23, 0xbe, 0x23, 0xbe, 0x23, 0xbe, 0x23, 0xbe, 0x23, 0xbe, 0x23,
  0xbe, 0x23, 0xbe, 0x23, 0xbe, 0x23, 0xbe, 0x23, 0xbe, 0x23, 0xbe, 0x23,
  0xbe, 0x23, 0xbe, 0x23, 0xbe, 0x23, 0xbe, 0x23, 0xbe, 0x23, 0xbe, 0x23,
  0xbe, 0x23, 0xbe, 0x23, 0xbe, 0x23, 0xbe, 0x23, 0xbe, 0x23, 0xbe, 0x23,
  0xbe, 0x23, 0xbe, 0x23, 0xbe, 0x23, 0xbe, 0x23, 0xbe, 0x23, 0xbe, 0x23,
  0xbe, 0x23, 0xbe, 0x23, 0xbe, 0x23, 0xbe, 0x23, 0xbe, 0x23, 0xbe, 0x23,
  0xbe, 0x23, 0xbe, 0x23, 0xbe, 0x23, 0xbe, 0x23, 0xbe, 0x23, 0xbe, 0x23,
  0xbe, 0x23, 0xbe, 0x23, 0xbe, 0x23, 0xbe, 0x23, 0xbe, 0x23, 0xbe, 0x23,
  0xbe, 0x23, 0xbe, 0x23, 0xbe, 0x23, 0xbe, 0x23, 0xbe, 0x23, 0xbe, 0x23,
  0xbe, 0x23, 0xbe, 0x23, 0xbe, 0x23, 0xbe, 0x23, 0xbe, 0x23, 0xbe, 0x23,
  0xbe, 0x23, 0xbe, 0x23, 0xbe, 0x23, 0xbe, 0x23, 0xbe, 0x23, 0xbe, 0x23,
  0xbe, 0x23, 0xbe, 0x23, 0xbe, 0x23, 0xbe, 0x23, 0xbe, 0x23, 0xbe, 0x23,
  0xbe, 0x23, 0xbe, 0x23, 0xbe, 0x23, 0xbe, 0x23, 0xbe, 0x23, 0xbe, 0x23,
  0xbe, 0x23, 0xbe, 0x23, 0xbe, 0x23, 0xbe, 0x23, 0xbe, 0x23, 0xbe, 0x23,
  0xbe, 0x23, 0xbe, 0x23, 0xbe, 0x23, 0xbe, 0x23, 0xbe, 0x23, 0xbe, 0x23,
  0xbe, 0x23, 0xbe, 0x23, 0xbe, 0x23, 0xbe, 0x23, 0xbe, 0x23, 0xbe, 0x23,
  0xbe, 0x23, 0xbe, 0x23, 0xbe, 0x23, 0xbe, 0x23, 0xbe, 0x23, 0xbe, 0x23,
  0xbe, 0x23, 0xbe, 0x23, 0xbe, 0x23, 0xbe, 0x23, 0xbe, 0x23, 0xbe, 0x23,
  0xbe, 0x23, 0xbe, 0x23, 0xbe, 0x23, 0xbe, 0x23, 0xbe, 0x23, 0xbe, 0x23,
  0xbe, 0x23, 0xbe, 0x23, 0xbe, 0x23, 0xbe, 0x23, 0xbe, 0x23, 0xbe, 0x23,
  0xbe, 0x23, 0xbe, 0x23, 0xbe, 0x23, 0xbe, 0x23, 0xbe, 0x23, 0xbe, 0x23,
  0xbe, 0x23, 0xbe, 0x23, 0xbe, 0x23, 0xbe, 0x23, 0xbe, 0x23, 0xbe, 0x23,
  0xbe, 0x23, 0xbe, 0x23, 0xbe, 0x23, 0xbe, 0x23, 0xbe, 0x23, 0xbe, 0x23,
  0xbe, 0x23, 0xbe, 0x23, 0xbe, 0x23, 0xbe, 0x23, 0xbe, 0x23, 0xbe, 0x23,
  0xbe, 0x23, 0xbe, 0x23, 0xbe, 0x23, 0xbe, 0x23, 0xbe, 0x23, 0xbe, 0x23,
  0xbe, 0x23, 0xbe, 0x23, 0xbe, 0x23, 0xbe, 0x23, 0xbe, 0x23, 0xbe, 0x23,
  0xbe, 0x23, 0xbe, 0x23, 0xbe, 0x23, 0xbe, 0x23, 0xbe, 0x23, 0xbe, 0x23,
  0xbe, 0x23, 0xbe, 0x23, 0xbe, 0x23, 0xbe, 0x23, 0xbe, 0x23, 0xbe, 0x23,
  0xbe, 0x23, 0xbe, 0x23, 0xbe, 0x23, 0xbe, 0x23, 0xbe, 0x23, 0xbe, 0x23,
  0xbe, 0x23, 0xbe, 0x23, 0xbe, 0x23, 0xbe, 0x23, 0xbe, 0x23, 0xbe, 0x23,
  0xbf, 0x23, 0xdf, 0x23, 0xbf, 0x23, 0xbe, 0x23, 0xbf, 0x23, 0xbf, 0x23,
  0xbf, 0x23, 0xbf, 0x23, 0xbe, 0x23, 0xbf, 0x23, 0xbe, 0x23, 0xbf, 0x23,
  0xbe, 0x23, 0xbe, 0x23, 0xbf, 0x23, 0xbf, 0x23, 0xbe, 0x23, 0xbe, 0x23,
  0xbf, 0x23, 0xbf, 0x23, 0xbf, 0x23, 0xbe, 0x23, 0xbe, 0x23, 0xbe, 0x23,
  0xbe, 0x23, 0xbe, 0x23, 0xbe, 0x23, 0xbe, 0x23, 0xdf, 0x23, 0xbf, 0x23,
  0xbe, 0x23, 0xbf, 0x23, 0xbf, 0x23, 0xbe, 0x23, 0xbf, 0x23, 0xbe, 0x23,
  0xbf, 0x23, 0xbf, 0x23, 0xbf, 0x23, 0xbe, 0x23, 0xbe, 0x23, 0xbf, 0x23,
  0xdf, 0x23, 0xbf, 0x23, 0xbe, 0x23, 0xbf, 0x23, 0xbf, 0x23, 0xbf, 0x23,
  0xbe, 0x23, 0xbf, 0x23, 0xbe, 0x23, 0xbe, 0x23, 0xbf, 0x23, 0xbe, 0x23,
  0xbf, 0x23, 0xbe, 0x23, 0xbe, 0x23, 0xbf, 0x23, 0xbe, 0x23, 0xbf, 0x23,
  0xbf, 0x23, 0xbf, 0x23, 0xbe, 0x23, 0xbf, 0x23, 0xbe, 0x23, 0xbe, 0x23,
  0xbf, 0x23, 0xbe, 0x23, 0xbf, 0x23, 0xdf, 0x23, 0xbf, 0x23, 0xbe, 0x23,
  0xbe, 0x23, 0xbf, 0x23, 0xbf, 0x23, 0xbf, 0x23, 0xbe, 0x23, 0xbe, 0x23,
  0xbe, 0x23, 0xbe, 0x23, 0xbe, 0x23, 0xbe, 0x23, 0xbe, 0x23, 0xbe, 0x23,
  0xbe, 0x23, 0xbe, 0x23, 0xbe, 0x23, 0xbe, 0x23, 0xbe, 0x23, 0xbe, 0x23,
  0xbe, 0x23, 0xbe, 0x23, 0xbe, 0x23, 0xbe, 0x23, 0xbe, 0x23, 0xbe, 0x23,
  0xbe, 0x23, 0xbe, 0x23, 0xbe, 0x23, 0xbe, 0x23, 0xbe, 0x23, 0xbe, 0x23,
  0xbe, 0x23, 0xbe, 0x23, 0xbe, 0x23, 0xbe, 0x23, 0xbe, 0x23, 0xbe, 0x23,
  0xbe, 0x23, 0xbe, 0x23, 0xbe, 0x23, 0xbe, 0x23, 0xbe, 0x23, 0xbe, 0x23,
  0xbe, 0x23, 0xbe, 0x23, 0xbe, 0x23, 0xbe, 0x23, 0xbe, 0x23, 0xbe, 0x23,
  0xbe, 0x23, 0xbe, 0x23, 0xbe, 0x23, 0xbe, 0x23, 0xbe, 0x23, 0xbe, 0x23,
  0xbe, 0x23, 0xbe, 0x23, 0xbe, 0x23, 0xbe, 0x23, 0xbe, 0x23, 0xbe, 0x23,
  0xbe, 0x23, 0xbe, 0x23, 0xbe, 0x23, 0xbe, 0x23, 0xbe, 0x23, 0xbe, 0x23,
  0xbe, 0x23, 0xbe, 0x23, 0xbe, 0x23, 0xbe, 0x23, 0xbe, 0x23, 0xbe, 0x23,
  0xbe, 0x23, 0xbe, 0x23, 0xbe, 0x23, 0xbe, 0x23, 0xbe, 0x23, 0xbe, 0x23,
  0xbe, 0x23, 0xbe, 0x23, 0xbe, 0x23, 0xbe, 0x23, 0xbe, 0x23, 0xbe, 0x23,
  0xbe, 0x23, 0xbe, 0x23, 0xbe, 0x23, 0xbf, 0x23, 0xf8, 0x1a, 0x53, 0x12,
  0x95, 0x16, 0x9e, 0x23, 0xd7, 0x16, 0x95, 0x16, 0x95, 0x16, 0x19, 0x1b,
  0x7c, 0x1f, 0x5b, 0x1f, 0xdf, 0x23, 0x3a, 0x1f, 0x7c, 0x1f, 0x7c, 0x1f,
  0x95, 0x16, 0x95, 0x16, 0x7c, 0x1f, 0xbe, 0x23, 0xf8, 0x1a, 0x95, 0x16,
  0xd7, 0x1a, 0xbe, 0x23, 0xbe, 0x23, 0xbe, 0x23, 0xbe, 0x23, 0xbe, 0x23,
  0xbf, 0x23, 0x3a, 0x1f, 0x74, 0x16, 0x74, 0x16, 0x7c, 0x1f, 0x19, 0x1b,
  0x7c, 0x1f, 0xdf, 0x23, 0x19, 0x1b, 0xbe, 0x23, 0x3a, 0x1b, 0x95, 0x16,
  0xb6, 0x16, 0x9e, 0x23, 0xbe, 0x23, 0xd7, 0x16, 0x53, 0x12, 0xb6, 0x16,
  0xbe, 0x23, 0x95, 0x16, 0x95, 0x16, 0xb6, 0x16, 0xbe, 0x23, 0x3b, 0x1f,
  0x7c, 0x1f, 0xdf, 0x23, 0x19, 0x1b, 0x9d, 0x1f, 0xf8, 0x1a, 0xbe, 0x23,
  0x7c, 0x1f, 0x19, 0x1b, 0x7c, 0x1f, 0x74, 0x16, 0x95, 0x16, 0x95, 0x16,
  0x9d, 0x23, 0xf8, 0x1a, 0xbe, 0x23, 0xbe, 0x23, 0x19, 0x1b, 0xdf, 0x23,
  0x19, 0x1b, 0x73, 0x12, 0x95, 0x16, 0x9d, 0x1f, 0x7c, 0x1f, 0x95, 0x16,
  0x95, 0x16, 0x7c, 0x1f, 0xbf, 0x23, 0xbe, 0x23, 0xbe, 0x23, 0xbe, 0x23,
  0xbe, 0x23, 0xbe, 0x23, 0xbe, 0x23, 0xbe, 0x23, 0xbe, 0x23, 0xbe, 0x23,
  0xbe, 0x23, 0xbe, 0x23, 0xbe, 0x23, 0xbe, 0x23, 0xbe, 0x23, 0xbe, 0x23,
  0xbe, 0x23, 0xbe, 0x23, 0xbe, 0x23, 0xbe, 0x23, 0xbe, 0x23, 0xbe, 0x23,
  0xbe, 0x23, 0xbe, 0x23, 0xbe, 0x23, 0xbe, 0x23, 0xbe, 0x23, 0xbe, 0x23,
  0xbe, 0x23, 0xbe, 0x23, 0xbe, 0x23, 0xbe, 0x23, 0xbe, 0x23, 0xbe, 0x23,
  0xbe, 0x23, 0xbe, 0x23, 0xbe, 0x23, 0xbe, 0x23, 0xbe, 0x23, 0xbe, 0x23,
  0xbe, 0x23, 0xbe, 0x23, 0xbe, 0x23, 0xbe, 0x23, 0xbe, 0x23, 0xbe, 0x23,
  0xbe, 0x23, 0xbe, 0x23, 0xbe, 0x23, 0xbe, 0x23, 0xbe, 0x23, 0xbe, 0x23,
  0xbe, 0x23, 0xbe, 0x23, 0xbe, 0x23, 0xbe, 0x23, 0xbe, 0x23, 0xbe, 0x23,
  0xbe, 0x23, 0xbe, 0x23, 0xbe, 0x23, 0xbe, 0x23, 0xbe, 0x23, 0xbe, 0x23,
  0xbe, 0x23, 0xbe, 0x23, 0xbe, 0x23, 0xbe, 0x23, 0xbe, 0x23, 0xbe, 0x23,
  0xbe, 0x23, 0xbe, 0x23, 0xbe, 0x23, 0xbe, 0x23, 0xbe, 0x23, 0xbe, 0x23,
  0xbe, 0x23, 0xbe, 0x23, 0xbe, 0x23, 0xbe, 0x23, 0xbe, 0x23, 0xbe, 0x23,
  0xbe, 0x23, 0xbe, 0x23, 0xbe, 0x23, 0x94, 0x16, 0x7c, 0x1f, 0xbe, 0x23,
  0x74, 0x16, 0x7c, 0x1f, 0x9d, 0x1f, 0xbe, 0x23, 0x7c, 0x1f, 0xd7, 0x1a,
  0x9e, 0x23, 0xd7, 0x16, 0x9d, 0x1f, 0x95, 0x16, 0x9e, 0x23, 0x9e, 0x23,
  0xb6, 0x16, 0x5c, 0x1f, 0xd7, 0x16, 0x9d, 0x1f, 0x5b, 0x1f, 0x7d, 0x1f,
  0xbf, 0x23, 0xbe, 0x23, 0xbe, 0x23, 0xbe, 0x23, 0xbe, 0x23, 0xbe, 0x23,
  0xd7, 0x1a, 0x3a, 0x1b, 0xdf, 0x23, 0x95, 0x16, 0x94, 0x16, 0x9d, 0x1f,
  0x95, 0x16, 0x7c, 0x1f, 0x95, 0x16, 0x9d, 0x1f, 0x5b, 0x1f, 0x7c, 0x1f,
  0xbf, 0x23, 0x9e, 0x23, 0x74, 0x16, 0x9e, 0x23, 0x9d, 0x23, 0x95, 0x16,
  0xbf, 0x23, 0x5c, 0x1f, 0xd7, 0x1a, 0x19, 0x1b, 0x5b, 0x1f, 0xdf, 0x23,
  0xb6, 0x16, 0x7c, 0x1f, 0x32, 0x12, 0xd7, 0x16, 0x95, 0x16, 0xb6, 0x16,
  0x3a, 0x1b, 0xf8, 0x1a, 0x9d, 0x1f, 0x9e, 0x23, 0xbe, 0x23, 0x32, 0x12,
  0xd7, 0x1a, 0x9d, 0x1f, 0x95, 0x16, 0xbf, 0x23, 0xbe, 0x23, 0x95, 0x16,
  0x5c, 0x1f, 0xbf, 0x23, 0x95, 0x16, 0x7c, 0x1f, 0x7c, 0x1f, 0x3a, 0x1f,
  0xbe, 0x23, 0xbe, 0x23, 0xbe, 0x23, 0xbe, 0x23, 0xbe, 0x23, 0xbe, 0x23,
  0xbe, 0x23, 0xbe, 0x23, 0xbe, 0x23, 0xbe, 0x23, 0xbe, 0x23, 0xbe, 0x23,
  0xbe, 0x23, 0xbe, 0x23, 0xbe, 0x23, 0xbe, 0x23, 0xbe, 0x23, 0xbe, 0x23,
  0xbe, 0x23, 0xbe, 0x23, 0xbe, 0x23, 0xbe, 0x23, 0xbe, 0x23, 0xbe, 0x23,
  0xbe, 0x23, 0xbe, 0x23, 0xbe, 0x23, 0xbe, 0x23, 0xbe, 0x23, 0xbe, 0x23,
  0xbe, 0x23, 0xbe, 0x23, 0xbe, 0x23, 0xbe, 0x23, 0xbe, 0x23, 0xbe, 0x23,
  0xbe, 0x23, 0xbe, 0x23, 0xbe, 0x23, 0xbe, 0x23, 0xbe, 0x23, 0xbe, 0x23,
  0xbe, 0x23, 0xbe, 0x23, 0xbe, 0x23, 0xbe, 0x23, 0xbe, 0x23, 0xbe, 0x23,
  0xbe, 0x23, 0xbe, 0x23, 0xbe, 0x23, 0xbe, 0x23, 0xbe, 0x23, 0xbe, 0x23,
  0xbe, 0x23, 0xbe, 0x23, 0xbe, 0x23, 0xbe, 0x23, 0xbe, 0x23, 0xbe, 0x23,
  0xbe, 0x23, 0xbe, 0x23, 0xbe, 0x23, 0xbe, 0x23, 0xbe, 0x23, 0xbe, 0x23,
  0xbe, 0x23, 0xbe, 0x23, 0xbe, 0x23, 0xbe, 0x23, 0xbe, 0x23, 0xbe, 0x23,
  0xbe, 0x23, 0xbe, 0x23, 0xbe, 0x23, 0xbe, 0x23, 0xbe, 0x23, 0xbe, 0x23,
  0xbe, 0x23, 0xbe, 0x23, 0xbe, 0x23, 0xbe, 0x23, 0xbe, 0x23, 0xbe, 0x23,
  0xdf, 0x23, 0xb5, 0x16, 0x9d, 0x1f, 0xbf, 0x23, 0x32, 0x12, 0x95, 0x16,
  0x3a, 0x1f, 0xbf, 0x23, 0xdf, 0x23, 0x7c, 0x1f, 0x2a, 0x09, 0x7c, 0x1f,
  0xdf, 0x23, 0x74, 0x16, 0xf8, 0x1a, 0xf8, 0x1a, 0x74, 0x12, 0xdf, 0x23,
  0x19, 0x1b, 0x95, 0x16, 0xd6, 0x16, 0x9d, 0x23, 0xbe, 0x23, 0xbe, 0x23,
  0xbe, 0x23, 0xbe, 0x23, 0xbe, 0x23, 0xdf, 0x23, 0xf8, 0x1a, 0x5b, 0x1f,
  0xdf, 0x23, 0xb6, 0x16, 0x7c, 0x1f, 0xf8, 0x1a, 0x32, 0x12, 0xbe, 0x23,
  0x3a, 0x1f, 0x95, 0x16, 0xb6, 0x16, 0x7d, 0x1f, 0xbf, 0x23, 0xbe, 0x23,
  0x95, 0x16, 0xbe, 0x23, 0x9e, 0x23, 0x32, 0x12, 0xf8, 0x1a, 0xd7, 0x1a,
  0x3a, 0x1f, 0x19, 0x1b, 0x5b, 0x1f, 0xdf, 0x23, 0xb6, 0x16, 0x7c, 0x1f,
  0xb6, 0x16, 0x9d, 0x23, 0x7c, 0x1f, 0xd7, 0x1a, 0x3a, 0x1f, 0x31, 0x12,
  0xd7, 0x16, 0xbe, 0x23, 0xbe, 0x23, 0x95, 0x16, 0x7c, 0x1f, 0xb6, 0x16,
  0x94, 0x16, 0xdf, 0x23, 0xdf, 0x23, 0xb6, 0x16, 0x7c, 0x1f, 0xbf, 0x23,
  0x7d, 0x1f, 0x95, 0x16, 0x95, 0x16, 0x3a, 0x1f, 0xbf, 0x23, 0xbe, 0x23,
  0xbe, 0x23, 0xbe, 0x23, 0xbe, 0x23, 0xbe, 0x23, 0xbe, 0x23, 0xbe, 0x23,
  0xbe, 0x23, 0xbe, 0x23, 0xbe, 0x23, 0xbe, 0x23, 0xbe, 0x23, 0xbe, 0x23,
  0xbe, 0x23, 0xbe, 0x23, 0xbe, 0x23, 0xbe, 0x23, 0xbe, 0x23, 0xbe, 0x23,
  0xbe, 0x23, 0xbe, 0x23, 0xbe, 0x23, 0xbe, 0x23, 0xbe, 0x23, 0xbe, 0x23,
  0xbe, 0x23, 0xbe, 0x23, 0xbe, 0x23, 0xbe, 0x23, 0xbe, 0x23, 0xbe, 0x23,
  0xbe, 0x23, 0xbe, 0x23, 0xbe, 0x23, 0xbe, 0x23, 0xbe, 0x23, 0xbe, 0x23,
  0xbe, 0x23, 0xbe, 0x23, 0xbe, 0x23, 0xbe, 0x23, 0xbe, 0x23, 0xbe, 0x23,
  0xbe, 0x23, 0xbe, 0x23, 0xbe, 0x23, 0xbe, 0x23, 0xbe, 0x23, 0xbe, 0x23,
  0xbe, 0x23, 0xbe, 0x23, 0xbe, 0x23, 0xbe, 0x23, 0xbe, 0x23, 0xbe, 0x23,
  0xbe, 0x23, 0xbe, 0x23, 0xbe, 0x23, 0xbe, 0x23, 0xbe, 0x23, 0xbe, 0x23,
  0xbe, 0x23, 0xbe, 0x23, 0xbe, 0x23, 0xbe, 0x23, 0xbe, 0x23, 0xbe, 0x23,
  0xbe, 0x23, 0xbe, 0x23, 0xbe, 0x23, 0xbe, 0x23, 0xbe, 0x23, 0xbe, 0x23,
  0xbe, 0x23, 0xbe, 0x23, 0xbe, 0x23, 0xbe, 0x23, 0xbe, 0x23, 0xbe, 0x23,
  0xbe, 0x23, 0xbe, 0x23, 0xbe, 0x23, 0xbe, 0x23, 0xbf, 0x23, 0x95, 0x16,
  0x9d, 0x1f, 0xbe, 0x23, 0x95, 0x16, 0xdf, 0x23, 0xdf, 0x23, 0xbf, 0x23,
  0x9e, 0x23, 0xf8, 0x1a, 0x3b, 0x1f, 0xf8, 0x1a, 0xbe, 0x23, 0x74, 0x16,
  0x3a, 0x1f, 0x3a, 0x1f, 0x74, 0x16, 0xbe, 0x23, 0x9d, 0x1f, 0xdf, 0x23,
  0x19, 0x1b, 0x1a, 0x1b, 0xdf, 0x23, 0xbe, 0x23, 0xbe, 0x23, 0xbe, 0x23,
  0xbe, 0x23, 0xdf, 0x23, 0xf8, 0x1a, 0x5b, 0x1f, 0xdf, 0x23, 0xb6, 0x16,
  0x9d, 0x1f, 0xbe, 0x23, 0x53, 0x12, 0x9e, 0x23, 0x9d, 0x1f, 0xdf, 0x23,
  0x5b, 0x1f, 0xd7, 0x1a, 0xdf, 0x23, 0xbe, 0x23, 0x95, 0x16, 0xbe, 0x23,
  0x9e, 0x23, 0x73, 0x12, 0xf8, 0x1a, 0x95, 0x16, 0xdf, 0x23, 0xf8, 0x1a,
  0x5b, 0x1f, 0xdf, 0x23, 0xb6, 0x16, 0x7c, 0x1f, 0x95, 0x16, 0xdf, 0x23,
  0x9d, 0x1f, 0xd7, 0x16, 0x3a, 0x1b, 0x3a, 0x1f, 0xdf, 0x23, 0xbf, 0x23,
  0xbe, 0x23, 0x95, 0x16, 0xbf, 0x23, 0x7c, 0x1f, 0x74, 0x16, 0xdf, 0x23,
  0xdf, 0x23, 0xb6, 0x16, 0x7c, 0x1f, 0xbf, 0x23, 0x7c, 0x1f, 0xdf, 0x23,
  0xbf, 0x23, 0x74, 0x16, 0xbf, 0x23, 0xbe, 0x23, 0xbe, 0x23, 0xbe, 0x23,
  0xbe, 0x23, 0xbe, 0x23, 0xbe, 0x23, 0xbe, 0x23, 0xbe, 0x23, 0xbe, 0x23,
  0xbe, 0x23, 0xbe, 0x23, 0xbe, 0x23, 0xbe, 0x23, 0xbe, 0x23, 0xbe, 0x23,
  0xbe, 0x23, 0xbe, 0x23, 0xbe, 0x23, 0xbe, 0x23, 0xbe, 0x23, 0xbe, 0x23,
  0xbe, 0x23, 0xbe, 0x23, 0xbe, 0x23, 0xbe, 0x23, 0xbe, 0x23, 0xbe, 0x23,
  0xbe, 0x23, 0xbe, 0x23, 0xbe, 0x23, 0xbe, 0x23, 0xbe, 0x23, 0xbe, 0x23,
  0xbe, 0x23, 0xbe, 0x23, 0xbe, 0x23, 0xbe, 0x23, 0xbe, 0x23, 0xbe, 0x23,
  0xbe, 0x23, 0xbe, 0x23, 0xbe, 0x23, 0xbe, 0x23, 0xbe, 0x23, 0xbe, 0x23,
  0xbe, 0x23, 0xbe, 0x23, 0xbe, 0x23, 0xbe, 0x23, 0xbe, 0x23, 0xbe, 0x23,
  0xbe, 0x23, 0xbe, 0x23, 0xbe, 0x23, 0xbe, 0x23, 0xbe, 0x23, 0xbe, 0x23,
  0xbe, 0x23, 0xbe, 0x23, 0xbe, 0x23, 0xbe, 0x23, 0xbe, 0x23, 0xbe, 0x23,
  0xbe, 0x23, 0xbe, 0x23, 0xbe, 0x23, 0xbe, 0x23, 0xbe, 0x23, 0xbe, 0x23,
  0xbe, 0x23, 0xbe, 0x23, 0xbe, 0x23, 0xbe, 0x23, 0xbe, 0x23, 0xbe, 0x23,
  0xbe, 0x23, 0xbe, 0x23, 0xbe, 0x23, 0xbe, 0x23, 0xbe, 0x23, 0xbe, 0x23,
  0xbe, 0x23, 0xbe, 0x23, 0xbf, 0x23, 0xd7, 0x1a, 0x9d, 0x23, 0xbf, 0x23,
  0x74, 0x16, 0x95, 0x16, 0x95, 0x16, 0x19, 0x1b, 0x5b, 0x1f, 0x1a, 0x1b,
  0xdf, 0x23, 0x19, 0x1b, 0x5c, 0x1f, 0xd7, 0x1a, 0xbe, 0x23, 0xbe, 0x23,
  0xd7, 0x16, 0xbe, 0x23, 0xd7, 0x16, 0x95, 0x16, 0xb6, 0x16, 0x9d, 0x23,
  0xbe, 0x23, 0xbe, 0x23, 0xbe, 0x23, 0xbe, 0x23, 0xbf, 0x23, 0x3a, 0x1f,
  0x31, 0x12, 0x53, 0x12, 0x7c, 0x1f, 0xf8, 0x1a, 0x9d, 0x1f, 0xbf, 0x23,
  0xd7, 0x16, 0xbe, 0x23, 0xf8, 0x1a, 0x95, 0x16, 0xb6, 0x16, 0x7d, 0x1f,
  0xbe, 0x23, 0xbe, 0x23, 0xb6, 0x16, 0xbe, 0x23, 0x9e, 0x23, 0xd7, 0x1a,
  0xdf, 0x23, 0x3a, 0x1f, 0x3a, 0x1f, 0x9d, 0x1f, 0xb6, 0x16, 0x95, 0x16,
  0xf8, 0x1a, 0xbe, 0x23, 0xd6, 0x16, 0xbf, 0x23, 0x9d, 0x1f, 0xf8, 0x1a,
  0x5b, 0x1f, 0x32, 0x12, 0x95, 0x16, 0x95, 0x16, 0x9d, 0x23, 0xd7, 0x16,
  0xbe, 0x23, 0x9e, 0x23, 0xd7, 0x1a, 0xbf, 0x23, 0xbf, 0x23, 0xf8, 0x1a,
  0x7d, 0x1f, 0xbf, 0x23, 0x3a, 0x1f, 0x95, 0x16, 0x95, 0x16, 0x3a, 0x1f,
  0xbf, 0x23, 0xbe, 0x23, 0xbe, 0x23, 0xbe, 0x23, 0xbe, 0x23, 0xbe, 0x23,
  0xbe, 0x23, 0xbe, 0x23, 0xbe, 0x23, 0xbe, 0x23, 0xbe, 0x23, 0xbe, 0x23,
  0xbe, 0x23, 0xbe, 0x23, 0xbe, 0x23, 0xbe, 0x23, 0xbe, 0x23, 0xbe, 0x23,
  0xbe, 0x23, 0xbe, 0x23, 0xbe, 0x23, 0xbe, 0x23, 0xbe, 0x23, 0xbe, 0x23,
  0xbe, 0x23, 0xbe, 0x23, 0xbe, 0x23, 0xbe, 0x23, 0xbe, 0x23, 0xbe, 0x23,
  0xbe, 0x23, 0xbe, 0x23, 0xbe, 0x23, 0xbe, 0x23, 0xbe, 0x23, 0xbe, 0x23,
  0xbe, 0x23, 0xbe, 0x23, 0xbe, 0x23, 0xbe, 0x23, 0xbe, 0x23, 0xbe, 0x23,
  0xbe, 0x23, 0xbe, 0x23, 0xbe, 0x23, 0xbe, 0x23, 0xbe, 0x23, 0xbe, 0x23,
  0xbe, 0x23, 0xbe, 0x23, 0xbe, 0x23, 0xbe, 0x23, 0xbe, 0x23, 0xbe, 0x23,
  0xbe, 0x23, 0xbe, 0x23, 0xbe, 0x23, 0xbe, 0x23, 0xbe, 0x23, 0xbe, 0x23,
  0xbe, 0x23, 0xbe, 0x23, 0xbe, 0x23, 0xbe, 0x23, 0xbe, 0x23, 0xbe, 0x23,
  0xbe, 0x23, 0xbe, 0x23, 0xbe, 0x23, 0xbe, 0x23, 0xbe, 0x23, 0xbe, 0x23,
  0xbe, 0x23, 0xbe, 0x23, 0xbe, 0x23, 0xbe, 0x23, 0xbe, 0x23, 0xbe, 0x23,
  0xbe, 0x23, 0xbe, 0x23, 0xbe, 0x23, 0xbe, 0x23, 0xbe, 0x23, 0xbe, 0x23,
  0xbe, 0x23, 0xbe, 0x23, 0xbe, 0x23, 0xbe, 0x23, 0xbe, 0x23, 0x9e, 0x23,
  0x9e, 0x23, 0xbe, 0x23, 0xbe, 0x23, 0xbe, 0x23, 0xbe, 0x23, 0xbe, 0x23,
  0xbe, 0x23, 0xbe, 0x23, 0xbe, 0x23, 0xbe, 0x23, 0xbe, 0x23, 0xbe, 0x23,
  0xbe, 0x23, 0x9e, 0x23, 0xbe, 0x23, 0xbe, 0x23, 0xbe, 0x23, 0xbe, 0x23,
  0xbe, 0x23, 0xbe, 0x23, 0xbe, 0x23, 0xbe, 0x23, 0xbe, 0x23, 0xbe, 0x23,
  0xbe, 0x23, 0xbe, 0x23, 0xbe, 0x23, 0xbe, 0x23, 0xbe, 0x23, 0xbe, 0x23,
  0xbe, 0x23, 0x9e, 0x23, 0xbe, 0x23, 0xbf, 0x23, 0xbe, 0x23, 0xbe, 0x23,
  0xbe, 0x23, 0xbe, 0x23, 0xbe, 0x23, 0xbe, 0x23, 0xbe, 0x23, 0xbe, 0x23,
  0xbe, 0x23, 0xbf, 0x23, 0xbe, 0x23, 0x9e, 0x23, 0xbe, 0x23, 0xbe, 0x23,
  0xbe, 0x23, 0xbe, 0x23, 0xbe, 0x23, 0xbe, 0x23, 0xbe, 0x23, 0xbe, 0x23,
  0x9e, 0x23, 0x9e, 0x23, 0xbe, 0x23, 0xbe, 0x23, 0xbe, 0x23, 0xbe, 0x23,
  0xbe, 0x23, 0xbe, 0x23, 0xbe, 0x23, 0xbe, 0x23, 0xbe, 0x23, 0xbe, 0x23,
  0xbf, 0x23, 0x9e, 0x23, 0x9e, 0x23, 0xbf, 0x23, 0xbe, 0x23, 0xbe, 0x23,
  0xbe, 0x23, 0xbe, 0x23, 0xbe, 0x23, 0xbe, 0x23, 0xbe, 0x23, 0xbe, 0x23,
  0xbe, 0x23, 0xbe, 0x23, 0xbe, 0x23, 0xbe, 0x23, 0xbe, 0x23, 0xbe, 0x23,
  0xbe, 0x23, 0xbe, 0x23, 0xbe, 0x23, 0xbe, 0x23, 0xbe, 0x23, 0xbe, 0x23,
  0xbe, 0x23, 0xbe, 0x23, 0xbe, 0x23, 0xbe, 0x23, 0xbe, 0x23, 0xbe, 0x23,
  0xbe, 0x23, 0xbe, 0x23, 0xbe, 0x23, 0xbe, 0x23, 0xbe, 0x23, 0xbe, 0x23,
  0xbe, 0x23, 0xbe, 0x23, 0xbe, 0x23, 0xbe, 0x23, 0xbe, 0x23, 0xbe, 0x23,
  0xbe, 0x23, 0xbe, 0x23, 0xbe, 0x23, 0xbe, 0x23, 0xbe, 0x23, 0xbe, 0x23,
  0xbe, 0x23, 0xbe, 0x23, 0xbe, 0x23, 0xbe, 0x23, 0xbe, 0x23, 0xbe, 0x23,
  0xbe, 0x23, 0xbe, 0x23, 0xbe, 0x23, 0xbe, 0x23, 0xbe, 0x23, 0xbe, 0x23,
  0xbe, 0x23, 0xbe, 0x23, 0xbe, 0x23, 0xbe, 0x23, 0xbe, 0x23, 0xbe, 0x23,
  0xbe, 0x23, 0xbe, 0x23, 0xbe, 0x23, 0xbe, 0x23, 0xbe, 0x23, 0xbe, 0x23,
  0xbe, 0x23, 0xbe, 0x23, 0xbe, 0x23, 0xbe, 0x23, 0xbe, 0x23, 0xbe, 0x23,
  0xbe, 0x23, 0xbe, 0x23, 0xbe, 0x23, 0xbe, 0x23, 0xbe, 0x23, 0xbe, 0x23,
  0xbe, 0x23, 0xbe, 0x23, 0xbe, 0x23, 0xbe, 0x23, 0xbe, 0x23, 0xbe, 0x23,
  0xbe, 0x23, 0xbe, 0x23, 0xbe, 0x23, 0xbe, 0x23, 0xbe, 0x23, 0xbe, 0x23,
  0xbe, 0x23, 0xbe, 0x23, 0xbe, 0x23, 0xbe, 0x23, 0xbe, 0x23, 0xbe, 0x23,
  0xbe, 0x23, 0xbe, 0x23, 0xbe, 0x23, 0xbe, 0x23, 0xbe, 0x23, 0xbe, 0x23,
  0xbe, 0x23, 0xbe, 0x23, 0xbe, 0x23, 0xbe, 0x23, 0xbe, 0x23, 0xbe, 0x23,
  0xbe, 0x23, 0xbe, 0x23, 0xbe, 0x23, 0xbe, 0x23, 0xbe, 0x23, 0xbe, 0x23,
  0xbe, 0x23, 0xbe, 0x23, 0xbe, 0x23, 0xbe, 0x23, 0xbe, 0x23, 0xbe, 0x23,
  0xbe, 0x23, 0xbe, 0x23, 0xbe, 0x23, 0xbe, 0x23, 0xbe, 0x23, 0xbe, 0x23,
  0xbe, 0x23, 0xbe, 0x23, 0xbe, 0x23, 0xbe, 0x23, 0xbe, 0x23, 0xbe, 0x23,
  0xbe, 0x23, 0xbe, 0x23, 0xbe, 0x23, 0xbe, 0x23, 0xbe, 0x23, 0xbe, 0x23,
  0xbe, 0x23, 0xbe, 0x23, 0xbe, 0x23, 0xbe, 0x23, 0xbe, 0x23, 0xbe, 0x23,
  0xbe, 0x23, 0xbe, 0x23, 0xbe, 0x23, 0xbe, 0x23, 0xbe, 0x23, 0xbe, 0x23,
  0xbe, 0x23, 0xbe, 0x23, 0xbe, 0x23, 0xbe, 0x23, 0xbe, 0x23, 0xbe, 0x23,
  0xbe, 0x23, 0xbe, 0x23, 0xbe, 0x23, 0xbe, 0x23, 0xbe, 0x23, 0xbe, 0x23,
  0xbe, 0x23, 0xbe, 0x23, 0xbe, 0x23, 0xbe, 0x23, 0xbe, 0x23, 0xbe, 0x23,
  0xbe, 0x23, 0xbe, 0x23, 0xbe, 0x23, 0xbe, 0x23, 0xbe, 0x23, 0xbe, 0x23,
  0xbe, 0x23, 0xbe, 0x23, 0xbe, 0x23, 0xbe, 0x23, 0xbe, 0x23, 0xbe, 0x23,
  0xbe, 0x23, 0xbe, 0x23, 0xbe, 0x23, 0xbe, 0x23, 0xbe, 0x23, 0xbe, 0x23,
  0xbe, 0x23, 0xbe, 0x23, 0xbe, 0x23, 0xbe, 0x23, 0xbe, 0x23, 0xbe, 0x23,
  0xbe, 0x23, 0xbe, 0x23, 0xbe, 0x23, 0xbe, 0x23, 0xbe, 0x23, 0xbe, 0x23,
  0xbe, 0x23, 0xbe, 0x23, 0xbe, 0x23, 0xbe, 0x23, 0xbe, 0x23, 0xbe, 0x23,
  0xbe, 0x23, 0xbe, 0x23, 0xbe, 0x23, 0xbe, 0x23, 0xbe, 0x23, 0xbe, 0x23,
  0xbe, 0x23, 0xbe, 0x23, 0xbe, 0x23, 0xbe, 0x23, 0xbe, 0x23, 0xbe, 0x23,
  0xbe, 0x23, 0xbe, 0x23, 0xbe, 0x23, 0xbe, 0x23, 0xbe, 0x23, 0xbe, 0x23,
  0xbe, 0x23, 0xbe, 0x23, 0xbe, 0x23, 0xbe, 0x23, 0xbe, 0x23, 0xbe, 0x23,
  0xbe, 0x23, 0xbe, 0x23, 0xbe, 0x23, 0xbe, 0x23, 0xbe, 0x23, 0xbe, 0x23,
  0xbe, 0x23, 0xbe, 0x23, 0xbe, 0x23, 0xbe, 0x23, 0xbe, 0x23, 0xbe, 0x23,
  0xbe, 0x23, 0xbe, 0x23, 0xbe, 0x23, 0xbe, 0x23, 0xbe, 0x23, 0xbe, 0x23,
  0xbe, 0x23, 0xbe, 0x23, 0xbe, 0x23, 0xbe, 0x23, 0xbe, 0x23, 0xbe, 0x23,
  0xbe, 0x23, 0xbe, 0x23, 0xbe, 0x23, 0xbe, 0x23, 0xbe, 0x23, 0xbe, 0x23,
  0xbe, 0x23, 0xbe, 0x23, 0xbe, 0x23, 0xbe, 0x23, 0xbe, 0x23, 0xbe, 0x23,
  0xbe, 0x23, 0xbe, 0x23, 0xbe, 0x23, 0xbe, 0x23, 0xbe, 0x23, 0xbe, 0x23,
  0xbe, 0x23, 0xbe, 0x23, 0xbe, 0x23, 0xbe, 0x23, 0xbe, 0x23, 0xbe, 0x23,
  0xbe, 0x23, 0xbe, 0x23, 0xbe, 0x23, 0xbe, 0x23, 0xbe, 0x23, 0xbe, 0x23,
  0xbe, 0x23, 0xbe, 0x23, 0xbe, 0x23, 0xbe, 0x23, 0xbe, 0x23, 0xbe, 0x23,
  0xbe, 0x23, 0xbe, 0x23, 0xbe, 0x23, 0xbe, 0x23, 0xbe, 0x23, 0xbe, 0x23,
  0xbe, 0x23, 0xbe, 0x23, 0xbe, 0x23, 0xbe, 0x23, 0xbe, 0x23, 0xbe, 0x23,
  0xbe, 0x23, 0xbe, 0x23, 0xbe, 0x23, 0xbe, 0x23, 0xbe, 0x23, 0xbe, 0x23,
  0xbe, 0x23, 0xbe, 0x23, 0xbe, 0x23, 0xbe, 0x23, 0xbe, 0x23, 0xbe, 0x23,
  0xbe, 0x23, 0xbe, 0x23, 0xbe, 0x23, 0xbe, 0x23, 0xbe, 0x23, 0xbe, 0x23,
  0xbe, 0x23, 0xbe, 0x23, 0xbe, 0x23, 0xbe, 0x23, 0xbe, 0x23, 0xbe, 0x23,
  0xbe, 0x23, 0xbe, 0x23, 0xbe, 0x23, 0xbe, 0x23, 0xbe, 0x23, 0xbe, 0x23,
  0xbe, 0x23, 0xbe, 0x23, 0xbe, 0x23, 0xbe, 0x23, 0xbe, 0x23, 0xbe, 0x23,
  0xbe, 0x23, 0xbe, 0x23, 0xbe, 0x23, 0xbe, 0x23, 0xbe, 0x23, 0xbe, 0x23,
  0xbe, 0x23, 0xbe, 0x23, 0xbe, 0x23, 0xbe, 0x23, 0xbe, 0x23, 0xbe, 0x23,
  0xbe, 0x23, 0xbe, 0x23, 0xbe, 0x23, 0xbe, 0x23, 0xbe, 0x23, 0xbe, 0x23,
  0xbe, 0x23, 0xbe, 0x23, 0xbe, 0x23, 0xbe, 0x23, 0xbe, 0x23, 0xbe, 0x23,
  0xbe, 0x23, 0xbe, 0x23, 0xbe, 0x23, 0xbe, 0x23, 0xbe, 0x23, 0xbe, 0x23,
  0xbe, 0x23, 0xbe, 0x23, 0xbe, 0x23, 0xbe, 0x23, 0xbe, 0x23, 0xbe, 0x23,
  0xbe, 0x23, 0xbe, 0x23, 0xbe, 0x23, 0xbe, 0x23, 0xbe, 0x23, 0xbe, 0x23,
  0xbe, 0x23, 0xbe, 0x23, 0xbe, 0x23, 0xbe, 0x23, 0xbe, 0x23, 0xbe, 0x23,
  0xbe, 0x23, 0xbe, 0x23, 0xbe, 0x23, 0xbe, 0x23, 0xbe, 0x23, 0xbe, 0x23,
  0xbe, 0x23, 0xbe, 0x23, 0xbe, 0x23, 0xbe, 0x23, 0xbe, 0x23, 0xbe, 0x23,
  0xbe, 0x23, 0xbe, 0x23, 0xbe, 0x23, 0xbe, 0x23, 0xbe, 0x23, 0xbe, 0x23,
  0xbe, 0x23, 0xbe, 0x23, 0xbe, 0x23, 0xbe, 0x23, 0xbe, 0x23, 0xbe, 0x23,
  0xbe, 0x23, 0xbe, 0x23, 0xbe, 0x23, 0xbf, 0x23, 0xbe, 0x23, 0xbf, 0x23,
  0xbe, 0x23, 0xbf, 0x23, 0xdf, 0x23, 0xdf, 0x23, 0xbf, 0x23, 0xbe, 0x23,
  0xbf, 0x23, 0xbe, 0x23, 0xbf, 0x23, 0xbe, 0x23, 0xbf, 0x23, 0xdf, 0x23,
  0xdf, 0x23, 0xbf, 0x23, 0xbe, 0x23, 0xbe, 0x23, 0xbe, 0x23, 0xbe, 0x23,
  0xbe, 0x23, 0xbe, 0x23, 0xdf, 0x23, 0xdf, 0x23, 0xbf, 0x23, 0xbe, 0x23,
  0xdf, 0x23, 0xdf, 0x23, 0xdf, 0x23, 0xbf, 0x23, 0xbf, 0x23, 0xbe, 0x23,
  0xbe, 0x23, 0xbf, 0x23, 0xbe, 0x23, 0xdf, 0x23, 0xdf, 0x23, 0xdf, 0x23,
  0xbe, 0x23, 0xbf, 0x23, 0xbe, 0x23, 0xbe, 0x23, 0xbf, 0x23, 0xbe, 0x23,
  0xbe, 0x23, 0xdf, 0x23, 0xdf, 0x23, 0xbf, 0x23, 0xbe, 0x23, 0xdf, 0x23,
  0xdf, 0x23, 0xdf, 0x23, 0xbe, 0x23, 0xbf, 0x23, 0xdf, 0x23, 0xdf, 0x23,
  0xbe, 0x23, 0xbe, 0x23, 0xbe, 0x23, 0xbe, 0x23, 0xbe, 0x23, 0xbe, 0x23,
  0xbe, 0x23, 0xbe, 0x23, 0xbe, 0x23, 0xbe, 0x23, 0xbe, 0x23, 0xbe, 0x23,
  0xbe, 0x23, 0xbe, 0x23, 0xbe, 0x23, 0xbe, 0x23, 0xbe, 0x23, 0xbe, 0x23,
  0xbe, 0x23, 0xbe, 0x23, 0xbe, 0x23, 0xbe, 0x23, 0xbe, 0x23, 0xbe, 0x23,
  0xbe, 0x23, 0xbe, 0x23, 0xbe, 0x23, 0xbe, 0x23, 0xbe, 0x23, 0xbe, 0x23,
  0xbe, 0x23, 0xbe, 0x23, 0xbe, 0x23, 0xbe, 0x23, 0xbe, 0x23, 0xbe, 0x23,
  0xbe, 0x23, 0xbe, 0x23, 0xbe, 0x23, 0xbe, 0x23, 0xbe, 0x23, 0xbe, 0x23,
  0xbe, 0x23, 0xbe, 0x23, 0xbe, 0x23, 0xbe, 0x23, 0xbe, 0x23, 0xbe, 0x23,
  0xbe, 0x23, 0xbe, 0x23, 0xbe, 0x23, 0xbe, 0x23, 0xbe, 0x23, 0xbe, 0x23,
  0xbe, 0x23, 0xbe, 0x23, 0xbe, 0x23, 0xbe, 0x23, 0xbe, 0x23, 0xbe, 0x23,
  0xbe, 0x23, 0xbe, 0x23, 0xbe, 0x23, 0xbe, 0x23, 0xbe, 0x23, 0xbe, 0x23,
  0xbe, 0x23, 0xbe, 0x23, 0xbe, 0x23, 0xbe, 0x23, 0xbe, 0x23, 0xbe, 0x23,
  0xbe, 0x23, 0xbe, 0x23, 0xbe, 0x23, 0xbe, 0x23, 0xbe, 0x23, 0xbe, 0x23,
  0xbe, 0x23, 0xbe, 0x23, 0xbe, 0x23, 0xbe, 0x23, 0xbe, 0x23, 0xbe, 0x23,
  0xbe, 0x23, 0xbe, 0x23, 0xbe, 0x23, 0xbe, 0x23, 0xbe, 0x23, 0xbe, 0x23,
  0xbe, 0x23, 0xbe, 0x23, 0xbe, 0x23, 0xbe, 0x23, 0xbe, 0x23, 0xbe, 0x23,
  0xbe, 0x23, 0xbe, 0x23, 0xbe, 0x23, 0xbe, 0x23, 0xbe, 0x23, 0xbf, 0x23,
  0x7c, 0x1f, 0x5b, 0x1f, 0xdf, 0x23, 0x5b, 0x1f, 0x9d, 0x1f, 0x19, 0x1b,
  0xb6, 0x16, 0xb6, 0x16, 0xf8, 0x1a, 0x9d, 0x1f, 0x3a, 0x1f, 0xdf, 0x23,
  0x5b, 0x1f, 0x7c, 0x1f, 0x19, 0x1b, 0xb5, 0x16, 0xb6, 0x16, 0xf8, 0x1a,
  0xbf, 0x23, 0xbe, 0x23, 0xbe, 0x23, 0xbe, 0x23, 0xbe, 0x23, 0x9e, 0x23,
  0xd7, 0x16, 0xb5, 0x16, 0x5b, 0x1f, 0xbe, 0x23, 0xb6, 0x16, 0xb6, 0x16,
  0x95, 0x16, 0x5b, 0x1f, 0x5b, 0x1f, 0x7c, 0x1f, 0xdf, 0x23, 0x19, 0x1b,
  0x9e, 0x23, 0xd7, 0x16, 0xb6, 0x16, 0xd7, 0x1a, 0xbe, 0x23, 0x5b, 0x1f,
  0x7c, 0x1f, 0xdf, 0x23, 0x3a, 0x1f, 0x9e, 0x23, 0x7c, 0x1f, 0x95, 0x16,
  0x95, 0x16, 0x3a, 0x1f, 0x7c, 0x1f, 0x95, 0x16, 0xb6, 0x16, 0xb6, 0x16,
  0x9e, 0x23, 0xf8, 0x1a, 0xb6, 0x16, 0xb6, 0x16, 0x9d, 0x1f, 0xbe, 0x23,
  0xbe, 0x23, 0xbe, 0x23, 0xbe, 0x23, 0xbe, 0x23, 0xbe, 0x23, 0xbe, 0x23,
  0xbe, 0x23, 0xbe, 0x23, 0xbe, 0x23, 0xbe, 0x23, 0xbe, 0x23, 0xbe, 0x23,
  0xbe, 0x23, 0xbe, 0x23, 0xbe, 0x23, 0xbe, 0x23, 0xbe, 0x23, 0xbe, 0x23,
  0xbe, 0x23, 0xbe, 0x23, 0xbe, 0x23, 0xbe, 0x23, 0xbe, 0x23, 0xbe, 0x23,
  0xbe, 0x23, 0xbe, 0x23, 0xbe, 0x23, 0xbe, 0x23, 0xbe, 0x23, 0xbe, 0x23,
  0xbe, 0x23, 0xbe, 0x23, 0xbe, 0x23, 0xbe, 0x23, 0xbe, 0x23, 0xbe, 0x23,
  0xbe, 0x23, 0xbe, 0x23, 0xbe, 0x23, 0xbe, 0x23, 0xbe, 0x23, 0xbe, 0x23,
  0xbe, 0x23, 0xbe, 0x23, 0xbe, 0x23, 0xbe, 0x23, 0xbe, 0x23, 0xbe, 0x23,
  0xbe, 0x23, 0xbe, 0x23, 0xbe, 0x23, 0xbe, 0x23, 0xbe, 0x23, 0xbe, 0x23,
  0xbe, 0x23, 0xbe, 0x23, 0xbe, 0x23, 0xbe, 0x23, 0xbe, 0x23, 0xbe, 0x23,
  0xbe, 0x23, 0xbe, 0x23, 0xbe, 0x23, 0xbe, 0x23, 0xbe, 0x23, 0xbe, 0x23,
  0xbe, 0x23, 0xbe, 0x23, 0xbe, 0x23, 0xbe, 0x23, 0xbe, 0x23, 0xbe, 0x23,
  0xbe, 0x23, 0xbe, 0x23, 0xbe, 0x23, 0xbe, 0x23, 0xbe, 0x23, 0xbe, 0x23,
  0xbe, 0x23, 0xbe, 0x23, 0xbe, 0x23, 0xbe, 0x23, 0xbe, 0x23, 0xbe, 0x23,
  0xbe, 0x23, 0xbe, 0x23, 0xbe, 0x23, 0xbe, 0x23, 0xbe, 0x23, 0xbe, 0x23,
  0xbe, 0x23, 0xbe, 0x23, 0xbe, 0x23, 0xbe, 0x23, 0xbe, 0x23, 0xbe, 0x23,
  0xbe, 0x23, 0xbe, 0x23, 0xbe, 0x23, 0xbf, 0x23, 0x3a, 0x1b, 0xf8, 0x1a,
  0xdf, 0x23, 0xd7, 0x1a, 0x5b, 0x1f, 0x95, 0x16, 0x7c, 0x1f, 0x7c, 0x1f,
  0x95, 0x16, 0x5c, 0x1f, 0x10, 0x12, 0xf8, 0x1a, 0x11, 0x12, 0x5b, 0x1f,
  0x95, 0x16, 0x5b, 0x1f, 0x7c, 0x1f, 0x9d, 0x1f, 0xbe, 0x23, 0xbe, 0x23,
  0xbe, 0x23, 0xbe, 0x23, 0xdf, 0x23, 0xd7, 0x1a, 0x5b, 0x1f, 0x9d, 0x1f,
  0x1a, 0x1b, 0x7d, 0x1f, 0x74, 0x16, 0x9d, 0x23, 0x19, 0x1b, 0xf8, 0x1a,
  0xd7, 0x1a, 0x74, 0x16, 0xf8, 0x1a, 0xf0, 0x0d, 0x9d, 0x1f, 0x74, 0x16,
  0xbe, 0x23, 0x5b, 0x1f, 0xf8, 0x1a, 0xf8, 0x1a, 0x5b, 0x1f, 0xdf, 0x23,
  0xb6, 0x16, 0x7d, 0x1f, 0xbe, 0x23, 0x1a, 0x1b, 0xb6, 0x16, 0xbe, 0x23,
  0x19, 0x1b, 0xf8, 0x1a, 0x9d, 0x1f, 0x7d, 0x1f, 0xbe, 0x23, 0x74, 0x16,
  0x9d, 0x1f, 0x7c, 0x1f, 0xb6, 0x16, 0xbf, 0x23, 0xbe, 0x23, 0xbe, 0x23,
  0xbe, 0x23, 0xbe, 0x23, 0xbe, 0x23, 0xbe, 0x23, 0xbe, 0x23, 0xbe, 0x23,
  0xbe, 0x23, 0xbe, 0x23, 0xbe, 0x23, 0xbe, 0x23, 0xbe, 0x23, 0xbe, 0x23,
  0xbe, 0x23, 0xbe, 0x23, 0xbe, 0x23, 0xbe, 0x23, 0xbe, 0x23, 0xbe, 0x23,
  0xbe, 0x23, 0xbe, 0x23, 0xbe, 0x23, 0xbe, 0x23, 0xbe, 0x23, 0xbe, 0x23,
  0xbe, 0x23, 0xbe, 0x23, 0xbe, 0x23, 0xbe, 0x23, 0xbe, 0x23, 0xbe, 0x23,
  0xbe, 0x23, 0xbe, 0x23, 0xbe, 0x23, 0xbe, 0x23, 0xbe, 0x23, 0xbe, 0x23,
  0xbe, 0x23, 0xbe, 0x23, 0xbe, 0x23, 0xbe, 0x23, 0xbe, 0x23, 0xbe, 0x23,
  0xbe, 0x23, 0xbe, 0x23, 0xbe, 0x23, 0xbe, 0x23, 0xbe, 0x23, 0xbe, 0x23,
  0xbe, 0x23, 0xbe, 0x23, 0xbe, 0x23, 0xbe, 0x23, 0xbe, 0x23, 0xbe, 0x23,
  0xbe, 0x23, 0xbe, 0x23, 0xbe, 0x23, 0xbe, 0x23, 0xbe, 0x23, 0xbe, 0x23,
  0xbe, 0x23, 0xbe, 0x23, 0xbe, 0x23, 0xbe, 0x23, 0xbe, 0x23, 0xbe, 0x23,
  0xbe, 0x23, 0xbe, 0x23, 0xbe, 0x23, 0xbe, 0x23, 0xbe, 0x23, 0xbe, 0x23,
  0xbe, 0x23, 0xbe, 0x23, 0xbe, 0x23, 0xbe, 0x23, 0xbe, 0x23, 0xbe, 0x23,
  0xbe, 0x23, 0xbe, 0x23, 0xbe, 0x23, 0xbe, 0x23, 0xbe, 0x23, 0xbe, 0x23,
  0xbe, 0x23, 0xbe, 0x23, 0xbe, 0x23, 0xbe, 0x23, 0xbe, 0x23, 0xbe, 0x23,
  0xbe, 0x23, 0xbe, 0x23, 0xbe, 0x23, 0xbe, 0x23, 0xbe, 0x23, 0xbe, 0x23,
  0xbe, 0x23, 0xbf, 0x23, 0x3b, 0x1f, 0x10, 0x12, 0xb6, 0x16, 0xf0, 0x0d,
  0x7c, 0x1f, 0xb6, 0x16, 0xbe, 0x23, 0xbe, 0x23, 0xb5, 0x16, 0x5b, 0x1f,
  0xf8, 0x1a, 0x7d, 0x1f, 0x19, 0x1b, 0x5b, 0x1f, 0x95, 0x16, 0x53, 0x12,
  0x19, 0x1b, 0xdf, 0x23, 0xbe, 0x23, 0xbe, 0x23, 0xbe, 0x23, 0xbe, 0x23,
  0xdf, 0x23, 0xb6, 0x16, 0x9d, 0x1f, 0xbf, 0x23, 0xdf, 0x23, 0x9d, 0x1f,
  0xb6, 0x16, 0xdf, 0x23, 0x5b, 0x1f, 0x19, 0x1b, 0xf8, 0x1a, 0x5b, 0x1f,
  0x7d, 0x1f, 0xb6, 0x16, 0x7d, 0x1f, 0x53, 0x12, 0x3a, 0x1f, 0xf8, 0x1a,
  0x3a, 0x1b, 0x19, 0x1b, 0x5b, 0x1f, 0xdf, 0x23, 0xb6, 0x16, 0x7d, 0x1f,
  0xdf, 0x23, 0x5b, 0x1f, 0xf8, 0x1a, 0xdf, 0x23, 0x19, 0x1b, 0x11, 0x12,
  0xb6, 0x16, 0xbe, 0x23, 0xbf, 0x23, 0x73, 0x12, 0x3a, 0x1b, 0x19, 0x1b,
  0xf7, 0x1a, 0xbf, 0x23, 0xbe, 0x23, 0xbe, 0x23, 0xbe, 0x23, 0xbe, 0x23,
  0xbe, 0x23, 0xbe, 0x23, 0xbe, 0x23, 0xbe, 0x23, 0xbe, 0x23, 0xbe, 0x23,
  0xbe, 0x23, 0xbe, 0x23, 0xbe, 0x23, 0xbe, 0x23, 0xbe, 0x23, 0xbe, 0x23,
  0xbe, 0x23, 0xbe, 0x23, 0xbe, 0x23, 0xbe, 0x23, 0xbe, 0x23, 0xbe, 0x23,
  0xbe, 0x23, 0xbe, 0x23, 0xbe, 0x23, 0xbe, 0x23, 0xbe, 0x23, 0xbe, 0x23,
  0xbe, 0x23, 0xbe, 0x23, 0xbe, 0x23, 0xbe, 0x23, 0xbe, 0x23, 0xbe, 0x23,
  0xbe, 0x23, 0xbe, 0x23, 0xbe, 0x23, 0xbe, 0x23, 0xbe, 0x23, 0xbe, 0x23,
  0xbe, 0x23, 0xbe, 0x23, 0xbe, 0x23, 0xbe, 0x23, 0xbe, 0x23, 0xbe, 0x23,
  0xbe, 0x23, 0xbe, 0x23, 0xbe, 0x23, 0xbe, 0x23, 0xbe, 0x23, 0xbe, 0x23,
  0xbe, 0x23, 0xbe, 0x23, 0xbe, 0x23, 0xbe, 0x23, 0xbe, 0x23, 0xbe, 0x23,
  0xbe, 0x23, 0xbe, 0x23, 0xbe, 0x23, 0xbe, 0x23, 0xbe, 0x23, 0xbe, 0x23,
  0xbe, 0x23, 0xbe, 0x23, 0xbe, 0x23, 0xbe, 0x23, 0xbe, 0x23, 0xbe, 0x23,
  0xbe, 0x23, 0xbe, 0x23, 0xbe, 0x23, 0xbe, 0x23, 0xbe, 0x23, 0xbe, 0x23,
  0xbe, 0x23, 0xbe, 0x23, 0xbe, 0x23, 0xbe, 0x23, 0xbe, 0x23, 0xbe, 0x23,
  0xbe, 0x23, 0xbe, 0x23, 0xbe, 0x23, 0xbe, 0x23, 0xbe, 0x23, 0xbe, 0x23,
  0xbe, 0x23, 0xbe, 0x23, 0xbe, 0x23, 0xbe, 0x23, 0xbe, 0x23, 0xbe, 0x23,
  0xbe, 0x23, 0xbe, 0x23, 0xbe, 0x23, 0xbe, 0x23, 0xbe, 0x23, 0xbf, 0x23,
  0x3a, 0x1f, 0x19, 0x1b, 0xdf, 0x23, 0xf8, 0x1a, 0x5b, 0x1f, 0xb5, 0x16,
  0xbe, 0x23, 0xbe, 0x23, 0xb5, 0x16, 0x5b, 0x1f, 0xf8, 0x1a, 0xdf, 0x23,
  0x19, 0x1b, 0x3a, 0x1f, 0xb6, 0x16, 0xbe, 0x23, 0xdf, 0x23, 0xbf, 0x23,
  0xbe, 0x23, 0xbe, 0x23, 0xbe, 0x23, 0xbe, 0x23, 0xdf, 0x23, 0xb6, 0x16,
  0x9d, 0x1f, 0xdf, 0x23, 0x9d, 0x1f, 0x7d, 0x1f, 0xb6, 0x16, 0xdf, 0x23,
  0x5b, 0x1f, 0x19, 0x1b, 0xf8, 0x1a, 0x7c, 0x1f, 0xdf, 0x23, 0x95, 0x16,
  0x7d, 0x1f, 0x53, 0x12, 0x1a, 0x1b, 0x3a, 0x1f, 0xdf, 0x23, 0xf8, 0x1a,
  0x5b, 0x1f, 0xdf, 0x23, 0xb6, 0x16, 0x7d, 0x1f, 0xdf, 0x23, 0x5b, 0x1f,
  0xf8, 0x1a, 0xdf, 0x23, 0x19, 0x1b, 0x3a, 0x1f, 0xdf, 0x23, 0xdf, 0x23,
  0xbf, 0x23, 0x53, 0x12, 0xf8, 0x1a, 0x32, 0x12, 0xbe, 0x23, 0xbe, 0x23,
  0xbe, 0x23, 0xbe, 0x23, 0xbe, 0x23, 0xbe, 0x23, 0xbe, 0x23, 0xbe, 0x23,
  0xbe, 0x23, 0xbe, 0x23, 0xbe, 0x23, 0xbe, 0x23, 0xbe, 0x23, 0xbe, 0x23,
  0xbe, 0x23, 0xbe, 0x23, 0xbe, 0x23, 0xbe, 0x23, 0xbe, 0x23, 0xbe, 0x23,
  0xbe, 0x23, 0xbe, 0x23, 0xbe, 0x23, 0xbe, 0x23, 0xbe, 0x23, 0xbe, 0x23,
  0xbe, 0x23, 0xbe, 0x23, 0xbe, 0x23, 0xbe, 0x23, 0xbe, 0x23, 0xbe, 0x23,
  0xbe, 0x23, 0xbe, 0x23, 0xbe, 0x23, 0xbe, 0x23, 0xbe, 0x23, 0xbe, 0x23,
  0xbe, 0x23, 0xbe, 0x23, 0xbe, 0x23, 0xbe, 0x23, 0xbe, 0x23, 0xbe, 0x23,
  0xbe, 0x23, 0xbe, 0x23, 0xbe, 0x23, 0xbe, 0x23, 0xbe, 0x23, 0xbe, 0x23,
  0xbe, 0x23, 0xbe, 0x23, 0xbe, 0x23, 0xbe, 0x23, 0xbe, 0x23, 0xbe, 0x23,
  0xbe, 0x23, 0xbe, 0x23, 0xbe, 0x23, 0xbe, 0x23, 0xbe, 0x23, 0xbe, 0x23,
  0xbe, 0x23, 0xbe, 0x23, 0xbe, 0x23, 0xbe, 0x23, 0xbe, 0x23, 0xbe, 0x23,
  0xbe, 0x23, 0xbe, 0x23, 0xbe, 0x23, 0xbe, 0x23, 0xbe, 0x23, 0xbe, 0x23,
  0xbe, 0x23, 0xbe, 0x23, 0xbe, 0x23, 0xbe, 0x23, 0xbe, 0x23, 0xbe, 0x23,
  0xbe, 0x23, 0xbe, 0x23, 0xbe, 0x23, 0xbe, 0x23, 0xbe, 0x23, 0xbe, 0x23,
  0xbe, 0x23, 0xbe, 0x23, 0xbe, 0x23, 0xbe, 0x23, 0xbe, 0x23, 0xbe, 0x23,
  0xbe, 0x23, 0xbe, 0x23, 0xbe, 0x23, 0xbe, 0x23, 0xbe, 0x23, 0xbe, 0x23,
  0xbe, 0x23, 0xbe, 0x23, 0xbe, 0x23, 0xbf, 0x23, 0x3a, 0x1f, 0x19, 0x1b,
  0xdf, 0x23, 0xf8, 0x1a, 0x5c, 0x1f, 0x95, 0x16, 0x95, 0x16, 0x95, 0x16,
  0x94, 0x16, 0x7c, 0x1f, 0xf8, 0x1a, 0xdf, 0x23, 0x19, 0x1b, 0x5b, 0x1f,
  0xb6, 0x16, 0x95, 0x16, 0xb6, 0x16, 0xf8, 0x1a, 0xbf, 0x23, 0xbe, 0x23,
  0xbe, 0x23, 0xbe, 0x23, 0xbf, 0x23, 0x5b, 0x1f, 0xb6, 0x16, 0xb5, 0x16,
  0xf8, 0x1a, 0x9d, 0x23, 0x31, 0x12, 0xb6, 0x16, 0x53, 0x12, 0x19, 0x1b,
  0xf8, 0x1a, 0x7c, 0x1f, 0xdf, 0x23, 0xb6, 0x16, 0x7d, 0x1f, 0xb6, 0x16,
  0xdf, 0x23, 0xbf, 0x23, 0xbf, 0x23, 0x7c, 0x1f, 0xb6, 0x16, 0xb6, 0x16,
  0xd7, 0x1a, 0xbe, 0x23, 0xbf, 0x23, 0x5b, 0x1f, 0xf8, 0x1a, 0xdf, 0x23,
  0x3a, 0x1b, 0x52, 0x12, 0xb6, 0x16, 0xb6, 0x16, 0x9d, 0x23, 0xb6, 0x16,
  0xdf, 0x23, 0x5b, 0x1f, 0x19, 0x1b, 0xbf, 0x23, 0xbe, 0x23, 0xbe, 0x23,
  0xbe, 0x23, 0xbe, 0x23, 0xbe, 0x23, 0xbe, 0x23, 0xbe, 0x23, 0xbe, 0x23,
  0xbe, 0x23, 0xbe, 0x23, 0xbe, 0x23, 0xbe, 0x23, 0xbe, 0x23, 0xbe, 0x23,
  0xbe, 0x23, 0xbe, 0x23, 0xbe, 0x23, 0xbe, 0x23, 0xbe, 0x23, 0xbe, 0x23,
  0xbe, 0x23, 0xbe, 0x23, 0xbe, 0x23, 0xbe, 0x23, 0xbe, 0x23, 0xbe, 0x23,
  0xbe, 0x23, 0xbe, 0x23, 0xbe, 0x23, 0xbe, 0x23, 0xbe, 0x23, 0xbe, 0x23,
  0xbe, 0x23, 0xbe, 0x23, 0xbe, 0x23, 0xbe, 0x23, 0xbe, 0x23, 0xbe, 0x23,
  0xbe, 0x23, 0xbe, 0x23, 0xbe, 0x23, 0xbe, 0x23, 0xbe, 0x23, 0xbe, 0x23,
  0xbe, 0x23, 0xbe, 0x23, 0xbe, 0x23, 0xbe, 0x23, 0xbe, 0x23, 0xbe, 0x23,
  0xbe, 0x23, 0xbe, 0x23, 0xbe, 0x23, 0xbe, 0x23, 0xbe, 0x23, 0xbe, 0x23,
  0xbe, 0x23, 0xbe, 0x23, 0xbe, 0x23, 0xbe, 0x23, 0xbe, 0x23, 0xbe, 0x23,
  0xbe, 0x23, 0xbe, 0x23, 0xbe, 0x23, 0xbe, 0x23, 0xbe, 0x23, 0xbe, 0x23,
  0xbe, 0x23, 0xbe, 0x23, 0xbe, 0x23, 0xbe, 0x23, 0xbe, 0x23, 0xbe, 0x23,
  0xbe, 0x23, 0xbe, 0x23, 0xbe, 0x23, 0xbe, 0x23, 0xbe, 0x23, 0xbe, 0x23,
  0xbe, 0x23, 0xbe, 0x23, 0xbe, 0x23, 0xbe, 0x23, 0xbe, 0x23, 0xbe, 0x23,
  0xbe, 0x23, 0xbe, 0x23, 0xbe, 0x23, 0xbe, 0x23, 0xbe, 0x23, 0xbe, 0x23,
  0xbe, 0x23, 0xbe, 0x23, 0xbe, 0x23, 0xbe, 0x23, 0xbe, 0x23, 0xbe, 0x23,
  0xbe, 0x23, 0xbe, 0x23, 0xbe, 0x23, 0xbe, 0x23, 0xbe, 0x23, 0xbe, 0x23,
  0xbe, 0x23, 0x9e, 0x23, 0x9d, 0x1f, 0x9d, 0x1f, 0x9e, 0x23, 0xbe, 0x23,
  0xbe, 0x23, 0xbe, 0x23, 0xbe, 0x23, 0xbe, 0x23, 0xbe, 0x23, 0x9d, 0x1f,
  0x9d, 0x1f, 0x9d, 0x1f, 0xbe, 0x23, 0xbe, 0x23, 0xbe, 0x23, 0xbe, 0x23,
  0xbe, 0x23, 0xbf, 0x23, 0x9d, 0x1f, 0x9d, 0x1f, 0xbe, 0x23, 0xbe, 0x23,
  0x9d, 0x1f, 0x9d, 0x1f, 0x9d, 0x1f, 0xbe, 0x23, 0xbe, 0x23, 0xbe, 0x23,
  0xbe, 0x23, 0xbe, 0x23, 0xbe, 0x23, 0xbe, 0x23, 0xbe, 0x23, 0xbe, 0x23,
  0xbe, 0x23, 0xbf, 0x23, 0x9d, 0x1f, 0x7d, 0x1f, 0xbe, 0x23, 0xbe, 0x23,
  0xbe, 0x23, 0xbe, 0x23, 0xbe, 0x23, 0xbe, 0x23, 0xbe, 0x23, 0x9d, 0x1f,
  0x9d, 0x1f, 0x9d, 0x1f, 0xbe, 0x23, 0xbe, 0x23, 0xbe, 0x23, 0xbf, 0x23,
  0x9e, 0x23, 0xbe, 0x23, 0xbe, 0x23, 0xbe, 0x23, 0xbe, 0x23, 0xbe, 0x23,
  0xbe, 0x23, 0xbe, 0x23, 0xbe, 0x23, 0xbe, 0x23, 0xbe, 0x23, 0xbe, 0x23,
  0xbe, 0x23, 0xbe, 0x23, 0xbe, 0x23, 0xbe, 0x23, 0xbe, 0x23, 0xbe, 0x23,
  0xbe, 0x23, 0xbe, 0x23, 0xbe, 0x23, 0xbe, 0x23, 0xbe, 0x23, 0xbe, 0x23,
  0xbe, 0x23, 0xbe, 0x23, 0xbe, 0x23, 0xbe, 0x23, 0xbe, 0x23, 0xbe, 0x23,
  0xbe, 0x23, 0xbe, 0x23, 0xbe, 0x23, 0xbe, 0x23, 0xbe, 0x23, 0xbe, 0x23,
  0xbe, 0x23, 0xbe, 0x23, 0xbe, 0x23, 0xbe, 0x23, 0xbe, 0x23, 0xbe, 0x23,
  0xbe, 0x23, 0xbe, 0x23, 0xbe, 0x23, 0xbe, 0x23, 0xbe, 0x23, 0xbe, 0x23,
  0xbe, 0x23, 0xbe, 0x23, 0xbe, 0x23, 0xbe, 0x23, 0xbe, 0x23, 0xbe, 0x23,
  0xbe, 0x23, 0xbe, 0x23, 0xbe, 0x23, 0xbe, 0x23, 0xbe, 0x23, 0xbe, 0x23,
  0xbe, 0x23, 0xbe, 0x23, 0xbe, 0x23, 0xbe, 0x23, 0xbe, 0x23, 0xbe, 0x23,
  0xbe, 0x23, 0xbe, 0x23, 0xbe, 0x23, 0xbe, 0x23, 0xbe, 0x23, 0xbe, 0x23,
  0xbe, 0x23, 0xbe, 0x23, 0xbe, 0x23, 0xbe, 0x23, 0xbe, 0x23, 0xbe, 0x23,
  0xbe, 0x23, 0xbe, 0x23, 0xbe, 0x23, 0xbe, 0x23, 0xbe, 0x23, 0xbe, 0x23,
  0xbe, 0x23, 0xbe, 0x23, 0xbe, 0x23, 0xbe, 0x23, 0xbe, 0x23, 0xbe, 0x23,
  0xbe, 0x23, 0xbe, 0x23, 0xbe, 0x23, 0xbe, 0x23, 0xbe, 0x23, 0xbe, 0x23,
  0xbe, 0x23, 0xbe, 0x23, 0xbe, 0x23, 0xbe, 0x23, 0xbe, 0x23, 0xbe, 0x23,
  0xbe, 0x23, 0xbe, 0x23, 0xbe, 0x23, 0xbe, 0x23, 0xbe, 0x23, 0xbe, 0x23,
  0xbe, 0x23, 0xbe, 0x23, 0xbe, 0x23, 0xbe, 0x23, 0xbe, 0x23, 0xbe, 0x23,
  0xbe, 0x23, 0xbe, 0x23, 0xbe, 0x23, 0xbe, 0x23, 0xbe, 0x23, 0xbe, 0x23,
  0xbe, 0x23, 0xbe, 0x23, 0xbe, 0x23, 0xbe, 0x23, 0xbe, 0x23, 0xbe, 0x23,
  0xbe, 0x23, 0xbe, 0x23, 0xbe, 0x23, 0xbe, 0x23, 0xbe, 0x23, 0xbe, 0x23,
  0xbe, 0x23, 0xbe, 0x23, 0xbe, 0x23, 0xbe, 0x23, 0xbe, 0x23, 0xbe, 0x23,
  0xbe, 0x23, 0xbe, 0x23, 0xbe, 0x23, 0xbe, 0x23, 0xbe, 0x23, 0xbe, 0x23,
  0xbe, 0x23, 0xbe, 0x23, 0xbe, 0x23, 0xbe, 0x23, 0xbe, 0x23, 0xbe, 0x23,
  0xbe, 0x23, 0xbe, 0x23, 0xbe, 0x23, 0xbe, 0x23, 0xbe, 0x23, 0xbe, 0x23,
  0xbe, 0x23, 0xbe, 0x23, 0xbe, 0x23, 0xbe, 0x23, 0xbe, 0x23, 0xbe, 0x23,
  0xbe, 0x23, 0xbe, 0x23, 0xbe, 0x23, 0xbe, 0x23, 0xbe, 0x23, 0xbe, 0x23,
  0xbe, 0x23, 0xbe, 0x23, 0xbe, 0x23, 0xbe, 0x23, 0xbe, 0x23, 0xbe, 0x23,
  0xbe, 0x23, 0xbe, 0x23, 0xbe, 0x23, 0xbe, 0x23, 0xbe, 0x23, 0xbe, 0x23,
  0xbe, 0x23, 0xbe, 0x23, 0xbe, 0x23, 0xbe, 0x23, 0xbe, 0x23, 0xbe, 0x23,
  0xbe, 0x23, 0xbe, 0x23, 0xbe, 0x23, 0xbe, 0x23, 0xbe, 0x23, 0xbe, 0x23,
  0xbe, 0x23, 0xbe, 0x23, 0xbe, 0x23, 0xbe, 0x23, 0xbe, 0x23, 0xbe, 0x23,
  0xbe, 0x23, 0xbe, 0x23, 0xbe, 0x23, 0xbe, 0x23, 0xbe, 0x23, 0xbe, 0x23,
  0xbe, 0x23, 0xbe, 0x23, 0xbe, 0x23, 0xbe, 0x23, 0xbe, 0x23, 0xbe, 0x23,
  0xbe, 0x23, 0xbe, 0x23, 0xbe, 0x23, 0xbe, 0x23, 0xbe, 0x23, 0xbe, 0x23,
  0xbe, 0x23, 0xbe, 0x23, 0xbe, 0x23, 0xbe, 0x23, 0xbe, 0x23, 0xbe, 0x23,
  0xbe, 0x23, 0xbe, 0x23, 0xbe, 0x23, 0xbe, 0x23, 0xbe, 0x23, 0xbe, 0x23,
  0xbe, 0x23, 0xbe, 0x23, 0xbe, 0x23, 0xbe, 0x23, 0xbe, 0x23, 0xbe, 0x23,
  0xbe, 0x23, 0xbe, 0x23, 0xbe, 0x23, 0xbe, 0x23, 0xbe, 0x23, 0xbe, 0x23,
  0xbe, 0x23, 0xbe, 0x23, 0xbe, 0x23, 0xbe, 0x23, 0xbe, 0x23, 0xbe, 0x23,
  0xbe, 0x23, 0xbe, 0x23, 0xbe, 0x23, 0xbe, 0x23, 0xbe, 0x23, 0xbe, 0x23,
  0xbe, 0x23, 0xbe, 0x23, 0xbe, 0x23, 0xbe, 0x23, 0xbe, 0x23, 0xbe, 0x23,
  0xbe, 0x23, 0xbe, 0x23, 0xbe, 0x23, 0xbe, 0x23, 0xbe, 0x23, 0xbe, 0x23,
  0xbe, 0x23, 0xbe, 0x23, 0xbe, 0x23, 0xbe, 0x23, 0xbe, 0x23, 0xbe, 0x23,
  0xbe, 0x23, 0xbe, 0x23, 0xbe, 0x23, 0xbe, 0x23, 0xbe, 0x23, 0xbe, 0x23,
  0xbe, 0x23, 0xbe, 0x23, 0xbe, 0x23, 0xbe, 0x23, 0xbe, 0x23, 0xbe, 0x23,
  0xbe, 0x23, 0xbe, 0x23, 0xbe, 0x23, 0xbe, 0x23, 0xbe, 0x23, 0xbe, 0x23,
  0xbe, 0x23, 0xbe, 0x23, 0xbe, 0x23, 0xbe, 0x23, 0xbe, 0x23, 0xbe, 0x23,
  0xbe, 0x23, 0xbe, 0x23, 0xbe, 0x23, 0xbe, 0x23, 0xbe, 0x23, 0xbe, 0x23,
  0xbe, 0x23, 0xbe, 0x23, 0xbe, 0x23, 0xbe, 0x23, 0xbe, 0x23, 0xbe, 0x23,
  0xbe, 0x23, 0xbe, 0x23, 0xbe, 0x23, 0xbe, 0x23, 0xbe, 0x23, 0xbe, 0x23,
  0xbe, 0x23, 0xbe, 0x23, 0xbe, 0x23, 0xbe, 0x23, 0xbe, 0x23, 0xbe, 0x23,
  0xbe, 0x23, 0xbe, 0x23, 0xbe, 0x23, 0xbe, 0x23, 0xbe, 0x23, 0xbe, 0x23,
  0xbe, 0x23, 0xbe, 0x23, 0xbe, 0x23, 0xbe, 0x23, 0xbe, 0x23, 0xbe, 0x23,
  0xbe, 0x23, 0xbe, 0x23, 0xbe, 0x23, 0xbe, 0x23, 0xbe, 0x23, 0xbe, 0x23,
  0xbe, 0x23, 0xbe, 0x23, 0xbe, 0x23, 0xbe, 0x23, 0xbe, 0x23, 0xbe, 0x23,
  0xbe, 0x23, 0xbe, 0x23, 0xbe, 0x23, 0xbe, 0x23, 0xbe, 0x23, 0xbe, 0x23,
  0xbe, 0x23, 0xbe, 0x23, 0xbe, 0x23, 0xbe, 0x23, 0xbe, 0x23, 0xbe, 0x23,
  0xbe, 0x23, 0xbe, 0x23, 0xbe, 0x23, 0xbe, 0x23, 0xbe, 0x23, 0xbe, 0x23,
  0xbe, 0x23, 0xbe, 0x23, 0xbe, 0x23, 0xbe, 0x23, 0xbe, 0x23, 0xbe, 0x23,
  0xbe, 0x23, 0xbe, 0x23, 0xbe, 0x23, 0xbe, 0x23, 0xbe, 0x23, 0xbe, 0x23,
  0xbe, 0x23, 0xbe, 0x23, 0xbe, 0x23, 0xbe, 0x23, 0xbe, 0x23, 0xbe, 0x23,
  0xbe, 0x23, 0xbe, 0x23, 0xbe, 0x23, 0xbe, 0x23, 0xbe, 0x23, 0xbe, 0x23,
  0xbe, 0x23, 0xbe, 0x23, 0xbe, 0x23, 0xbe, 0x23, 0xbe, 0x23, 0xbe, 0x23,
  0xbe, 0x23, 0xbe, 0x23, 0xbe, 0x23, 0xbe, 0x23, 0xbe, 0x23, 0xbe, 0x23,
  0xbe, 0x23, 0xbe, 0x23, 0xbe, 0x23, 0xbe, 0x23, 0xbe, 0x23, 0xbe, 0x23,
  0xbe, 0x23, 0xbe, 0x23, 0xbe, 0x23, 0xbe, 0x23, 0xbe, 0x23, 0xbe, 0x23,
  0xbe, 0x23, 0xbe, 0x23, 0xbe, 0x23, 0xbe, 0x23, 0xbe, 0x23, 0xbe, 0x23,
  0xbe, 0x23, 0xbe, 0x23, 0xbe, 0x23, 0xbe, 0x23, 0xbe, 0x23, 0xbe, 0x23,
  0xbe, 0x23, 0xbe, 0x23, 0xbe, 0x23, 0xbe, 0x23, 0xbe, 0x23, 0xbe, 0x23,
  0xbe, 0x23, 0xbe, 0x23, 0xbe, 0x23, 0xbe, 0x23, 0xbe, 0x23, 0xbe, 0x23,
  0xbe, 0x23, 0xbe, 0x23, 0xbe, 0x23, 0xbe, 0x23, 0xbe, 0x23, 0xbe, 0x23,
  0xbe, 0x23, 0xbe, 0x23, 0xbe, 0x23, 0xbe, 0x23, 0xbe, 0x23, 0xbe, 0x23,
  0xbe, 0x23, 0xbe, 0x23, 0xbe, 0x23, 0xbe, 0x23, 0xbe, 0x23, 0xbe, 0x23,
  0xbe, 0x23, 0xbe, 0x23, 0xbe, 0x23, 0xbe, 0x23, 0xbe, 0x23, 0xbe, 0x23,
  0xbe, 0x23, 0xbe, 0x23, 0xbe, 0x23, 0xbe, 0x23, 0xbe, 0x23, 0xbe, 0x23,
  0xbe, 0x23, 0xbe, 0x23, 0xbe, 0x23, 0xbe, 0x23, 0xbe, 0x23, 0xbe, 0x23,
  0xbe, 0x23, 0xbe, 0x23, 0xbe, 0x23, 0xbe, 0x23, 0xbe, 0x23, 0xbe, 0x23,
  0xbe, 0x23, 0xbe, 0x23, 0xbe, 0x23, 0xbe, 0x23, 0xbe, 0x23, 0xbe, 0x23,
  0xbe, 0x23, 0xbe, 0x23, 0xbe, 0x23, 0xbe, 0x23, 0xbe, 0x23, 0xbe, 0x23,
  0xbe, 0x23, 0xbe, 0x23, 0xbe, 0x23, 0xbe, 0x23, 0xbe, 0x23, 0xbe, 0x23,
  0xbe, 0x23, 0xbe, 0x23, 0xbe, 0x23, 0xbe, 0x23, 0xbe, 0x23, 0xbe, 0x23,
  0xbe, 0x23, 0xbe, 0x23, 0xbe, 0x23, 0xbe, 0x23, 0xbe, 0x23, 0xbe, 0x23,
  0xbe, 0x23, 0xbe, 0x23, 0xbe, 0x23, 0xbe, 0x23, 0xbe, 0x23, 0xbe, 0x23,
  0xbe, 0x23, 0xbe, 0x23, 0xbe, 0x23, 0xbe, 0x23, 0xbe, 0x23, 0xbe, 0x23,
  0xbe, 0x23, 0xbe, 0x23, 0xbe, 0x23, 0xbe, 0x23, 0xbe, 0x23, 0xbe, 0x23,
  0xbe, 0x23, 0xbe, 0x23, 0xbe, 0x23, 0xbe, 0x23, 0xbe, 0x23, 0xbe, 0x23,
  0xbe, 0x23, 0xbe, 0x23, 0xbe, 0x23, 0xbe, 0x23, 0xbe, 0x23, 0xbe, 0x23,
  0xbe, 0x23, 0xbe, 0x23, 0xbe, 0x23, 0xbe, 0x23, 0xbe, 0x23, 0xbe, 0x23,
  0xbe, 0x23, 0xbe, 0x23, 0xbe, 0x23, 0xbe, 0x23, 0xbe, 0x23, 0xbe, 0x23,
  0xbe, 0x23, 0xbe, 0x23, 0xbe, 0x23, 0xbe, 0x23, 0xbe, 0x23, 0xbe, 0x23,
  0xbe, 0x23, 0xbe, 0x23, 0xbe, 0x23, 0xbe, 0x23, 0xbe, 0x23, 0xbe, 0x23,
  0xbe, 0x23, 0xbe, 0x23, 0xbe, 0x23, 0xbe, 0x23, 0xbe, 0x23, 0xbe, 0x23,
  0xbe, 0x23, 0xbe, 0x23, 0xbe, 0x23, 0xbe, 0x23, 0xbe, 0x23, 0xbe, 0x23,
  0xbe, 0x23, 0xbe, 0x23, 0xbe, 0x23, 0xbe, 0x23, 0xbe, 0x23, 0xbe, 0x23,
  0xbe, 0x23, 0xbe, 0x23, 0xbe, 0x23, 0xbe, 0x23, 0xbe, 0x23, 0xbe, 0x23,
  0xbe, 0x23, 0xbe, 0x23, 0xbe, 0x23, 0xbe, 0x23, 0xbe, 0x23, 0xbe, 0x23,
  0xbe, 0x23, 0xbe, 0x23, 0xbe, 0x23, 0xbe, 0x23, 0xbe, 0x23, 0xbe, 0x23,
  0xbe, 0x23, 0xbe, 0x23, 0xbe, 0x23, 0xbe, 0x23, 0xbe, 0x23, 0xbe, 0x23,
  0xbe, 0x23, 0xbe, 0x23, 0xbe, 0x23, 0xbe, 0x23, 0xbe, 0x23, 0xbe, 0x23,
  0xbe, 0x23, 0xbe, 0x23, 0xbe, 0x23, 0xbe, 0x23, 0xbe, 0x23, 0xbe, 0x23,
  0xbe, 0x23, 0xbe, 0x23, 0xbe, 0x23, 0xbe, 0x23, 0xbe, 0x23, 0xbe, 0x23,
  0xbe, 0x23, 0xbe, 0x23, 0xbe, 0x23, 0xbe, 0x23, 0xbe, 0x23, 0xbe, 0x23,
  0xbe, 0x23, 0xbe, 0x23, 0xbe, 0x23, 0xbe, 0x23, 0xbe, 0x23, 0xbe, 0x23,
  0xbe, 0x23, 0xbe, 0x23, 0xbe, 0x23, 0xbe, 0x23, 0xbe, 0x23, 0xbe, 0x23,
  0xbe, 0x23, 0xbe, 0x23, 0xbe, 0x23, 0xbe, 0x23, 0xbe, 0x23, 0xbe, 0x23,
  0xbe, 0x23, 0xbe, 0x23, 0xbe, 0x23, 0xbe, 0x23, 0xbe, 0x23, 0xbe, 0x23,
  0xbe, 0x23, 0xbe, 0x23, 0xbe, 0x23, 0xbe, 0x23, 0xbe, 0x23, 0xbe, 0x23,
  0xbe, 0x23, 0xbe, 0x23, 0xbe, 0x23, 0xbe, 0x23, 0xbe, 0x23, 0xbe, 0x23,
  0xbe, 0x23, 0xbe, 0x23, 0xbe, 0x23, 0xbe, 0x23, 0xbe, 0x23, 0xbe, 0x23,
  0xbe, 0x23, 0xbe, 0x23, 0xbe, 0x23, 0xbe, 0x23, 0xbe, 0x23, 0xbe, 0x23,
  0xbe, 0x23, 0xbe, 0x23, 0xbe, 0x23, 0xbe, 0x23, 0xbe, 0x23, 0xbe, 0x23,
  0xbe, 0x23, 0xbe, 0x23, 0xbe, 0x23, 0xbe, 0x23, 0xbe, 0x23, 0xbe, 0x23,
  0xbe, 0x23, 0xbe, 0x23, 0xbe, 0x23, 0xbe, 0x23, 0xbe, 0x23, 0xbe, 0x23,
  0xbe, 0x23, 0xbe, 0x23, 0xbe, 0x23, 0xbe, 0x23, 0xbe, 0x23, 0xbe, 0x23,
  0xbe, 0x23, 0xbe, 0x23, 0xbe, 0x23, 0xbe, 0x23, 0xbe, 0x23, 0xbe, 0x23,
  0xbe, 0x23, 0xbe, 0x23, 0xbe, 0x23, 0xbe, 0x23, 0xbe, 0x23, 0xbe, 0x23,
  0xbe, 0x23, 0xbe, 0x23, 0xbe, 0x23, 0xbe, 0x23, 0xbe, 0x23, 0xbe, 0x23,
  0xbe, 0x23, 0xbe, 0x23, 0xbe, 0x23, 0xbe, 0x23, 0xbe, 0x23, 0xbe, 0x23,
  0xbe, 0x23, 0xbe, 0x23, 0xbe, 0x23, 0xbe, 0x23, 0xbe, 0x23, 0xbe, 0x23,
  0xbe, 0x23, 0xbe, 0x23, 0xbe, 0x23, 0xbe, 0x23, 0xbe, 0x23, 0xbe, 0x23,
  0xbe, 0x23, 0xbe, 0x23, 0xbe, 0x23, 0xbe, 0x23, 0xbe, 0x23, 0xbe, 0x23,
  0xbe, 0x23, 0xbe, 0x23, 0xbe, 0x23, 0xbe, 0x23, 0xbe, 0x23, 0xbe, 0x23,
  0xbe, 0x23, 0xbe, 0x23, 0xbe, 0x23, 0xbe, 0x23, 0xbe, 0x23, 0xbe, 0x23,
  0xbe, 0x23, 0xbe, 0x23, 0xbe, 0x23, 0xbe, 0x23, 0xbe, 0x23, 0xbe, 0x23,
  0xbe, 0x23, 0xbe, 0x23, 0xbe, 0x23, 0xbe, 0x23, 0xbe, 0x23, 0xbe, 0x23,
  0xbe, 0x23, 0xbe, 0x23, 0xbe, 0x23, 0xbe, 0x23, 0xbe, 0x23, 0xbe, 0x23,
  0xbe, 0x23, 0xbe, 0x23, 0xbe, 0x23, 0xbe, 0x23, 0xbe, 0x23, 0xbe, 0x23,
  0xbe, 0x23, 0xbe, 0x23, 0xbe, 0x23, 0xbe, 0x23, 0xbe, 0x23, 0xbe, 0x23,
  0xbe, 0x23, 0xbe, 0x23, 0xbe, 0x23, 0xbe, 0x23, 0xbe, 0x23, 0xbe, 0x23,
  0xbe, 0x23, 0xbe, 0x23, 0xbe, 0x23, 0xbe, 0x23, 0xbe, 0x23, 0xbe, 0x23,
  0xbe, 0x23, 0xbe, 0x23, 0xbe, 0x23, 0xbe, 0x23, 0xbe, 0x23, 0xbe, 0x23,
  0xbe, 0x23, 0xbe, 0x23, 0xbe, 0x23, 0xbe, 0x23, 0xbe, 0x23, 0xbe, 0x23,
  0xbe, 0x23, 0xbe, 0x23, 0xbe, 0x23, 0xbe, 0x23, 0xbe, 0x23, 0xbe, 0x23,
  0xbe, 0x23, 0xbe, 0x23, 0xbe, 0x23, 0xbe, 0x23, 0xbe, 0x23, 0xbe, 0x23,
  0xbe, 0x23, 0xbe, 0x23, 0xbe, 0x23, 0xbe, 0x23, 0xbe, 0x23, 0xbe, 0x23,
  0xbe, 0x23, 0xbe, 0x23, 0xbe, 0x23, 0xbe, 0x23, 0xbe, 0x23, 0xbe, 0x23,
  0xbe, 0x23, 0xbe, 0x23, 0xbe, 0x23, 0xbe, 0x23, 0xbe, 0x23, 0xbe, 0x23,
  0xbe, 0x23, 0xbe, 0x23, 0xbe, 0x23, 0xbe, 0x23, 0xbe, 0x23, 0xbe, 0x23,
  0xbe, 0x23, 0xbe, 0x23, 0xbe, 0x23, 0xbe, 0x23, 0xbe, 0x23, 0xbe, 0x23,
  0xbe, 0x23, 0xbe, 0x23, 0xbe, 0x23, 0xbe, 0x23, 0xbe, 0x23, 0xbe, 0x23,
  0xbe, 0x23, 0xbe, 0x23, 0xbe, 0x23, 0xbe, 0x23, 0xbe, 0x23, 0xbe, 0x23,
  0xbe, 0x23, 0xbe, 0x23, 0xbe, 0x23, 0xbe, 0x23, 0xbe, 0x23, 0xbe, 0x23,
  0xbe, 0x23, 0xbe, 0x23, 0xbe, 0x23, 0xbe, 0x23, 0xbe, 0x23, 0xbe, 0x23,
  0xbe, 0x23, 0xbe, 0x23, 0xbe, 0x23, 0xbe, 0x23, 0xbe, 0x23, 0xbe, 0x23,
  0xbe, 0x23, 0xbe, 0x23, 0xbe, 0x23, 0xbe, 0x23, 0xbe, 0x23, 0xbe, 0x23,
  0xbe, 0x23, 0xbe, 0x23, 0xbe, 0x23, 0xbe, 0x23, 0xbe, 0x23, 0xbe, 0x23,
  0xbe, 0x23, 0xbe, 0x23, 0xbe, 0x23, 0xbe, 0x23, 0xbe, 0x23, 0xbe, 0x23,
  0xbe, 0x23, 0xbe, 0x23, 0xbe, 0x23, 0xbe, 0x23, 0xbe, 0x23, 0xbe, 0x23,
  0xbe, 0x23, 0xbe, 0x23, 0xbe, 0x23, 0xbe, 0x23, 0xbe, 0x23, 0xbe, 0x23,
  0xbe, 0x23, 0xbe, 0x23, 0xbe, 0x23, 0xbe, 0x23, 0xbe, 0x23, 0xbe, 0x23,
  0xbe, 0x23, 0xbe, 0x23, 0xbe, 0x23, 0xbe, 0x23, 0xbe, 0x23, 0xbe, 0x23,
  0xbe, 0x23, 0xbe, 0x23, 0xbe, 0x23, 0xbe, 0x23, 0xbe, 0x23, 0xbe, 0x23,
  0xbe, 0x23, 0xbe, 0x23, 0xbe, 0x23, 0xbe, 0x23, 0xbe, 0x23, 0xbe, 0x23,
  0xbe, 0x23, 0xbe, 0x23, 0xbe, 0x23, 0xbe, 0x23, 0xbe, 0x23, 0xbe, 0x23,
  0xbe, 0x23, 0xbe, 0x23, 0xbe, 0x23, 0xbe, 0x23, 0xbe, 0x23, 0xbe, 0x23,
  0xbe, 0x23, 0xbe, 0x23, 0xbe, 0x23, 0xbe, 0x23, 0xbe, 0x23, 0xbe, 0x23,
  0xbe, 0x23, 0xbe, 0x23, 0xbe, 0x23, 0xbe, 0x23, 0xbe, 0x23, 0xbe, 0x23,
  0xbe, 0x23, 0xbe, 0x23, 0xbe, 0x23, 0xbe, 0x23, 0xbe, 0x23, 0xbe, 0x23,
  0xbe, 0x23, 0xbe, 0x23, 0xbe, 0x23, 0xbe, 0x23, 0xbe, 0x23, 0xbe, 0x23,
  0xbe, 0x23, 0xbe, 0x23, 0xbe, 0x23, 0xbe, 0x23, 0xbe, 0x23, 0xbe, 0x23,
  0xbe, 0x23, 0xbe, 0x23, 0xbe, 0x23, 0xbe, 0x23, 0xbe, 0x23, 0xbe, 0x23,
  0xbe, 0x23, 0xbe, 0x23, 0xbe, 0x23, 0xbe, 0x23, 0xbe, 0x23, 0xbe, 0x23,
  0xbe, 0x23, 0xbe, 0x23, 0xbe, 0x23, 0xbe, 0x23, 0xbe, 0x23, 0xbe, 0x23,
  0xbe, 0x23, 0xbe, 0x23, 0xbe, 0x23, 0xbe, 0x23, 0xbe, 0x23, 0xbe, 0x23,
  0xbe, 0x23, 0xbe, 0x23, 0xbe, 0x23, 0xbe, 0x23, 0xbe, 0x23, 0xbe, 0x23,
  0xbe, 0x23, 0xbe, 0x23, 0xbe, 0x23, 0xbe, 0x23, 0xbe, 0x23, 0xbe, 0x23,
  0xbe, 0x23, 0xbe, 0x23, 0xbe, 0x23, 0xbe, 0x23, 0xbe, 0x23, 0xbe, 0x23,
  0xbe, 0x23, 0xbe, 0x23, 0xbe, 0x23, 0xbe, 0x23, 0xbe, 0x23, 0xbe, 0x23,
  0xbe, 0x23, 0xbe, 0x23, 0xbe, 0x23, 0xbe, 0x23, 0xbe, 0x23, 0xbe, 0x23,
  0xbe, 0x23, 0xbe, 0x23, 0xbe, 0x23, 0xbe, 0x23, 0xbe, 0x23, 0xbe, 0x23,
  0xbe, 0x23, 0xbe, 0x23, 0xbe, 0x23, 0xbe, 0x23, 0xbe, 0x23, 0xbe, 0x23,
  0xbe, 0x23, 0xbe, 0x23, 0xbe, 0x23, 0xbe, 0x23, 0xbe, 0x23, 0xbe, 0x23,
  0xbe, 0x23, 0xbe, 0x23, 0xbe, 0x23, 0xbe, 0x23, 0xbe, 0x23, 0xbe, 0x23,
  0xbe, 0x23, 0xbe, 0x23, 0xbe, 0x23, 0xbe, 0x23, 0xbe, 0x23, 0xbe, 0x23,
  0xbe, 0x23, 0xbe, 0x23, 0xbe, 0x23, 0xbe, 0x23, 0xbe, 0x23, 0xbe, 0x23,
  0xbe, 0x23, 0xbe, 0x23, 0xbe, 0x23, 0xbe, 0x23, 0xbe, 0x23, 0xbe, 0x23,
  0xbe, 0x23, 0xbe, 0x23, 0xbe, 0x23, 0xbe, 0x23, 0xbe, 0x23, 0xbe, 0x23,
  0xbe, 0x23, 0xbe, 0x23, 0xbe, 0x23, 0xbe, 0x23, 0xbe, 0x23, 0xbe, 0x23,
  0xbe, 0x23, 0xbe, 0x23, 0xbe, 0x23, 0xbe, 0x23, 0xbe, 0x23, 0xbe, 0x23,
  0xbe, 0x23, 0xbe, 0x23, 0xbe, 0x23, 0xbe, 0x23, 0xbe, 0x23, 0xbe, 0x23,
  0xbe, 0x23, 0xbe, 0x23, 0xbe, 0x23, 0xbe, 0x23, 0xbe, 0x23, 0xbe, 0x23,
  0xbe, 0x23, 0xbe, 0x23, 0xbe, 0x23, 0xbe, 0x23, 0xbe, 0x23, 0xbe, 0x23,
  0xbe, 0x23, 0xbe, 0x23, 0xbe, 0x23, 0xbe, 0x23, 0xbe, 0x23, 0xbe, 0x23,
  0xbe, 0x23, 0xbe, 0x23, 0xbe, 0x23, 0xbe, 0x23, 0xbe, 0x23, 0xbe, 0x23,
  0xbe, 0x23, 0xbe, 0x23, 0xbe, 0x23, 0xbe, 0x23, 0xbe, 0x23, 0xbe, 0x23,
  0xbe, 0x23, 0xbe, 0x23, 0xbe, 0x23, 0xbe, 0x23, 0xbe, 0x23, 0xbe, 0x23,
  0xbe, 0x23, 0xbe, 0x23, 0xbe, 0x23, 0xbe, 0x23, 0xbe, 0x23, 0xbe, 0x23,
  0xbe, 0x23, 0xbe, 0x23, 0xbe, 0x23, 0xbe, 0x23, 0xbe, 0x23, 0xbe, 0x23,
  0xbe, 0x23, 0xbe, 0x23, 0xbe, 0x23, 0xbe, 0x23, 0xbe, 0x23, 0xbe, 0x23,
  0xbe, 0x23, 0xbe, 0x23, 0xbe, 0x23, 0xbe, 0x23, 0xbe, 0x23, 0xbe, 0x23,
  0xbe, 0x23, 0xbe, 0x23, 0xbe, 0x23, 0xbe, 0x23, 0xbe, 0x23, 0xbe, 0x23,
  0xbe, 0x23, 0xbe, 0x23, 0xbe, 0x23, 0xbe, 0x23, 0xbe, 0x23, 0xbe, 0x23,
  0xbe, 0x23, 0xbe, 0x23, 0xbe, 0x23, 0xbe, 0x23, 0xbe, 0x23, 0xbe, 0x23,
  0xbe, 0x23, 0xbe, 0x23, 0xbe, 0x23, 0xbe, 0x23, 0xbe, 0x23, 0xbe, 0x23,
  0xbe, 0x23, 0xbe, 0x23, 0xbe, 0x23, 0xbe, 0x23, 0xbe, 0x23, 0xbe, 0x23,
  0xbe, 0x23, 0xbe, 0x23, 0xbe, 0x23, 0xbe, 0x23, 0xbe, 0x23, 0xbe, 0x23,
  0xbe, 0x23, 0xbe, 0x23, 0xbe, 0x23, 0xbe, 0x23, 0xbe, 0x23, 0xbe, 0x23,
  0xbe, 0x23, 0xbe, 0x23, 0xbe, 0x23, 0xbe, 0x23, 0xbe, 0x23, 0xbe, 0x23,
  0xbe, 0x23, 0xbe, 0x23, 0xbe, 0x23, 0xbe, 0x23, 0xbe, 0x23, 0xbe, 0x23,
  0xbe, 0x23, 0xbe, 0x23, 0xbe, 0x23, 0xbe, 0x23, 0xbe, 0x23, 0xbe, 0x23,
  0xbe, 0x23, 0xbe, 0x23, 0xbe, 0x23, 0xbe, 0x23, 0xbe, 0x23, 0xbe, 0x23,
  0xbe, 0x23, 0xbe, 0x23, 0xbe, 0x23, 0xbe, 0x23, 0xbe, 0x23, 0xbe, 0x23,
  0xbe, 0x23, 0xbe, 0x23, 0xbe, 0x23, 0xbe, 0x23, 0xbe, 0x23, 0xbe, 0x23,
  0xbe, 0x23, 0xbe, 0x23, 0xbe, 0x23, 0xbe, 0x23, 0xbe, 0x23, 0xbe, 0x23,
  0xbe, 0x23, 0xbe, 0x23, 0xbe, 0x23, 0xbe, 0x23, 0xbe, 0x23, 0xbe, 0x23,
  0xbe, 0x23, 0xbe, 0x23, 0xbe, 0x23, 0xbe, 0x23, 0xbe, 0x23, 0xbe, 0x23,
  0xbe, 0x23, 0xbe, 0x23, 0xbe, 0x23, 0xbe, 0x23, 0xbe, 0x23, 0xbe, 0x23,
  0xbe, 0x23, 0xbe, 0x23, 0xbe, 0x23, 0xbe, 0x23, 0xbe, 0x23, 0xbe, 0x23,
  0xbe, 0x23, 0xbe, 0x23, 0xbe, 0x23, 0xbe, 0x23, 0xbe, 0x23, 0xbe, 0x23,
  0xbe, 0x23, 0xbe, 0x23, 0xbe, 0x23, 0xbe, 0x23, 0xbe, 0x23, 0xbe, 0x23,
  0xbe, 0x23, 0xbe, 0x23, 0xbe, 0x23, 0xbe, 0x23, 0xbe, 0x23, 0xbe, 0x23,
  0xbe, 0x23, 0xbe, 0x23, 0xbe, 0x23, 0xbe, 0x23, 0xbe, 0x23, 0xbe, 0x23,
  0xbe, 0x23, 0xbe, 0x23, 0xbe, 0x23, 0xbe, 0x23, 0xbe, 0x23, 0xbe, 0x23,
  0xbe, 0x23, 0xbe, 0x23, 0xbe, 0x23, 0xbe, 0x23, 0xbe, 0x23, 0xbe, 0x23,
  0xbe, 0x23, 0xbe, 0x23, 0xbe, 0x23, 0xbe, 0x23, 0xbe, 0x23, 0xbe, 0x23,
  0xbe, 0x23, 0xbe, 0x23, 0xbe, 0x23, 0xbe, 0x23, 0xbe, 0x23, 0xbe, 0x23,
  0xbe, 0x23, 0xbe, 0x23, 0xbe, 0x23, 0xbe, 0x23, 0xbe, 0x23, 0xbe, 0x23,
  0xbe, 0x23, 0xbe, 0x23, 0xbe, 0x23, 0xbe, 0x23, 0xbe, 0x23, 0xbe, 0x23,
  0xbe, 0x23, 0xbe, 0x23, 0xbe, 0x23, 0xbe, 0x23, 0xbe, 0x23, 0xbe, 0x23,
  0xbe, 0x23, 0xbe, 0x23, 0xbe, 0x23, 0xbe, 0x23, 0xbe, 0x23, 0xbe, 0x23,
  0xbe, 0x23, 0xbe, 0x23, 0xbe, 0x23, 0xbe, 0x23, 0xbe, 0x23, 0xbe, 0x23,
  0xbe, 0x23, 0xbe, 0x23, 0xbe, 0x23, 0xbe, 0x23, 0xbe, 0x23, 0xbe, 0x23,
  0xbe, 0x23, 0xbe, 0x23, 0xbe, 0x23, 0xbe, 0x23, 0xbe, 0x23, 0xbe, 0x23,
  0xbe, 0x23, 0xbe, 0x23, 0xbe, 0x23, 0xbe, 0x23, 0xbe, 0x23, 0xbe, 0x23,
  0xbe, 0x23, 0xbe, 0x23, 0xbe, 0x23, 0xbe, 0x23, 0xbe, 0x23, 0xbe, 0x23,
  0xbe, 0x23, 0xbe, 0x23, 0xbe, 0x23, 0xbe, 0x23, 0xbe, 0x23, 0xbe, 0x23,
  0xbe, 0x23, 0xbe, 0x23, 0xbe, 0x23, 0xbe, 0x23, 0xbe, 0x23, 0xbe, 0x23,
  0xbe, 0x23, 0xbe, 0x23, 0xbe, 0x23, 0xbe, 0x23, 0xbe, 0x23, 0xbe, 0x23,
  0xbe, 0x23, 0xbe, 0x23, 0xbe, 0x23, 0xbe, 0x23, 0xbe, 0x23, 0xbe, 0x23,
  0xbe, 0x23, 0xbe, 0x23, 0xbe, 0x23, 0xbe, 0x23, 0xbe, 0x23, 0xbe, 0x23,
  0xbe, 0x23, 0xbe, 0x23, 0xbe, 0x23, 0xbe, 0x23, 0xbe, 0x23, 0xbe, 0x23,
  0xbe, 0x23, 0xbe, 0x23, 0xbe, 0x23, 0xbe, 0x23, 0xbe, 0x23, 0xbe, 0x23,
  0xbe, 0x23, 0xbe, 0x23, 0xbe, 0x23, 0xbe, 0x23, 0xbe, 0x23, 0xbe, 0x23,
  0xbe, 0x23, 0xbe, 0x23, 0xbe, 0x23, 0xbe, 0x23, 0xbe, 0x23, 0xbe, 0x23,
  0xbe, 0x23, 0xbe, 0x23, 0xbe, 0x23, 0xbe, 0x23, 0xbe, 0x23, 0xbe, 0x23,
  0xbe, 0x23, 0xbe, 0x23, 0xbe, 0x23, 0xbe, 0x23, 0xbe, 0x23, 0xbe, 0x23,
  0xbe, 0x23, 0xbe, 0x23, 0xbe, 0x23, 0xbe, 0x23, 0xbe, 0x23, 0xbe, 0x23,
  0xbe, 0x23, 0xbe, 0x23, 0xbe, 0x23, 0xbe, 0x23, 0xbe, 0x23, 0xbe, 0x23,
  0xbe, 0x23, 0xbe, 0x23, 0xbe, 0x23, 0xbe, 0x23, 0xbe, 0x23, 0xbe, 0x23,
  0xbe, 0x23, 0xbe, 0x23, 0xbe, 0x23, 0xbe, 0x23, 0xbe, 0x23, 0xbe, 0x23,
  0xbe, 0x23, 0xbe, 0x23, 0xbe, 0x23, 0xbe, 0x23, 0xbe, 0x23, 0xbe, 0x23,
  0xbe, 0x23, 0xbe, 0x23, 0xbe, 0x23, 0xbe, 0x23, 0xbe, 0x23, 0xbe, 0x23,
  0xbe, 0x23, 0xbe, 0x23, 0xbe, 0x23, 0xbe, 0x23, 0xbe, 0x23, 0xbe, 0x23,
  0xbe, 0x23, 0xbe, 0x23, 0xbe, 0x23, 0xbe, 0x23, 0xbe, 0x23, 0xbe, 0x23,
  0xbe, 0x23, 0xbe, 0x23, 0xbe, 0x23, 0xbe, 0x23, 0xbe, 0x23, 0xbe, 0x23,
  0xbe, 0x23, 0xbe, 0x23, 0xbe, 0x23, 0xbe, 0x23, 0xbe, 0x23, 0xbe, 0x23,
  0xbe, 0x23, 0xbe, 0x23, 0xbe, 0x23, 0xbe, 0x23, 0xbe, 0x23, 0xbe, 0x23,
  0xbe, 0x23, 0xbe, 0x23, 0xbe, 0x23, 0xbe, 0x23, 0xbe, 0x23, 0xbe, 0x23,
  0xbe, 0x23, 0xbe, 0x23, 0xbe, 0x23, 0xbe, 0x23, 0xbe, 0x23, 0xbe, 0x23,
  0xbe, 0x23, 0xbe, 0x23, 0xbe, 0x23, 0xbe, 0x23, 0xbe, 0x23, 0xbe, 0x23,
  0xbe, 0x23, 0xbe, 0x23, 0xbe, 0x23, 0xbe, 0x23, 0xbe, 0x23, 0xbe, 0x23,
  0xbe, 0x23, 0xbe, 0x23, 0xbe, 0x23, 0xbe, 0x23, 0xbe, 0x23, 0xbe, 0x23,
  0xbe, 0x23, 0xbe, 0x23, 0xbe, 0x23, 0xbe, 0x23, 0xbe, 0x23, 0xbe, 0x23,
  0xbe, 0x23, 0xbe, 0x23, 0xbe, 0x23, 0xbe, 0x23, 0xbe, 0x23, 0xbe, 0x23,
  0xbe, 0x23, 0xbe, 0x23, 0xbe, 0x23, 0xbe, 0x23, 0xbe, 0x23, 0xbe, 0x23,
  0xbe, 0x23, 0xbe, 0x23, 0xbe, 0x23, 0xbe, 0x23, 0xbe, 0x23, 0xbe, 0x23,
  0xbe, 0x23, 0xbe, 0x23, 0xbe, 0x23, 0xbe, 0x23, 0xbe, 0x23, 0xbe, 0x23,
  0xbe, 0x23, 0xbe, 0x23, 0xbe, 0x23, 0xbe, 0x23, 0xbe, 0x23, 0xbe, 0x23,
  0xbe, 0x23, 0xbe, 0x23, 0xbe, 0x23, 0xbe, 0x23, 0xbe, 0x23, 0xbe, 0x23,
  0xbe, 0x23, 0xbe, 0x23, 0xbe, 0x23, 0xbe, 0x23, 0xbe, 0x23, 0xbe, 0x23,
  0xbe, 0x23, 0xbe, 0x23, 0xbe, 0x23, 0xbe, 0x23, 0xbe, 0x23, 0xbe, 0x23,
  0xbe, 0x23, 0xbe, 0x23, 0xbe, 0x23, 0xbe, 0x23, 0xbe, 0x23, 0xbe, 0x23,
  0xbe, 0x23, 0xbe, 0x23, 0xbe, 0x23, 0xbe, 0x23, 0xbe, 0x23, 0xbe, 0x23,
  0xbe, 0x23, 0xbe, 0x23, 0xbe, 0x23, 0xbe, 0x23, 0xbe, 0x23, 0xbe, 0x23,
  0xbe, 0x23, 0xbe, 0x23, 0xbe, 0x23, 0xbe, 0x23, 0xbe, 0x23, 0xbe, 0x23,
  0xbe, 0x23, 0xbe, 0x23, 0xbe, 0x23, 0xbe, 0x23, 0xbe, 0x23, 0xbe, 0x23,
  0xbe, 0x23, 0xbe, 0x23, 0xbe, 0x23, 0xbe, 0x23, 0xbe, 0x23, 0xbe, 0x23,
  0xbe, 0x23, 0xbe, 0x23, 0xbe, 0x23, 0xbe, 0x23, 0xbe, 0x23, 0xbe, 0x23,
  0xbe, 0x23, 0xbe, 0x23, 0xbe, 0x23, 0xbe, 0x23, 0xbe, 0x23, 0xbe, 0x23,
  0xbe, 0x23, 0xbe, 0x23, 0xbe, 0x23, 0xbe, 0x23, 0xbe, 0x23, 0xbe, 0x23,
  0xbe, 0x23, 0xbe, 0x23, 0xbe, 0x23, 0xbe, 0x23, 0xbe, 0x23, 0xbe, 0x23,
  0xbe, 0x23, 0xbe, 0x23, 0xbe, 0x23, 0xbe, 0x23, 0xbe, 0x23, 0xbe, 0x23,
  0xbe, 0x23, 0xbe, 0x23, 0xbe, 0x23, 0xbe, 0x23, 0xbe, 0x23, 0xbe, 0x23,
  0xbe, 0x23, 0xbe, 0x23, 0xbe, 0x23, 0xbe, 0x23, 0xbe, 0x23, 0xbe, 0x23,
  0xbe, 0x23, 0xbe, 0x23, 0xbe, 0x23, 0xbe, 0x23, 0xbe, 0x23, 0xbe, 0x23,
  0xbe, 0x23, 0xbe, 0x23, 0xbe, 0x23, 0xbe, 0x23, 0xbe, 0x23, 0xbe, 0x23,
  0xbe, 0x23, 0xbe, 0x23, 0xbe, 0x23, 0xbe, 0x23, 0xbe, 0x23, 0xbe, 0x23,
  0xbe, 0x23, 0xbe, 0x23, 0xbe, 0x23, 0xbe, 0x23, 0xbe, 0x23, 0xbe, 0x23,
  0xbe, 0x23, 0xbe, 0x23, 0xbe, 0x23, 0xbe, 0x23, 0xbe, 0x23, 0xbe, 0x23,
  0xbe, 0x23, 0xbe, 0x23, 0xbe, 0x23, 0xbe, 0x23, 0xbe, 0x23, 0xbe, 0x23,
  0xbe, 0x23, 0xbe, 0x23, 0xbe, 0x23, 0xbe, 0x23, 0xbe, 0x23, 0xbe, 0x23,
  0xbe, 0x23, 0xbe, 0x23, 0xbe, 0x23, 0xbe, 0x23, 0xbe, 0x23, 0xbe, 0x23,
  0xbe, 0x23, 0xbe, 0x23, 0xbe, 0x23, 0xbe, 0x23, 0xbe, 0x23, 0xbe, 0x23,
  0xbe, 0x23, 0xbe, 0x23, 0xbe, 0x23, 0xbe, 0x23, 0xbe, 0x23, 0xbe, 0x23,
  0xbe, 0x23, 0xbe, 0x23, 0xbe, 0x23, 0xbe, 0x23, 0xbe, 0x23, 0xbe, 0x23,
  0xbe, 0x23, 0xbe, 0x23, 0xbe, 0x23, 0xbe, 0x23, 0xbe, 0x23, 0xbe, 0x23,
  0xbe, 0x23, 0xbe, 0x23, 0xbe, 0x23, 0xbe, 0x23, 0xbe, 0x23, 0xbe, 0x23,
  0xbe, 0x23, 0xbe, 0x23, 0xbe, 0x23, 0xbe, 0x23, 0xbe, 0x23, 0xbe, 0x23,
  0xbe, 0x23, 0xbe, 0x23, 0xbe, 0x23, 0xbe, 0x23, 0xbe, 0x23, 0xbe, 0x23,
  0xbe, 0x23, 0xbe, 0x23, 0xbe, 0x23, 0xbe, 0x23, 0xbe, 0x23, 0xbe, 0x23,
  0xbe, 0x23, 0xbe, 0x23, 0xbe, 0x23, 0xbe, 0x23, 0xbe, 0x23, 0xbe, 0x23,
  0xbe, 0x23, 0xbe, 0x23, 0xbe, 0x23, 0xbe, 0x23, 0xbe, 0x23, 0xbe, 0x23,
  0xbe, 0x23, 0xbe, 0x23, 0xbe, 0x23, 0xbe, 0x23, 0xbe, 0x23, 0xbe, 0x23,
  0xbe, 0x23, 0xbe, 0x23, 0xbe, 0x23, 0xbe, 0x23, 0xbe, 0x23, 0xbe, 0x23,
  0xbe, 0x23, 0xbe, 0x23, 0xbe, 0x23, 0xbe, 0x23, 0xbe, 0x23, 0xbe, 0x23,
  0xbe, 0x23, 0xbe, 0x23, 0xbe, 0x23, 0xbe, 0x23, 0xbe, 0x23, 0xbe, 0x23,
  0xbe, 0x23, 0xbe, 0x23, 0xbe, 0x23, 0xbe, 0x23, 0xbe, 0x23, 0xbe, 0x23,
  0xbe, 0x23, 0xbe, 0x23, 0xbe, 0x23, 0xbe, 0x23, 0xbe, 0x23, 0xbe, 0x23,
  0xbe, 0x23, 0xbe, 0x23, 0xbe, 0x23, 0xbe, 0x23, 0xbe, 0x23, 0xbe, 0x23,
  0xbe, 0x23, 0xbe, 0x23, 0xbe, 0x23, 0xbe, 0x23, 0xbe, 0x23, 0xbe, 0x23,
  0xbe, 0x23, 0xbe, 0x23, 0xbe, 0x23, 0xbe, 0x23, 0xbe, 0x23, 0xbe, 0x23,
  0xbe, 0x23, 0xbe, 0x23, 0xbe, 0x23, 0xbe, 0x23, 0xbe, 0x23, 0xbe, 0x23,
  0xbe, 0x23, 0xbe, 0x23, 0xbe, 0x23, 0xbe, 0x23, 0xbe, 0x23, 0xbe, 0x23,
  0xbe, 0x23, 0xbe, 0x23, 0xbe, 0x23, 0xbe, 0x23, 0xbe, 0x23, 0xbe, 0x23,
  0xbe, 0x23, 0xbe, 0x23, 0xbe, 0x23, 0xbe, 0x23, 0xbe, 0x23, 0xbe, 0x23,
  0xbe, 0x23, 0xbe, 0x23, 0xbe, 0x23, 0xbe, 0x23, 0xbe, 0x23, 0xbe, 0x23,
  0xbe, 0x23, 0xbe, 0x23, 0xbe, 0x23, 0xbe, 0x23, 0xbe, 0x23, 0xbe, 0x23,
  0xbe, 0x23, 0xbe, 0x23, 0xbe, 0x23, 0xbe, 0x23, 0xbe, 0x23, 0xbe, 0x23,
  0xbe, 0x23, 0xbe, 0x23, 0xbe, 0x23, 0xbe, 0x23, 0xbe, 0x23, 0xbe, 0x23,
  0xbe, 0x23, 0xbe, 0x23, 0xbe, 0x23, 0xbe, 0x23, 0xbe, 0x23, 0xbe, 0x23,
  0xbe, 0x23, 0xbe, 0x23, 0xbe, 0x23, 0xbe, 0x23, 0xbe, 0x23, 0xbe, 0x23,
  0xbe, 0x23, 0xbe, 0x23, 0xbe, 0x23, 0xbe, 0x23, 0xbe, 0x23, 0xbe, 0x23,
  0xbe, 0x23, 0xbe, 0x23, 0xbe, 0x23, 0xbe, 0x23, 0xbe, 0x23, 0xbe, 0x23,
  0xbe, 0x23, 0xbe, 0x23, 0xbe, 0x23, 0xbe, 0x23, 0xbe, 0x23, 0xbe, 0x23,
  0xbe, 0x23, 0xbe, 0x23, 0xbe, 0x23, 0xbe, 0x23, 0xbe, 0x23, 0xbe, 0x23,
  0xbe, 0x23, 0xbe, 0x23, 0xbe, 0x23, 0xbe, 0x23, 0xbe, 0x23, 0xbe, 0x23,
  0xbe, 0x23, 0xbe, 0x23, 0xbe, 0x23, 0xbe, 0x23, 0xbe, 0x23, 0xbe, 0x23,
  0xbe, 0x23, 0xbe, 0x23, 0xbe, 0x23, 0xbe, 0x23, 0xbe, 0x23, 0xbe, 0x23,
  0xbe, 0x23, 0xbe, 0x23, 0xbe, 0x23, 0xbe, 0x23, 0xbe, 0x23, 0xbe, 0x23,
  0xbe, 0x23, 0xbe, 0x23, 0xbe, 0x23, 0xbe, 0x23, 0xbe, 0x23, 0xbe, 0x23,
  0xbe, 0x23, 0xbe, 0x23, 0xbe, 0x23, 0xbe, 0x23, 0xbe, 0x23, 0xbe, 0x23,
  0xbe, 0x23, 0xbe, 0x23, 0xbe, 0x23, 0xbe, 0x23, 0xbe, 0x23, 0xbe, 0x23,
  0xbe, 0x23, 0xbe, 0x23, 0xbe, 0x23, 0xbe, 0x23, 0xbe, 0x23, 0xbe, 0x23,
  0xbe, 0x23, 0xbe, 0x23, 0xbe, 0x23, 0xbe, 0x23, 0xbe, 0x23, 0xbe, 0x23,
  0xbe, 0x23, 0xbe, 0x23, 0xbe, 0x23, 0xbe, 0x23, 0xbe, 0x23, 0xbe, 0x23,
  0xbe, 0x23, 0xbe, 0x23, 0xbe, 0x23, 0xbe, 0x23, 0xbe, 0x23, 0xbe, 0x23,
  0xbe, 0x23, 0xbe, 0x23, 0xbe, 0x23, 0xbe, 0x23, 0xbe, 0x23, 0xbe, 0x23,
  0xbe, 0x23, 0xbe, 0x23, 0xbe, 0x23, 0xbe, 0x23, 0xbe, 0x23, 0xbe, 0x23,
  0xbe, 0x23, 0xbe, 0x23, 0xbe, 0x23, 0xbe, 0x23, 0xbe, 0x23, 0xbe, 0x23,
  0xbe, 0x23, 0xbe, 0x23, 0xbe, 0x23, 0xbe, 0x23, 0xbe, 0x23, 0xbe, 0x23,
  0xbe, 0x23, 0xbe, 0x23, 0xbe, 0x23, 0xbe, 0x23, 0xbe, 0x23, 0xbe, 0x23,
  0xbe, 0x23, 0xbe, 0x23, 0xbe, 0x23, 0xbe, 0x23, 0xbe, 0x23, 0xbe, 0x23,
  0xbe, 0x23, 0xbe, 0x23, 0xbe, 0x23, 0xbe, 0x23, 0xbe, 0x23, 0xbe, 0x23,
  0xbe, 0x23, 0xbe, 0x23, 0xbe, 0x23, 0xbe, 0x23, 0xbe, 0x23, 0xbe, 0x23,
  0xbe, 0x23, 0xbe, 0x23, 0xbe, 0x23, 0xbe, 0x23, 0xbe, 0x23, 0xbe, 0x23,
  0xbe, 0x23, 0xbe, 0x23, 0xbe, 0x23, 0xbe, 0x23, 0xbe, 0x23, 0xbe, 0x23,
  0xbe, 0x23, 0xbe, 0x23, 0xbe, 0x23, 0xbe, 0x23, 0xbe, 0x23, 0xbe, 0x23,
  0xbe, 0x23, 0xbe, 0x23, 0xbe, 0x23, 0xbe, 0x23, 0xbe, 0x23, 0xbe, 0x23,
  0xbe, 0x23, 0xbe, 0x23, 0xbe, 0x23, 0xbe, 0x23, 0xbe, 0x23, 0xbe, 0x23,
  0xbe, 0x23, 0xbe, 0x23, 0xbe, 0x23, 0xbe, 0x23, 0xbe, 0x23, 0xbe, 0x23,
  0xbe, 0x23, 0xbe, 0x23, 0xbe, 0x23, 0xbe, 0x23, 0xbe, 0x23, 0xbe, 0x23,
  0xbe, 0x23, 0xbe, 0x23, 0xbe, 0x23, 0xbe, 0x23, 0xbe, 0x23, 0xbe, 0x23,
  0xbe, 0x23, 0xbe, 0x23, 0xbe, 0x23, 0xbe, 0x23, 0xbe, 0x23, 0xbe, 0x23,
  0xbe, 0x23, 0xbe, 0x23, 0xbe, 0x23, 0xbe, 0x23, 0xbe, 0x23, 0xbe, 0x23,
  0xbe, 0x23, 0xbe, 0x23, 0xbe, 0x23, 0xbe, 0x23, 0xbe, 0x23, 0xbe, 0x23,
  0xbe, 0x23, 0xbe, 0x23, 0xbe, 0x23, 0xbe, 0x23, 0xbe, 0x23, 0xbe, 0x23,
  0xbe, 0x23, 0xbe, 0x23, 0xbe, 0x23, 0xbe, 0x23, 0xbe, 0x23, 0xbe, 0x23,
  0xbe, 0x23, 0xbe, 0x23, 0xbe, 0x23, 0xbe, 0x23, 0xbe, 0x23, 0xbe, 0x23,
  0xbe, 0x23, 0xbe, 0x23, 0xbe, 0x23, 0xbe, 0x23, 0xbe, 0x23, 0xbe, 0x23,
  0xbe, 0x23, 0xbe, 0x23, 0xbe, 0x23, 0xbe, 0x23, 0xbe, 0x23, 0xbe, 0x23,
  0xbe, 0x23, 0xbe, 0x23, 0xbe, 0x23, 0xbe, 0x23, 0xbe, 0x23, 0xbe, 0x23,
  0xbe, 0x23, 0xbe, 0x23, 0xbe, 0x23, 0xbe, 0x23, 0xbe, 0x23, 0xbe, 0x23,
  0xbe, 0x23, 0xbe, 0x23, 0xbe, 0x23, 0xbe, 0x23, 0xbe, 0x23, 0xbe, 0x23,
  0xbe, 0x23, 0xbe, 0x23, 0xbe, 0x23, 0xbe, 0x23, 0xbe, 0x23, 0xbe, 0x23,
  0xbe, 0x23, 0xbe, 0x23, 0xbe, 0x23, 0xbe, 0x23, 0xbe, 0x23, 0xbe, 0x23,
  0xbe, 0x23, 0xbe, 0x23, 0xbe, 0x23, 0xbe, 0x23, 0xbe, 0x23, 0xbe, 0x23,
  0xbe, 0x23, 0xbe, 0x23, 0xbe, 0x23, 0xbe, 0x23, 0xbe, 0x23, 0xbe, 0x23,
  0xbe, 0x23, 0xbe, 0x23, 0xbe, 0x23, 0xbe, 0x23, 0xbe, 0x23, 0xbe, 0x23,
  0xbe, 0x23, 0xbe, 0x23, 0xbe, 0x23, 0xbe, 0x23, 0xbe, 0x23, 0xbe, 0x23,
  0xbe, 0x23, 0xbe, 0x23, 0xbe, 0x23, 0xbe, 0x23, 0xbe, 0x23, 0xbe, 0x23,
  0xbe, 0x23, 0xbe, 0x23, 0xbe, 0x23, 0xbe, 0x23, 0xbe, 0x23, 0xbe, 0x23,
  0xbe, 0x23, 0xbe, 0x23, 0xbe, 0x23, 0xbe, 0x23, 0xbe, 0x23, 0xbe, 0x23,
  0xbe, 0x23, 0xbe, 0x23, 0xbe, 0x23, 0xbe, 0x23, 0xbe, 0x23, 0xbe, 0x23,
  0xbe, 0x23, 0xbe, 0x23, 0xbe, 0x23, 0xbe, 0x23, 0xbe, 0x23, 0xbe, 0x23,
  0xbe, 0x23, 0xbe, 0x23, 0xbe, 0x23, 0xbe, 0x23, 0xbe, 0x23, 0xbe, 0x23,
  0xbe, 0x23, 0xbe, 0x23, 0xbe, 0x23, 0xbe, 0x23, 0xbe, 0x23, 0xbe, 0x23,
  0xbe, 0x23, 0xbe, 0x23, 0xbe, 0x23, 0xbe, 0x23, 0xbe, 0x23, 0xbe, 0x23,
  0xbe, 0x23, 0xbe, 0x23, 0xbe, 0x23, 0xbe, 0x23, 0xbe, 0x23, 0xbe, 0x23,
  0xbe, 0x23, 0xbe, 0x23, 0xbe, 0x23, 0xbe, 0x23, 0xbe, 0x23, 0xbe, 0x23,
  0xbe, 0x23, 0xbe, 0x23, 0xbe, 0x23, 0xbe, 0x23, 0xbe, 0x23, 0xbe, 0x23,
  0xbe, 0x23, 0xbe, 0x23, 0xbe, 0x23, 0xbe, 0x23, 0xbe, 0x23, 0xbe, 0x23,
  0xbe, 0x23, 0xbe, 0x23, 0xbe, 0x23, 0xbe, 0x23, 0xbe, 0x23, 0xbe, 0x23,
  0xbe, 0x23, 0xbe, 0x23, 0xbe, 0x23, 0xbe, 0x23, 0xbe, 0x23, 0xbe, 0x23,
  0xbe, 0x23, 0xbe, 0x23, 0xbe, 0x23, 0xbe, 0x23, 0xbe, 0x23, 0xbe, 0x23,
  0xbe, 0x23, 0xbe, 0x23, 0xbe, 0x23, 0xbe, 0x23, 0xbe, 0x23, 0xbe, 0x23,
  0xbe, 0x23, 0xbe, 0x23, 0xbe, 0x23, 0xbe, 0x23, 0xbe, 0x23, 0xbe, 0x23,
  0xbe, 0x23, 0xbe, 0x23, 0xbe, 0x23, 0xbe, 0x23, 0xbe, 0x23, 0xbe, 0x23,
  0xbe, 0x23, 0xbe, 0x23, 0xbe, 0x23, 0xbe, 0x23, 0xbe, 0x23, 0xbe, 0x23,
  0xbe, 0x23, 0xbe, 0x23, 0xbe, 0x23, 0xbe, 0x23, 0xbe, 0x23, 0xbe, 0x23,
  0xbe, 0x23, 0xbe, 0x23, 0xbe, 0x23, 0xbe, 0x23, 0xbe, 0x23, 0xbe, 0x23,
  0xbe, 0x23, 0xbe, 0x23, 0xbe, 0x23, 0xbe, 0x23, 0xbe, 0x23, 0xbe, 0x23,
  0xbe, 0x23, 0xbe, 0x23, 0xbe, 0x23, 0xbe, 0x23, 0xbe, 0x23, 0xbe, 0x23,
  0xbe, 0x23, 0xbe, 0x23, 0xbe, 0x23, 0xbe, 0x23, 0xbe, 0x23, 0xbe, 0x23,
  0xbe, 0x23, 0xbe, 0x23, 0xbe, 0x23, 0xbe, 0x23, 0xbe, 0x23, 0xbe, 0x23,
  0xbe, 0x23, 0xbe, 0x23, 0xbe, 0x23, 0xbe, 0x23, 0xbe, 0x23, 0xbe, 0x23,
  0xbe, 0x23, 0xbe, 0x23, 0xbe, 0x23, 0xbe, 0x23, 0xbe, 0x23, 0xbe, 0x23,
  0xbe, 0x23, 0xbe, 0x23, 0xbe, 0x23, 0xbe, 0x23, 0xbe, 0x23, 0xbe, 0x23,
  0xbe, 0x23, 0xbe, 0x23, 0xbe, 0x23, 0xbe, 0x23, 0xbe, 0x23, 0xbe, 0x23,
  0xbe, 0x23, 0xbe, 0x23, 0xbe, 0x23, 0xbe, 0x23, 0xbe, 0x23, 0xbe, 0x23,
  0xbe, 0x23, 0xbe, 0x23, 0xbe, 0x23, 0xbe, 0x23, 0xbe, 0x23, 0xbe, 0x23,
  0xbe, 0x23, 0xbe, 0x23, 0xbe, 0x23, 0xbe, 0x23, 0xbe, 0x23, 0xbe, 0x23,
  0xbe, 0x23, 0xbe, 0x23, 0xbe, 0x23, 0xbe, 0x23, 0xbe, 0x23, 0xbe, 0x23,
  0xbe, 0x23, 0xbe, 0x23, 0xbe, 0x23, 0xbe, 0x23, 0xbe, 0x23, 0xbe, 0x23,
  0xbe, 0x23, 0xbe, 0x23, 0xbe, 0x23, 0xbe, 0x23, 0xbe, 0x23, 0xbe, 0x23,
  0xbe, 0x23, 0xbe, 0x23, 0xbe, 0x23, 0xbe, 0x23, 0xbe, 0x23, 0xbe, 0x23,
  0xbe, 0x23, 0xbe, 0x23, 0xbe, 0x23, 0xbe, 0x23, 0xbe, 0x23, 0xbe, 0x23,
  0xbe, 0x23, 0xbe, 0x23, 0xbe, 0x23, 0xbe, 0x23, 0xbe, 0x23, 0xbe, 0x23,
  0xbe, 0x23, 0xbe, 0x23, 0xbe, 0x23, 0xbe, 0x23, 0xbe, 0x23, 0xbe, 0x23,
  0xbe, 0x23, 0xbe, 0x23, 0xbe, 0x23, 0xbe, 0x23, 0xbe, 0x23, 0xbe, 0x23,
  0xbe, 0x23, 0xbe, 0x23, 0xbe, 0x23, 0xbe, 0x23, 0xbe, 0x23, 0xbe, 0x23,
  0xbe, 0x23, 0xbe, 0x23, 0xbe, 0x23, 0xbe, 0x23, 0xbe, 0x23, 0xbe, 0x23,
  0xbe, 0x23, 0xbe, 0x23, 0xbe, 0x23, 0xbe, 0x23, 0xbe, 0x23, 0xbe, 0x23,
  0xbe, 0x23, 0xbe, 0x23, 0xbe, 0x23, 0xbe, 0x23, 0xbe, 0x23, 0xbe, 0x23,
  0xbe, 0x23, 0xbe, 0x23, 0xbe, 0x23, 0xbe, 0x23, 0xbe, 0x23, 0xbe, 0x23,
  0xbe, 0x23, 0xbe, 0x23, 0xbe, 0x23, 0xbe, 0x23, 0xbe, 0x23, 0xbe, 0x23,
  0xbe, 0x23, 0xbe, 0x23, 0xbe, 0x23, 0xbe, 0x23, 0xbe, 0x23, 0xbe, 0x23,
  0xbe, 0x23, 0xbe, 0x23, 0xbe, 0x23, 0xbe, 0x23, 0xbe, 0x23, 0xbe, 0x23,
  0xbe, 0x23, 0xbe, 0x23, 0xbe, 0x23, 0xbe, 0x23, 0xbe, 0x23, 0xbe, 0x23,
  0xbe, 0x23, 0xbe, 0x23, 0xbe, 0x23, 0xbe, 0x23, 0xbe, 0x23, 0xbe, 0x23,
  0xbe, 0x23, 0xbe, 0x23, 0xbe, 0x23, 0xbe, 0x23, 0xbe, 0x23, 0xbe, 0x23,
  0xbe, 0x23, 0xbe, 0x23, 0xbe, 0x23, 0xbe, 0x23, 0xbe, 0x23, 0xbe, 0x23,
  0xbe, 0x23, 0xbe, 0x23, 0xbe, 0x23, 0xbe, 0x23, 0xbe, 0x23, 0xbe, 0x23,
  0xbe, 0x23, 0xbe, 0x23, 0xbe, 0x23, 0xbe, 0x23, 0xbe, 0x23, 0xbe, 0x23,
  0xbe, 0x23, 0xbe, 0x23, 0xbe, 0x23, 0xbe, 0x23, 0xbe, 0x23, 0xbe, 0x23,
  0xbe, 0x23, 0xbe, 0x23, 0xbe, 0x23, 0xbe, 0x23, 0xbe, 0x23, 0xbe, 0x23,
  0xbe, 0x23, 0xbe, 0x23, 0xbe, 0x23, 0xbe, 0x23, 0xbe, 0x23, 0xbe, 0x23,
  0xbe, 0x23, 0xbe, 0x23, 0xbe, 0x23, 0xbe, 0x23, 0xbe, 0x23, 0xbe, 0x23,
  0xbe, 0x23, 0xbe, 0x23, 0xbe, 0x23, 0xbe, 0x23, 0xbe, 0x23, 0xbe, 0x23,
  0xbe, 0x23, 0xbe, 0x23, 0xbe, 0x23, 0xbe, 0x23, 0xbe, 0x23, 0xbe, 0x23,
  0xbe, 0x23, 0xbe, 0x23, 0xbe, 0x23, 0xbe, 0x23, 0xbe, 0x23, 0xbe, 0x23,
  0xbe, 0x23, 0xbe, 0x23, 0xbe, 0x23, 0xbe, 0x23, 0xbe, 0x23, 0xbe, 0x23,
  0xbe, 0x23, 0xbe, 0x23, 0xbe, 0x23, 0xbe, 0x23, 0xbe, 0x23, 0xbe, 0x23,
  0xbe, 0x23, 0xbe, 0x23, 0xbe, 0x23, 0xbe, 0x23, 0xbe, 0x23, 0xbe, 0x23,
  0xbe, 0x23, 0xbe, 0x23, 0xbe, 0x23, 0xbe, 0x23, 0xbe, 0x23, 0xbe, 0x23,
  0xbe, 0x23, 0xbe, 0x23, 0xbe, 0x23, 0xbe, 0x23, 0xbe, 0x23, 0xbe, 0x23,
  0xbe, 0x23, 0xbe, 0x23, 0xbe, 0x23, 0xbe, 0x23, 0xbe, 0x23, 0xbe, 0x23,
  0xbe, 0x23, 0xbe, 0x23, 0xbe, 0x23, 0xbe, 0x23, 0xbe, 0x23, 0xbe, 0x23,
  0xbe, 0x23, 0xbe, 0x23, 0xbe, 0x23, 0xbe, 0x23, 0xbe, 0x23, 0xbe, 0x23,
  0xbe, 0x23, 0xbe, 0x23, 0xbe, 0x23, 0xbe, 0x23, 0xbe, 0x23, 0xbe, 0x23,
  0xbe, 0x23, 0xbe, 0x23, 0xbe, 0x23, 0xbe, 0x23, 0xbe, 0x23, 0xbe, 0x23,
  0xbe, 0x23, 0xbe, 0x23, 0xbe, 0x23, 0xbe, 0x23, 0xbe, 0x23, 0xbe, 0x23,
  0xbe, 0x23, 0xbe, 0x23, 0xbe, 0x23, 0xbe, 0x23, 0xbe, 0x23, 0xbe, 0x23,
  0xbe, 0x23, 0xbe, 0x23, 0xbe, 0x23, 0xbe, 0x23, 0xbe, 0x23, 0xbe, 0x23,
  0xbe, 0x23, 0xbe, 0x23, 0xbe, 0x23, 0xbe, 0x23, 0xbe, 0x23, 0xbe, 0x23,
  0xbe, 0x23, 0xbe, 0x23, 0xbe, 0x23, 0xbe, 0x23, 0xbe, 0x23, 0xbe, 0x23,
  0xbe, 0x23, 0xbe, 0x23, 0xbe, 0x23, 0xbe, 0x23, 0xbe, 0x23, 0xbe, 0x23,
  0xbe, 0x23, 0xbf, 0x23, 0xbe, 0x23, 0xbe, 0x23, 0xbe, 0x23, 0xbe, 0x23,
  0xbe, 0x23, 0xbf, 0x23, 0xbe, 0x23, 0xbe, 0x23, 0xbf, 0x23, 0xbe, 0x23,
  0xbe, 0x23, 0xbe, 0x23, 0xbe, 0x23, 0xbf, 0x23, 0xbe, 0x23, 0xbe, 0x23,
  0xbe, 0x23, 0xbe, 0x23, 0xbe, 0x23, 0xbe, 0x23, 0xbe, 0x23, 0xbe, 0x23,
  0xbe, 0x23, 0xbe, 0x23, 0xbe, 0x23, 0xbe, 0x23, 0xbe, 0x23, 0xbe, 0x23,
  0xbe, 0x23, 0xbe, 0x23, 0xbe, 0x23, 0xbf, 0x23, 0xbe, 0x23, 0xbe, 0x23,
  0xbe, 0x23, 0xbe, 0x23, 0xbe, 0x23, 0xbf, 0x23, 0xbe, 0x23, 0xbe, 0x23,
  0xbf, 0x23, 0xbe, 0x23, 0xbe, 0x23, 0xbe, 0x23, 0xbe, 0x23, 0xbe, 0x23,
  0xbe, 0x23, 0xbe, 0x23, 0xbe, 0x23, 0xbe, 0x23, 0xbe, 0x23, 0xbe, 0x23,
  0xbe, 0x23, 0xbe, 0x23, 0xbe, 0x23, 0xbe, 0x23, 0xbf, 0x23, 0xbe, 0x23,
  0xbe, 0x23, 0xbe, 0x23, 0xbe, 0x23, 0xbe, 0x23, 0xbe, 0x23, 0xbe, 0x23,
  0xbe, 0x23, 0xbe, 0x23, 0xbe, 0x23, 0xbe, 0x23, 0xbe, 0x23, 0xbe, 0x23,
  0xbe, 0x23, 0xbe, 0x23, 0xbe, 0x23, 0xbe, 0x23, 0xbe, 0x23, 0xbe, 0x23,
  0xbe, 0x23, 0xbe, 0x23, 0xbe, 0x23, 0xbe, 0x23, 0xbe, 0x23, 0xbe, 0x23,
  0xbe, 0x23, 0xbe, 0x23, 0xbe, 0x23, 0xbe, 0x23, 0xbe, 0x23, 0xbe, 0x23,
  0xbe, 0x23, 0xbe, 0x23, 0xbe, 0x23, 0xbe, 0x23, 0xbe, 0x23, 0xbe, 0x23,
  0xbe, 0x23, 0xbe, 0x23, 0xbe, 0x23, 0xbe, 0x23, 0xbe, 0x23, 0xbe, 0x23,
  0xbe, 0x23, 0xbe, 0x23, 0xbe, 0x23, 0xbe, 0x23, 0xbe, 0x23, 0xbe, 0x23,
  0xbe, 0x23, 0xbe, 0x23, 0xbe, 0x23, 0xbe, 0x23, 0xbe, 0x23, 0xbe, 0x23,
  0xbe, 0x23, 0xbe, 0x23, 0xbe, 0x23, 0xbe, 0x23, 0xbe, 0x23, 0xbe, 0x23,
  0xbe, 0x23, 0xbf, 0x23, 0xbe, 0x23, 0xbe, 0x23, 0xbe, 0x23, 0xbe, 0x23,
  0xbe, 0x23, 0xbe, 0x23, 0xbe, 0x23, 0xbe, 0x23, 0xbe, 0x23, 0xbe, 0x23,
  0xbe, 0x23, 0xbe, 0x23, 0xbe, 0x23, 0xbe, 0x23, 0xbe, 0x23, 0xbe, 0x23,
  0xbe, 0x23, 0xbe, 0x23, 0xbe, 0x23, 0xbe, 0x23, 0xbe, 0x23, 0xbe, 0x23,
  0xbe, 0x23, 0xbe, 0x23, 0xbe, 0x23, 0xbe, 0x23, 0xbe, 0x23, 0xbe, 0x23,
  0xbe, 0x23, 0xbe, 0x23, 0xbe, 0x23, 0xbe, 0x23, 0xbe, 0x23, 0xbe, 0x23,
  0xbe, 0x23, 0xdf, 0x23, 0xf8, 0x1a, 0x74, 0x16, 0x94, 0x16, 0x3a, 0x1f,
  0x9e, 0x23, 0x53, 0x12, 0x95, 0x16, 0x74, 0x16, 0x5b, 0x1f, 0x9d, 0x1f,
  0xb5, 0x16, 0x74, 0x16, 0x19, 0x1b, 0xbe, 0x23, 0x74, 0x16, 0x53, 0x12,
  0xb6, 0x16, 0x9d, 0x1f, 0xbe, 0x23, 0xd7, 0x1a, 0xdf, 0x23, 0xf8, 0x1a,
  0x9d, 0x1f, 0xbe, 0x23, 0xbe, 0x23, 0xbe, 0x23, 0xbf, 0x23, 0x3b, 0x1f,
  0x53, 0x12, 0x95, 0x16, 0xf8, 0x1a, 0xbe, 0x23, 0x95, 0x16, 0x74, 0x16,
  0x95, 0x16, 0x7c, 0x1f, 0x7c, 0x1f, 0x53, 0x12, 0x95, 0x16, 0x95, 0x16,
  0x9d, 0x1f, 0x5b, 0x1f, 0x95, 0x16, 0x95, 0x16, 0x5b, 0x1f, 0xbe, 0x23,
  0xd7, 0x1a, 0x95, 0x16, 0xd7, 0x16, 0x9e, 0x23, 0xbe, 0x23, 0xbe, 0x23,
  0xbe, 0x23, 0xbe, 0x23, 0xbe, 0x23, 0xf8, 0x1a, 0x74, 0x16, 0xb6, 0x16,
  0xbe, 0x23, 0xf8, 0x1a, 0x5b, 0x1f, 0xdf, 0x23, 0xd7, 0x1a, 0xbe, 0x23,
  0x19, 0x1b, 0x7c, 0x1f, 0x7c, 0x1f, 0x19, 0x1b, 0xbf, 0x23, 0xbe, 0x23,
  0xbe, 0x23, 0xbe, 0x23, 0x9e, 0x23, 0xf8, 0x1a, 0xbe, 0x23, 0xf8, 0x1a,
  0xbe, 0x23, 0x3a, 0x1b, 0x53, 0x12, 0x95, 0x16, 0x95, 0x16, 0xbe, 0x23,
  0x5b, 0x1f, 0x5b, 0x1f, 0x9e, 0x23, 0xf8, 0x1a, 0xbf, 0x23, 0xbe, 0x23,
  0xbe, 0x23, 0xbe, 0x23, 0xbf, 0x23, 0x9d, 0x1f, 0x74, 0x16, 0x32, 0x12,
  0x19, 0x1b, 0x7c, 0x1f, 0x52, 0x12, 0x95, 0x16, 0x32, 0x12, 0x7c, 0x1f,
  0xbf, 0x23, 0xbe, 0x23, 0xbe, 0x23, 0xbf, 0x23, 0x9d, 0x1f, 0x32, 0x12,
  0x94, 0x16, 0xd7, 0x1a, 0xbe, 0x23, 0xd7, 0x1a, 0x74, 0x16, 0x95, 0x16,
  0xd7, 0x1a, 0xbe, 0x23, 0xf8, 0x1a, 0x74, 0x16, 0xb6, 0x16, 0x9d, 0x1f,
  0xbe, 0x23, 0xb6, 0x16, 0x11, 0x12, 0xd7, 0x16, 0x9d, 0x23, 0xb6, 0x16,
  0xbe, 0x23, 0x7c, 0x1f, 0x19, 0x1b, 0xbf, 0x23, 0xbe, 0x23, 0xbe, 0x23,
  0xbe, 0x23, 0xbe, 0x23, 0xbe, 0x23, 0xbe, 0x23, 0xbe, 0x23, 0xbe, 0x23,
  0xbe, 0x23, 0xbe, 0x23, 0xbe, 0x23, 0xbe, 0x23, 0xbe, 0x23, 0xbe, 0x23,
  0xbe, 0x23, 0xbe, 0x23, 0xbe, 0x23, 0xbe, 0x23, 0xbe, 0x23, 0xbe, 0x23,
  0xbe, 0x23, 0xbe, 0x23, 0xbe, 0x23, 0xbe, 0x23, 0xbe, 0x23, 0xbe, 0x23,
  0xbe, 0x23, 0xbe, 0x23, 0xbe, 0x23, 0xbe, 0x23, 0xbe, 0x23, 0xdf, 0x23,
  0xb6, 0x16, 0x9d, 0x1f, 0xdf, 0x23, 0x94, 0x16, 0x7c, 0x1f, 0x74, 0x16,
  0x7c, 0x1f, 0xbe, 0x23, 0xdf, 0x23, 0xd7, 0x16, 0x7c, 0x1f, 0xdf, 0x23,
  0x95, 0x16, 0xbe, 0x23, 0xf8, 0x1a, 0x5b, 0x1f, 0x7c, 0x1f, 0xd7, 0x16,
  0xbf, 0x23, 0x95, 0x16, 0xbe, 0x23, 0xb6, 0x16, 0x9d, 0x1f, 0xbf, 0x23,
  0xdf, 0x23, 0xdf, 0x23, 0xdf, 0x23, 0x19, 0x1b, 0x3a, 0x1f, 0xff, 0x23,
  0xd7, 0x16, 0x5c, 0x1f, 0x95, 0x16, 0xdf, 0x23, 0xbe, 0x23, 0x95, 0x16,
  0x5b, 0x1f, 0xd6, 0x16, 0x7c, 0x1f, 0xbe, 0x23, 0xbf, 0x23, 0xb5, 0x16,
  0x5b, 0x1f, 0x7c, 0x1f, 0x7c, 0x1f, 0x5c, 0x1f, 0xd7, 0x16, 0x7c, 0x1f,
  0x5b, 0x1f, 0x9d, 0x1f, 0xbe, 0x23, 0xbe, 0x23, 0xbe, 0x23, 0xbf, 0x23,
  0x7c, 0x1f, 0xd7, 0x1a, 0xff, 0x23, 0x3a, 0x1f, 0x19, 0x1b, 0xb6, 0x16,
  0x95, 0x16, 0x7c, 0x1f, 0x95, 0x16, 0xbe, 0x23, 0xf8, 0x1a, 0x5b, 0x1f,
  0x3a, 0x1f, 0xf8, 0x1a, 0xdf, 0x23, 0xbe, 0x23, 0xbe, 0x23, 0xbe, 0x23,
  0x9e, 0x23, 0x74, 0x16, 0xf8, 0x1a, 0x7d, 0x1f, 0xdf, 0x23, 0xf8, 0x1a,
  0xf8, 0x1a, 0x7d, 0x1f, 0xbe, 0x23, 0xbf, 0x23, 0x3a, 0x1f, 0x19, 0x1b,
  0x7c, 0x1f, 0xd7, 0x16, 0xdf, 0x23, 0xbe, 0x23, 0xbe, 0x23, 0xbe, 0x23,
  0xbe, 0x23, 0xbf, 0x23, 0x7c, 0x1f, 0xb6, 0x16, 0xdf, 0x23, 0x3a, 0x1f,
  0x19, 0x1b, 0xdf, 0x23, 0xf8, 0x1a, 0x5b, 0x1f, 0xbf, 0x23, 0xbe, 0x23,
  0xbe, 0x23, 0xbe, 0x23, 0xdf, 0x23, 0x95, 0x16, 0x5b, 0x1f, 0xf8, 0x1a,
  0x5b, 0x1f, 0xb5, 0x16, 0x3b, 0x1f, 0x9d, 0x1f, 0xbf, 0x23, 0x7c, 0x1f,
  0xb6, 0x16, 0xdf, 0x23, 0x9e, 0x23, 0x9d, 0x1f, 0xbe, 0x23, 0xbe, 0x23,
  0x95, 0x16, 0xbf, 0x23, 0x9d, 0x1f, 0x32, 0x12, 0xf8, 0x1a, 0x5b, 0x1f,
  0xf8, 0x1a, 0xdf, 0x23, 0xbe, 0x23, 0xbe, 0x23, 0xbe, 0x23, 0xbe, 0x23,
  0xbe, 0x23, 0xbe, 0x23, 0xbe, 0x23, 0xbe, 0x23, 0xbe, 0x23, 0xbe, 0x23,
  0xbe, 0x23, 0xbe, 0x23, 0xbe, 0x23, 0xbe, 0x23, 0xbe, 0x23, 0xbe, 0x23,
  0xbe, 0x23, 0xbe, 0x23, 0xbe, 0x23, 0xbe, 0x23, 0xbe, 0x23, 0xbe, 0x23,
  0xbe, 0x23, 0xbe, 0x23, 0xbe, 0x23, 0xbe, 0x23, 0xbe, 0x23, 0xbe, 0x23,
  0xbe, 0x23, 0xbe, 0x23, 0xbe, 0x23, 0xdf, 0x23, 0xb6, 0x16, 0x94, 0x16,
  0xb6, 0x16, 0xf8, 0x1a, 0x9d, 0x1f, 0x11, 0x12, 0xd7, 0x1a, 0x7d, 0x1f,
  0xdf, 0x23, 0xd7, 0x1a, 0x74, 0x16, 0xd7, 0x16, 0x11, 0x12, 0xbe, 0x23,
  0xf8, 0x1a, 0x5b, 0x1f, 0x7c, 0x1f, 0xd7, 0x1a, 0xdf, 0x23, 0x7d, 0x1f,
  0x95, 0x16, 0x5b, 0x1f, 0xdf, 0x23, 0x7c, 0x1f, 0xb6, 0x16, 0xb6, 0x16,
  0x5b, 0x1f, 0x3a, 0x1b, 0x52, 0x12, 0xd7, 0x16, 0xd7, 0x16, 0x9e, 0x23,
  0x53, 0x12, 0xb6, 0x16, 0xb6, 0x16, 0x3a, 0x1f, 0x5b, 0x1f, 0x32, 0x12,
  0xf8, 0x1a, 0xbe, 0x23, 0xbf, 0x23, 0x9e, 0x23, 0xd7, 0x1a, 0xd7, 0x16,
  0x19, 0x1b, 0xdf, 0x23, 0x3a, 0x1f, 0xd7, 0x16, 0xb6, 0x16, 0x7d, 0x1f,
  0xbf, 0x23, 0xbe, 0x23, 0xbe, 0x23, 0xbf, 0x23, 0x7c, 0x1f, 0x11, 0x12,
  0xd7, 0x1a, 0x53, 0x12, 0x3a, 0x1b, 0xd7, 0x1a, 0x7d, 0x1f, 0xf8, 0x1a,
  0x11, 0x12, 0xbe, 0x23, 0xbe, 0x23, 0xf8, 0x1a, 0xf8, 0x1a, 0xbe, 0x23,
  0xbe, 0x23, 0xbe, 0x23, 0xbe, 0x23, 0xbe, 0x23, 0x9e, 0x23, 0x11, 0x12,
  0xf8, 0x1a, 0xbf, 0x23, 0xdf, 0x23, 0xf8, 0x1a, 0x73, 0x12, 0xf8, 0x1a,
  0xbe, 0x23, 0xbe, 0x23, 0xbf, 0x23, 0x19, 0x1b, 0xd7, 0x16, 0xbe, 0x23,
  0xbe, 0x23, 0xbe, 0x23, 0xbe, 0x23, 0xbe, 0x23, 0xbe, 0x23, 0xbf, 0x23,
  0x7c, 0x1f, 0xd7, 0x16, 0xdf, 0x23, 0x3a, 0x1f, 0x19, 0x1b, 0xdf, 0x23,
  0xf8, 0x1a, 0x5b, 0x1f, 0xbf, 0x23, 0xbe, 0x23, 0xbe, 0x23, 0xbe, 0x23,
  0xdf, 0x23, 0x95, 0x16, 0xb6, 0x16, 0xb6, 0x16, 0x9d, 0x1f, 0x95, 0x16,
  0x95, 0x16, 0x3a, 0x1b, 0xdf, 0x23, 0x7c, 0x1f, 0xd7, 0x1a, 0x7c, 0x1f,
  0x95, 0x16, 0x7c, 0x1f, 0xbf, 0x23, 0xbe, 0x23, 0x95, 0x16, 0xbf, 0x23,
  0x9d, 0x1f, 0xd6, 0x16, 0x9d, 0x1f, 0x53, 0x12, 0xf8, 0x1a, 0xdf, 0x23,
  0xbe, 0x23, 0xbe, 0x23, 0xbe, 0x23, 0xbe, 0x23, 0xbe, 0x23, 0xbe, 0x23,
  0xbe, 0x23, 0xbe, 0x23, 0xbe, 0x23, 0xbe, 0x23, 0xbe, 0x23, 0xbe, 0x23,
  0xbe, 0x23, 0xbe, 0x23, 0xbe, 0x23, 0xbe, 0x23, 0xbe, 0x23, 0xbe, 0x23,
  0xbe, 0x23, 0xbe, 0x23, 0xbe, 0x23, 0xbe, 0x23, 0xbe, 0x23, 0xbe, 0x23,
  0xbe, 0x23, 0xbe, 0x23, 0xbe, 0x23, 0xbe, 0x23, 0xbe, 0x23, 0xbe, 0x23,
  0xbe, 0x23, 0xdf, 0x23, 0xb6, 0x16, 0x5b, 0x1f, 0x95, 0x16, 0x7c, 0x1f,
  0x9d, 0x1f, 0xb6, 0x16, 0xdf, 0x23, 0xbe, 0x23, 0xdf, 0x23, 0xd7, 0x16,
  0x3a, 0x1b, 0x9d, 0x1f, 0x74, 0x16, 0xbe, 0x23, 0xf8, 0x1a, 0x3b, 0x1f,
  0x7c, 0x1f, 0xd7, 0x16, 0xdf, 0x23, 0xdf, 0x23, 0x94, 0x16, 0xbe, 0x23,
  0xbe, 0x23, 0xbe, 0x23, 0x7c, 0x1f, 0x7c, 0x1f, 0xbe, 0x23, 0x19, 0x1b,
  0xf8, 0x1a, 0x9d, 0x1f, 0x9e, 0x23, 0xbf, 0x23, 0x74, 0x16, 0x5b, 0x1f,
  0x95, 0x16, 0xbe, 0x23, 0x3a, 0x1f, 0x19, 0x1b, 0xdf, 0x23, 0xbe, 0x23,
  0xbe, 0x23, 0x5b, 0x1f, 0xbf, 0x23, 0xbe, 0x23, 0x94, 0x16, 0x9d, 0x23,
  0x7c, 0x1f, 0xdf, 0x23, 0x19, 0x1b, 0x3a, 0x1b, 0xdf, 0x23, 0xbe, 0x23,
  0xbe, 0x23, 0xbf, 0x23, 0x7c, 0x1f, 0x95, 0x16, 0x9d, 0x23, 0xf8, 0x1a,
  0x1a, 0x1b, 0xd7, 0x16, 0x7d, 0x1f, 0xbe, 0x23, 0x73, 0x12, 0xbe, 0x23,
  0xdf, 0x23, 0x19, 0x1b, 0x3a, 0x1b, 0xdf, 0x23, 0xbe, 0x23, 0xbe, 0x23,
  0xbe, 0x23, 0xbe, 0x23, 0x9d, 0x23, 0xb6, 0x16, 0x7c, 0x1f, 0xf8, 0x1a,
  0xdf, 0x23, 0xf8, 0x1a, 0x5b, 0x1f, 0xdf, 0x23, 0xbe, 0x23, 0xbe, 0x23,
  0xbf, 0x23, 0x5b, 0x1f, 0xd7, 0x1a, 0xdf, 0x23, 0xbe, 0x23, 0xbe, 0x23,
  0xbe, 0x23, 0xbe, 0x23, 0xbe, 0x23, 0xbf, 0x23, 0x7c, 0x1f, 0xb6, 0x16,
  0xdf, 0x23, 0x3a, 0x1f, 0xf8, 0x1a, 0xdf, 0x23, 0xf8, 0x1a, 0x5b, 0x1f,
  0xbf, 0x23, 0xbe, 0x23, 0xbe, 0x23, 0xbe, 0x23, 0xbf, 0x23, 0x95, 0x16,
  0xbe, 0x23, 0x19, 0x1b, 0x3a, 0x1f, 0xb6, 0x16, 0x9e, 0x23, 0xbf, 0x23,
  0xbe, 0x23, 0x7c, 0x1f, 0xb6, 0x16, 0xbe, 0x23, 0xf8, 0x1a, 0xf9, 0x1a,
  0xdf, 0x23, 0xbe, 0x23, 0x74, 0x16, 0xbe, 0x23, 0x9d, 0x1f, 0xb5, 0x16,
  0xdf, 0x23, 0x3a, 0x1b, 0xd7, 0x1a, 0xdf, 0x23, 0xbe, 0x23, 0xbe, 0x23,
  0xbe, 0x23, 0xbe, 0x23, 0xbe, 0x23, 0xbe, 0x23, 0xbe, 0x23, 0xbe, 0x23,
  0xbe, 0x23, 0xbe, 0x23, 0xbe, 0x23, 0xbe, 0x23, 0xbe, 0x23, 0xbe, 0x23,
  0xbe, 0x23, 0xbe, 0x23, 0xbe, 0x23, 0xbe, 0x23, 0xbe, 0x23, 0xbe, 0x23,
  0xbe, 0x23, 0xbe, 0x23, 0xbe, 0x23, 0xbe, 0x23, 0xbe, 0x23, 0xbe, 0x23,
  0xbe, 0x23, 0xbe, 0x23, 0xbe, 0x23, 0xbe, 0x23, 0xbe, 0x23, 0xbf, 0x23,
  0xf8, 0x1a, 0x9d, 0x23, 0xbe, 0x23, 0xf8, 0x1a, 0x9d, 0x23, 0x53, 0x12,
  0x95, 0x16, 0x74, 0x16, 0x5c, 0x1f, 0x19, 0x1b, 0x7d, 0x1f, 0xdf, 0x23,
  0xf8, 0x1a, 0x9e, 0x23, 0x95, 0x16, 0x53, 0x12, 0xb6, 0x16, 0x9d, 0x1f,
  0xbe, 0x23, 0xbf, 0x23, 0xf8, 0x1a, 0xbe, 0x23, 0xbe, 0x23, 0xbe, 0x23,
  0xbf, 0x23, 0xbf, 0x23, 0xdf, 0x23, 0x3a, 0x1f, 0x5b, 0x1f, 0xdf, 0x23,
  0xbe, 0x23, 0xbe, 0x23, 0xf8, 0x1a, 0xbf, 0x23, 0x7d, 0x1f, 0x1a, 0x1b,
  0x7c, 0x1f, 0x53, 0x12, 0x95, 0x16, 0x95, 0x16, 0x9d, 0x1f, 0x5b, 0x1f,
  0x95, 0x16, 0x95, 0x16, 0x5c, 0x1f, 0xbe, 0x23, 0xd7, 0x1a, 0x74, 0x16,
  0xd7, 0x1a, 0xbe, 0x23, 0xbe, 0x23, 0xbe, 0x23, 0xbe, 0x23, 0xbe, 0x23,
  0x7d, 0x1f, 0x19, 0x1b, 0xdf, 0x23, 0x5b, 0x1f, 0x5b, 0x1f, 0x19, 0x1b,
  0x9d, 0x1f, 0xbf, 0x23, 0xf8, 0x1a, 0xbe, 0x23, 0xbf, 0x23, 0x5b, 0x1f,
  0x5b, 0x1f, 0xbf, 0x23, 0xbe, 0x23, 0xbe, 0x23, 0xbe, 0x23, 0xbe, 0x23,
  0x9e, 0x23, 0xf8, 0x1a, 0xdf, 0x23, 0x5b, 0x1f, 0x5b, 0x1f, 0x3a, 0x1f,
  0x53, 0x12, 0x95, 0x16, 0x95, 0x16, 0xbe, 0x23, 0xbf, 0x23, 0x7c, 0x1f,
  0x19, 0x1b, 0xbf, 0x23, 0xbe, 0x23, 0xbe, 0x23, 0xbe, 0x23, 0xbe, 0x23,
  0xbe, 0x23, 0xbe, 0x23, 0x7d, 0x1f, 0x19, 0x1b, 0xdf, 0x23, 0x7c, 0x1f,
  0x53, 0x12, 0x95, 0x16, 0x53, 0x12, 0x7c, 0x1f, 0xbf, 0x23, 0xbe, 0x23,
  0xbe, 0x23, 0xbe, 0x23, 0x9d, 0x1f, 0x32, 0x12, 0x74, 0x16, 0xd7, 0x1a,
  0xbe, 0x23, 0xd7, 0x1a, 0x74, 0x16, 0x94, 0x16, 0xd7, 0x1a, 0xbe, 0x23,
  0xf8, 0x1a, 0x74, 0x16, 0xd7, 0x16, 0x9e, 0x23, 0xbe, 0x23, 0xb6, 0x16,
  0x32, 0x12, 0xd7, 0x16, 0x9d, 0x1f, 0xf8, 0x1a, 0xdf, 0x23, 0x7c, 0x1f,
  0x3a, 0x1b, 0xbf, 0x23, 0xbe, 0x23, 0xbe, 0x23, 0xbe, 0x23, 0xbe, 0x23,
  0xbe, 0x23, 0xbe, 0x23, 0xbe, 0x23, 0xbe, 0x23, 0xbe, 0x23, 0xbe, 0x23,
  0xbe, 0x23, 0xbe, 0x23, 0xbe, 0x23, 0xbe, 0x23, 0xbe, 0x23, 0xbe, 0x23,
  0xbe, 0x23, 0xbe, 0x23, 0xbe, 0x23, 0xbe, 0x23, 0xbe, 0x23, 0xbe, 0x23,
  0xbe, 0x23, 0xbe, 0x23, 0xbe, 0x23, 0xbe, 0x23, 0xbe, 0x23, 0xbe, 0x23,
  0xbe, 0x23, 0xbe, 0x23, 0xbe, 0x23, 0xbe, 0x23, 0xbf, 0x23, 0xbe, 0x23,
  0xbe, 0x23, 0xbe, 0x23, 0xbe, 0x23, 0xbf, 0x23, 0xbe, 0x23, 0xbe, 0x23,
  0xbe, 0x23, 0xbf, 0x23, 0xbe, 0x23, 0xbe, 0x23, 0xbf, 0x23, 0xbe, 0x23,
  0xbf, 0x23, 0xbf, 0x23, 0xbe, 0x23, 0xbe, 0x23, 0xbe, 0x23, 0xbe, 0x23,
  0xbf, 0x23, 0xbe, 0x23, 0xbe, 0x23, 0xbe, 0x23, 0xbe, 0x23, 0xbe, 0x23,
  0xbe, 0x23, 0xbe, 0x23, 0xbe, 0x23, 0xbe, 0x23, 0xbe, 0x23, 0xbe, 0x23,
  0xbf, 0x23, 0xbe, 0x23, 0xbf, 0x23, 0xbe, 0x23, 0xbe, 0x23, 0xbf, 0x23,
  0xbe, 0x23, 0xbe, 0x23, 0xbe, 0x23, 0xbf, 0x23, 0xbe, 0x23, 0xbe, 0x23,
  0xbf, 0x23, 0xbe, 0x23, 0xbf, 0x23, 0xbe, 0x23, 0xbf, 0x23, 0xbe, 0x23,
  0xbe, 0x23, 0xbe, 0x23, 0xbe, 0x23, 0xbe, 0x23, 0xbe, 0x23, 0xbf, 0x23,
  0xbe, 0x23, 0xbe, 0x23, 0xbe, 0x23, 0xbf, 0x23, 0xbe, 0x23, 0xbe, 0x23,
  0xbf, 0x23, 0xbe, 0x23, 0xbe, 0x23, 0xbe, 0x23, 0xbe, 0x23, 0xbe, 0x23,
  0xbe, 0x23, 0xbe, 0x23, 0xbe, 0x23, 0xbe, 0x23, 0xbe, 0x23, 0xbf, 0x23,
  0xbe, 0x23, 0xbf, 0x23, 0xbe, 0x23, 0xbe, 0x23, 0xbf, 0x23, 0xbe, 0x23,
  0xbe, 0x23, 0xbe, 0x23, 0xbe, 0x23, 0xbe, 0x23, 0xbf, 0x23, 0xbe, 0x23,
  0xbe, 0x23, 0xbe, 0x23, 0xbe, 0x23, 0xbe, 0x23, 0xbe, 0x23, 0xbe, 0x23,
  0xbe, 0x23, 0xbf, 0x23, 0xbe, 0x23, 0xbe, 0x23, 0xbf, 0x23, 0xbe, 0x23,
  0xbf, 0x23, 0xbe, 0x23, 0xbe, 0x23, 0xbe, 0x23, 0xbe, 0x23, 0xbe, 0x23,
  0xbe, 0x23, 0xbf, 0x23, 0xbe, 0x23, 0xbf, 0x23, 0xbe, 0x23, 0xbf, 0x23,
  0xbe, 0x23, 0xbe, 0x23, 0xbe, 0x23, 0xbe, 0x23, 0xbf, 0x23, 0xbe, 0x23,
  0xbf, 0x23, 0xbe, 0x23, 0xbe, 0x23, 0xbe, 0x23, 0xbf, 0x23, 0xbe, 0x23,
  0xbe, 0x23, 0xbf, 0x23, 0xbe, 0x23, 0xbe, 0x23, 0xbf, 0x23, 0xbe, 0x23,
  0xbe, 0x23, 0xbe, 0x23, 0xbe, 0x23, 0xbe, 0x23, 0xbe, 0x23, 0xbe, 0x23,
  0xbe, 0x23, 0xbe, 0x23, 0xbe, 0x23, 0xbe, 0x23, 0xbe, 0x23, 0xbe, 0x23,
  0xbe, 0x23, 0xbe, 0x23, 0xbe, 0x23, 0xbe, 0x23, 0xbe, 0x23, 0xbe, 0x23,
  0xbe, 0x23, 0xbe, 0x23, 0xbe, 0x23, 0xbe, 0x23, 0xbe, 0x23, 0xbe, 0x23,
  0xbe, 0x23, 0xbe, 0x23, 0xbe, 0x23, 0xbe, 0x23, 0xbe, 0x23, 0xbe, 0x23,
  0xbe, 0x23, 0xbe, 0x23, 0xbe, 0x23, 0xbe, 0x23, 0xbe, 0x23, 0xbe, 0x23,
  0xbe, 0x23, 0xbe, 0x23, 0xbe, 0x23, 0xbe, 0x23, 0xbe, 0x23, 0xbe, 0x23,
  0xbe, 0x23, 0xbe, 0x23, 0xbe, 0x23, 0xbe, 0x23, 0xbe, 0x23, 0xbe, 0x23,
  0xbe, 0x23, 0xbe, 0x23, 0xbe, 0x23, 0xbe, 0x23, 0xbe, 0x23, 0xbe, 0x23,
  0xbe, 0x23, 0xbe, 0x23, 0xbe, 0x23, 0xbe, 0x23, 0xbe, 0x23, 0xbe, 0x23,
  0xbe, 0x23, 0xbe, 0x23, 0xbe, 0x23, 0xbe, 0x23, 0xbe, 0x23, 0xbe, 0x23,
  0xbe, 0x23, 0xbe, 0x23, 0xbe, 0x23, 0xbe, 0x23, 0xbe, 0x23, 0xbe, 0x23,
  0xbe, 0x23, 0xbe, 0x23, 0xbe, 0x23, 0xbe, 0x23, 0xbe, 0x23, 0xbe, 0x23,
  0xbe, 0x23, 0xbe, 0x23, 0xbe, 0x23, 0xbe, 0x23, 0xbe, 0x23, 0xbe, 0x23,
  0xbe, 0x23, 0xbe, 0x23, 0xbe, 0x23, 0xbe, 0x23, 0xbe, 0x23, 0xbe, 0x23,
  0xbe, 0x23, 0xbe, 0x23, 0xbe, 0x23, 0xbe, 0x23, 0xbe, 0x23, 0xbe, 0x23,
  0xbe, 0x23, 0xbe, 0x23, 0xbe, 0x23, 0xbe, 0x23, 0xbe, 0x23, 0xbe, 0x23,
  0xbe, 0x23, 0xbe, 0x23, 0xbe, 0x23, 0xbe, 0x23, 0xbe, 0x23, 0xbe, 0x23,
  0xbe, 0x23, 0xbe, 0x23, 0xbe, 0x23, 0xbe, 0x23, 0xbe, 0x23, 0xbe, 0x23,
  0xbe, 0x23, 0xbe, 0x23, 0xbe, 0x23, 0xbe, 0x23, 0xbe, 0x23, 0xbe, 0x23,
  0xbe, 0x23, 0xbe, 0x23, 0xbe, 0x23, 0xbe, 0x23, 0xbe, 0x23, 0xbe, 0x23,
  0xbe, 0x23, 0xbe, 0x23, 0xbe, 0x23, 0xbe, 0x23, 0xbe, 0x23, 0xbe, 0x23,
  0xbe, 0x23, 0xbe, 0x23, 0xbe, 0x23, 0xbe, 0x23, 0xbe, 0x23, 0xbe, 0x23,
  0xbe, 0x23, 0xbe, 0x23, 0xbe, 0x23, 0xbe, 0x23, 0xbe, 0x23, 0xbe, 0x23,
  0xbe, 0x23, 0xbe, 0x23, 0xbe, 0x23, 0xbe, 0x23, 0xbe, 0x23, 0xbe, 0x23,
  0xbe, 0x23, 0xbe, 0x23, 0xbe, 0x23, 0xbe, 0x23, 0xbe, 0x23, 0xbe, 0x23,
  0xbe, 0x23, 0xbe, 0x23, 0xbe, 0x23, 0xbe, 0x23, 0xbe, 0x23, 0xbe, 0x23,
  0xbe, 0x23, 0xbe, 0x23, 0xbe, 0x23, 0xbe, 0x23, 0xbe, 0x23, 0xbe, 0x23,
  0xbe, 0x23, 0xbe, 0x23, 0xbe, 0x23, 0xbe, 0x23, 0xbe, 0x23, 0xbe, 0x23,
  0xbe, 0x23, 0xbe, 0x23, 0xbe, 0x23, 0xbe, 0x23, 0xbe, 0x23, 0xbe, 0x23,
  0xbe, 0x23, 0xbe, 0x23, 0xbe, 0x23, 0xbe, 0x23, 0xbe, 0x23, 0xbe, 0x23,
  0xbe, 0x23, 0xbe, 0x23, 0xbe, 0x23, 0xbe, 0x23, 0xbe, 0x23, 0xbe, 0x23,
  0xbe, 0x23, 0xbe, 0x23, 0xbe, 0x23, 0xbe, 0x23, 0xbe, 0x23, 0xbe, 0x23,
  0xbe, 0x23, 0xbe, 0x23, 0xbe, 0x23, 0xbe, 0x23, 0xbe, 0x23, 0xbe, 0x23,
  0xbe, 0x23, 0xbe, 0x23, 0xbe, 0x23, 0xbe, 0x23, 0xbe, 0x23, 0xbe, 0x23,
  0xbe, 0x23, 0xbe, 0x23, 0xbe, 0x23, 0xbe, 0x23, 0xbe, 0x23, 0xbe, 0x23,
  0xbe, 0x23, 0xbe, 0x23, 0xbe, 0x23, 0xbe, 0x23, 0xbe, 0x23, 0xbe, 0x23,
  0xbe, 0x23, 0xbe, 0x23, 0xbe, 0x23, 0xbe, 0x23, 0xbe, 0x23, 0xbe, 0x23,
  0xbe, 0x23, 0xbe, 0x23, 0xbe, 0x23, 0xbe, 0x23, 0xbe, 0x23, 0xbe, 0x23,
  0xbe, 0x23, 0xbe, 0x23, 0xbe, 0x23, 0xbe, 0x23, 0xbe, 0x23, 0xbe, 0x23,
  0xbe, 0x23, 0xbe, 0x23, 0xbe, 0x23, 0xbe, 0x23, 0xbe, 0x23, 0xbe, 0x23,
  0xbe, 0x23, 0xbe, 0x23, 0xbe, 0x23, 0xbe, 0x23, 0xbe, 0x23, 0xbe, 0x23,
  0xbe, 0x23, 0xbe, 0x23, 0xbe, 0x23, 0xbe, 0x23, 0xbe, 0x23, 0xbe, 0x23,
  0xbe, 0x23, 0xbe, 0x23, 0xbe, 0x23, 0xbe, 0x23, 0xbe, 0x23, 0xbe, 0x23,
  0xbe, 0x23, 0xbe, 0x23, 0xbe, 0x23, 0xbe, 0x23, 0xbe, 0x23, 0xbe, 0x23,
  0xbe, 0x23, 0xbe, 0x23, 0xbe, 0x23, 0xbe, 0x23, 0xbe, 0x23, 0xbe, 0x23,
  0xbe, 0x23, 0xbe, 0x23, 0xbe, 0x23, 0xbe, 0x23, 0xbe, 0x23, 0xbe, 0x23,
  0xbe, 0x23, 0xbe, 0x23, 0xbe, 0x23, 0xbe, 0x23, 0xbe, 0x23, 0xbe, 0x23,
  0xbe, 0x23, 0xbe, 0x23, 0xbe, 0x23, 0xbe, 0x23, 0xbe, 0x23, 0xbe, 0x23,
  0xbe, 0x23, 0xbe, 0x23, 0xbe, 0x23, 0xbe, 0x23, 0xbe, 0x23, 0xbe, 0x23,
  0xbe, 0x23, 0xbe, 0x23, 0xbe, 0x23, 0xbe, 0x23, 0xbe, 0x23, 0xbe, 0x23,
  0xbe, 0x23, 0xbe, 0x23, 0xbe, 0x23, 0xbe, 0x23, 0xbe, 0x23, 0xbe, 0x23,
  0xbe, 0x23, 0xbe, 0x23, 0xbe, 0x23, 0xbe, 0x23, 0xbe, 0x23, 0xbe, 0x23,
  0xbe, 0x23, 0xbe, 0x23, 0xbe, 0x23, 0xbe, 0x23, 0xbe, 0x23, 0xbe, 0x23,
  0xbe, 0x23, 0xbe, 0x23, 0xbe, 0x23, 0xbe, 0x23, 0xbe, 0x23, 0xbe, 0x23,
  0xbe, 0x23, 0xbe, 0x23, 0xbe, 0x23, 0xbe, 0x23, 0xbe, 0x23, 0xbe, 0x23,
  0xbe, 0x23, 0xbe, 0x23, 0xbe, 0x23, 0xbe, 0x23, 0xbe, 0x23, 0xbe, 0x23,
  0xbe, 0x23, 0xbf, 0x1b, 0xdf, 0x17, 0xdf, 0x1b, 0xdf, 0x1b, 0xdf, 0x1b,
  0xdf, 0x1b, 0xdf, 0x1b, 0xdf, 0x1b, 0xdf, 0x17, 0xbf, 0x1f, 0xbf, 0x23,
  0xbf, 0x23, 0xbf, 0x23, 0xbf, 0x23, 0xbf, 0x23, 0xbf, 0x23, 0xbf, 0x23,
  0xbf, 0x23, 0xbf, 0x23, 0xdf, 0x23, 0xdf, 0x23, 0xdf, 0x23, 0xdf, 0x23,
  0xdf, 0x23, 0xdf, 0x23, 0xdf, 0x23, 0xdf, 0x23, 0xbf, 0x1f, 0xbf, 0x17,
  0xbf, 0x17, 0xbf, 0x17, 0xbf, 0x17, 0xbf, 0x17, 0xbf, 0x17, 0xbf, 0x17,
  0xbf, 0x17, 0xbf, 0x1b, 0xbf, 0x23, 0xbf, 0x23, 0xbf, 0x23, 0xbf, 0x23,
  0xbf, 0x23, 0xbf, 0x23, 0xbf, 0x23, 0xbf, 0x23, 0xbf, 0x23, 0xdf, 0x1b,
  0xdf, 0x1b, 0xdf, 0x1b, 0xdf, 0x1b, 0xdf, 0x1b, 0xdf, 0x1b, 0xdf, 0x1b,
  0xdf, 0x1b, 0xbf, 0x1b, 0xbe, 0x13, 0xbe, 0x13, 0xbe, 0x13, 0xbe, 0x13,
  0xbe, 0x13, 0xbe, 0x13, 0xbe, 0x13, 0xbe, 0x13, 0xbe, 0x13, 0xde, 0x23,
  0xde, 0x23, 0xde, 0x23, 0xde, 0x23, 0xde, 0x23, 0xde, 0x23, 0xde, 0x23,
  0xde, 0x23, 0xde, 0x23, 0xbf, 0x23, 0xbf, 0x23, 0xbf, 0x23, 0xbf, 0x23,
  0xbf, 0x23, 0xbf, 0x23, 0xbf, 0x23, 0xbf, 0x23, 0xbf, 0x23, 0xdf, 0x1b,
  0xdf, 0x1b, 0xdf, 0x1b, 0xdf, 0x1b, 0xdf, 0x1b, 0xdf, 0x1b, 0xdf, 0x1b,
  0xdf, 0x1b, 0xdf, 0x1b, 0xdf, 0x13, 0xdf, 0x13, 0xdf, 0x13, 0xdf, 0x13,
  0xdf, 0x13, 0xdf, 0x13, 0xdf, 0x13, 0xdf, 0x13, 0xdf, 0x13, 0xbf, 0x17,
  0xbe, 0x1b, 0xbf, 0x1b, 0xbf, 0x1b, 0xbf, 0x1b, 0xbf, 0x1b, 0xbf, 0x1b,
  0xbf, 0x1b, 0xbf, 0x1b, 0xbe, 0x1f, 0xbe, 0x1f, 0xbe, 0x1f, 0xbe, 0x1f,
  0xbe, 0x1f, 0xbe, 0x1f, 0xbe, 0x1f, 0xbe, 0x1f, 0xbe, 0x1f, 0xbf, 0x17,
  0xbf, 0x0f, 0xbf, 0x13, 0xbf, 0x13, 0xbf, 0x13, 0xbf, 0x13, 0xbf, 0x13,
  0xbf, 0x13, 0xbf, 0x13, 0xbf, 0x17, 0xbf, 0x1b, 0xbf, 0x1b, 0xbf, 0x1b,
  0xbf, 0x1b, 0xbf, 0x1b, 0xbf, 0x1b, 0xbf, 0x1b, 0xbf, 0x1b, 0xbf, 0x1b,
  0xdf, 0x1b, 0xdf, 0x1b, 0xdf, 0x1b, 0xdf, 0x1b, 0xdf, 0x1b, 0xdf, 0x1b,
  0xdf, 0x1b, 0xdf, 0x17, 0xbf, 0x1b, 0xbe, 0x23, 0xbe, 0x23, 0xbe, 0x23,
  0xbe, 0x23, 0xbe, 0x23, 0xbe, 0x23, 0xbe, 0x23, 0xbe, 0x23, 0xbe, 0x23,
  0xbe, 0x23, 0xbe, 0x23, 0xbe, 0x23, 0xbe, 0x23, 0xbf, 0x1b, 0xf8, 0x4e,
  0x52, 0x5e, 0x53, 0x5e, 0x53, 0x5e, 0x53, 0x5e, 0x53, 0x5e, 0x53, 0x5e,
  0x53, 0x5e, 0x53, 0x5e, 0x14, 0x47, 0x95, 0x27, 0x95, 0x2b, 0x95, 0x2b,
  0x95, 0x2b, 0x95, 0x2b, 0x95, 0x2b, 0x95, 0x2b, 0x95, 0x2f, 0xf3, 0x22,
  0x11, 0x0e, 0x31, 0x12, 0x31, 0x12, 0x31, 0x12, 0x31, 0x12, 0x31, 0x12,
  0x31, 0x12, 0x11, 0x02, 0xb3, 0x42, 0x76, 0x67, 0x75, 0x67, 0x75, 0x67,
  0x75, 0x67, 0x75, 0x67, 0x75, 0x67, 0x75, 0x67, 0x75, 0x67, 0x54, 0x57,
  0x12, 0x07, 0x12, 0x17, 0x12, 0x17, 0x12, 0x17, 0x12, 0x17, 0x12, 0x17,
  0x12, 0x17, 0x12, 0x0f, 0xf4, 0x32, 0x7a, 0x5a, 0x79, 0x5a, 0x79, 0x5a,
  0x79, 0x5a, 0x79, 0x5a, 0x79, 0x5a, 0x79, 0x5a, 0x59, 0x56, 0xba, 0x5e,
  0xff, 0x6f, 0xff, 0x6f, 0xff, 0x6f, 0xff, 0x6f, 0xff, 0x6f, 0xff, 0x6f,
  0xff, 0x6f, 0xff, 0x6f, 0xdf, 0x6b, 0x7e, 0x2a, 0x5e, 0x26, 0x5e, 0x26,
  0x5e, 0x26, 0x5e, 0x26, 0x5e, 0x26, 0x5e, 0x26, 0x5e, 0x26, 0x7d, 0x26,
  0x53, 0x1b, 0x52, 0x17, 0x52, 0x17, 0x52, 0x17, 0x52, 0x17, 0x52, 0x17,
  0x52, 0x17, 0x52, 0x17, 0x53, 0x1b, 0x99, 0x52, 0x79, 0x5a, 0x79, 0x5a,
  0x79, 0x5a, 0x79, 0x5a, 0x79, 0x5a, 0x79, 0x5a, 0x79, 0x5a, 0x79, 0x56,
  0x74, 0x6a, 0x53, 0x6e, 0x53, 0x6e, 0x53, 0x6e, 0x53, 0x6e, 0x53, 0x6e,
  0x53, 0x6e, 0x53, 0x6e, 0x53, 0x6e, 0x39, 0x5f, 0x7b, 0x5b, 0x5b, 0x5b,
  0x5b, 0x5b, 0x5b, 0x5b, 0x5b, 0x5b, 0x5b, 0x5b, 0x5b, 0x5b, 0x7b, 0x5b,
  0xde, 0x46, 0x9f, 0x36, 0x9f, 0x3a, 0x9f, 0x3a, 0x9f, 0x3a, 0x9f, 0x3a,
  0x9f, 0x3a, 0x9f, 0x3a, 0x9f, 0x32, 0x99, 0x5e, 0x94, 0x72, 0x95, 0x6e,
  0x95, 0x6e, 0x95, 0x6e, 0x95, 0x6e, 0x95, 0x6e, 0x95, 0x6e, 0x95, 0x6e,
  0xf4, 0x66, 0x53, 0x5b, 0x53, 0x5f, 0x53, 0x5f, 0x53, 0x5f, 0x53, 0x5f,
  0x53, 0x5f, 0x53, 0x5f, 0x53, 0x5f, 0xf3, 0x5e, 0x53, 0x5e, 0x53, 0x5e,
  0x53, 0x5e, 0x53, 0x5e, 0x53, 0x5e, 0x53, 0x5e, 0x53, 0x5e, 0x52, 0x5e,
  0xf8, 0x4e, 0xbf, 0x1b, 0xbe, 0x23, 0xbe, 0x23, 0xbe, 0x23, 0xbe, 0x23,
  0xbe, 0x23, 0xbe, 0x23, 0xbe, 0x23, 0xbe, 0x23, 0xbe, 0x23, 0xbe, 0x23,
  0xbe, 0x23, 0xbe, 0x23, 0xdf, 0x17, 0x74, 0x5a, 0xa2, 0x6c, 0x07, 0x6d,
  0x07, 0x6d, 0x07, 0x6d, 0x07, 0x6d, 0x07, 0x6d, 0x07, 0x6d, 0xa6, 0x6c,
  0xab, 0x52, 0x8e, 0x2b, 0x6e, 0x2f, 0x6e, 0x2f, 0x6e, 0x2f, 0x6e, 0x2f,
  0x6e, 0x2f, 0x6e, 0x2f, 0x8e, 0x33, 0x89, 0x22, 0x00, 0x00, 0x00, 0x00,
  0x00, 0x00, 0x00, 0x00, 0x00, 0x00, 0x00, 0x00, 0x00, 0x00, 0x00, 0x00,
  0x08, 0x4e, 0x4f, 0x77, 0x2f, 0x77, 0x2f, 0x77, 0x2f, 0x77, 0x2f, 0x77,
  0x2f, 0x77, 0x2f, 0x77, 0x2f, 0x77, 0x0c, 0x67, 0xa1, 0x02, 0xa3, 0x0e,
  0xa3, 0x0e, 0xa3, 0x0e, 0xa3, 0x0e, 0xa3, 0x0e, 0xa3, 0x0e, 0xc0, 0x02,
  0x6c, 0x36, 0x37, 0x69, 0x37, 0x65, 0x37, 0x65, 0x37, 0x65, 0x37, 0x65,
  0x37, 0x65, 0x37, 0x65, 0x16, 0x65, 0x18, 0x6a, 0xff, 0x7f, 0xff, 0x7f,
  0xff, 0x7f, 0xff, 0x7f, 0xff, 0x7f, 0xff, 0x7f, 0xff, 0x7f, 0xff, 0x7f,
  0xdf, 0x7b, 0x5d, 0x2d, 0x1d, 0x29, 0x1d, 0x29, 0x1d, 0x29, 0x1d, 0x29,
  0x1d, 0x29, 0x1d, 0x29, 0x1d, 0x29, 0x5c, 0x29, 0x09, 0x13, 0x23, 0x0f,
  0x25, 0x0f, 0x25, 0x0f, 0x25, 0x0f, 0x25, 0x0f, 0x25, 0x0f, 0x24, 0x0f,
  0x06, 0x17, 0x95, 0x61, 0x37, 0x65, 0x37, 0x65, 0x37, 0x65, 0x37, 0x65,
  0x37, 0x65, 0x37, 0x65, 0x37, 0x65, 0x37, 0x65, 0x2c, 0x7d, 0x07, 0x7d,
  0x08, 0x7d, 0x08, 0x7d, 0x08, 0x7d, 0x08, 0x7d, 0x08, 0x7d, 0x08, 0x7d,
  0xe7, 0x7c, 0xf6, 0x6e, 0x39, 0x67, 0x39, 0x6b, 0x39, 0x6b, 0x39, 0x6b,
  0x39, 0x6b, 0x39, 0x6b, 0x39, 0x6b, 0x39, 0x6b, 0x5e, 0x4e, 0xbf, 0x3d,
  0xbf, 0x3d, 0xbf, 0x3d, 0xbf, 0x3d, 0xbf, 0x3d, 0xbf, 0x3d, 0xbf, 0x3d,
  0xbf, 0x39, 0xd6, 0x6d, 0xcc, 0x7d, 0xce, 0x7d, 0xce, 0x7d, 0xce, 0x7d,
  0xce, 0x7d, 0xce, 0x7d, 0xce, 0x7d, 0xae, 0x7d, 0x8b, 0x76, 0x08, 0x6b,
  0x08, 0x6f, 0x08, 0x6f, 0x08, 0x6f, 0x08, 0x6f, 0x08, 0x6f, 0x08, 0x6f,
  0x08, 0x6f, 0x68, 0x6e, 0xc7, 0x6c, 0x07, 0x6d, 0x07, 0x6d, 0x07, 0x6d,
  0x07, 0x6d, 0x07, 0x6d, 0x07, 0x6d, 0xa2, 0x6c, 0x74, 0x5a, 0xdf, 0x17,
  0xbe, 0x23, 0xbe, 0x23, 0xbe, 0x23, 0xbe, 0x23, 0xbe, 0x23, 0xbe, 0x23,
  0xbe, 0x23, 0xbe, 0x23, 0xbe, 0x23, 0xbe, 0x23, 0xbe, 0x23, 0xbe, 0x23,
  0xdf, 0x17, 0x94, 0x5a, 0x07, 0x6d, 0x49, 0x69, 0x49, 0x69, 0x49, 0x69,
  0x49, 0x69, 0x49, 0x69, 0x49, 0x69, 0x09, 0x6d, 0xcc, 0x52, 0x8f, 0x2b,
  0x6f, 0x2f, 0x6f, 0x2f, 0x6f, 0x2f, 0x6f, 0x2f, 0x6f, 0x2f, 0x6f, 0x2f,
  0x8f, 0x33, 0x8b, 0x22, 0x00, 0x00, 0x00, 0x00, 0x00, 0x00, 0x00, 0x00,
  0x00, 0x00, 0x00, 0x00, 0x00, 0x00, 0x00, 0x00, 0x0a, 0x4a, 0x50, 0x77,
  0x30, 0x73, 0x30, 0x73, 0x30, 0x73, 0x30, 0x73, 0x30, 0x73, 0x30, 0x73,
  0x50, 0x77, 0x0e, 0x63, 0xc6, 0x02, 0xc7, 0x12, 0xc7, 0x12, 0xc7, 0x12,
  0xc7, 0x12, 0xc7, 0x12, 0xc7, 0x12, 0xc6, 0x02, 0x8d, 0x36, 0x57, 0x65,
  0x77, 0x65, 0x77, 0x65, 0x77, 0x65, 0x77, 0x65, 0x77, 0x65, 0x77, 0x65,
  0x57, 0x65, 0x39, 0x6a, 0xff, 0x7f, 0xff, 0x7f, 0xff, 0x7f, 0xff, 0x7f,
  0xff, 0x7f, 0xff, 0x7f, 0xff, 0x7f, 0xff, 0x7f, 0xdf, 0x7b, 0x7d, 0x2d,
  0x5d, 0x29, 0x5d, 0x29, 0x5d, 0x29, 0x5d, 0x29, 0x5d, 0x29, 0x5d, 0x29,
  0x5d, 0x29, 0x9d, 0x29, 0x0b, 0x13, 0x27, 0x13, 0x28, 0x13, 0x28, 0x13,
  0x28, 0x13, 0x28, 0x13, 0x28, 0x13, 0x28, 0x0f, 0x28, 0x17, 0xb6, 0x61,
  0x57, 0x65, 0x77, 0x65, 0x77, 0x65, 0x77, 0x65, 0x77, 0x65, 0x77, 0x65,
  0x77, 0x65, 0x77, 0x65, 0x4d, 0x79, 0x49, 0x7d, 0x4a, 0x7d, 0x4a, 0x7d,
  0x4a, 0x7d, 0x4a, 0x7d, 0x4a, 0x7d, 0x4a, 0x7d, 0x29, 0x7d, 0xf7, 0x6e,
  0x39, 0x67, 0x39, 0x67, 0x39, 0x67, 0x39, 0x67, 0x39, 0x67, 0x39, 0x67,
  0x39, 0x67, 0x59, 0x6b, 0x5e, 0x4e, 0xdf, 0x3d, 0xdf, 0x3d, 0xdf, 0x3d,
  0xdf, 0x3d, 0xdf, 0x3d, 0xdf, 0x3d, 0xdf, 0x3d, 0xdf, 0x39, 0xf7, 0x6d,
  0xed, 0x7d, 0xef, 0x7d, 0xef, 0x7d, 0xef, 0x7d, 0xef, 0x7d, 0xef, 0x7d,
  0xef, 0x7d, 0xcf, 0x7d, 0x8c, 0x76, 0x0a, 0x6b, 0x0a, 0x6b, 0x0a, 0x6b,
  0x0a, 0x6b, 0x0a, 0x6b, 0x0a, 0x6b, 0x0a, 0x6b, 0x0a, 0x6b, 0x6a, 0x6a,
  0x09, 0x69, 0x49, 0x69, 0x49, 0x69, 0x49, 0x69, 0x49, 0x69, 0x49, 0x69,
  0x49, 0x69, 0x07, 0x6d, 0x94, 0x5a, 0xdf, 0x17, 0xbe, 0x23, 0xbe, 0x23,
  0xbe, 0x23, 0xbe, 0x23, 0xbe, 0x23, 0xbe, 0x23, 0xbe, 0x23, 0xbe, 0x23,
  0xbe, 0x23, 0xbe, 0x23, 0xbe, 0x23, 0xbe, 0x23, 0xdf, 0x17, 0x94, 0x5a,
  0x07, 0x6d, 0x49, 0x69, 0x49, 0x69, 0x49, 0x69, 0x49, 0x69, 0x49, 0x69,
  0x49, 0x69, 0x09, 0x6d, 0xcc, 0x52, 0x8f, 0x2b, 0x6f, 0x2f, 0x6f, 0x2f,
  0x6f, 0x2f, 0x6f, 0x2f, 0x6f, 0x2f, 0x6f, 0x2f, 0x8f, 0x33, 0x8b, 0x22,
  0x00, 0x00, 0x00, 0x00, 0x00, 0x00, 0x00, 0x00, 0x00, 0x00, 0x00, 0x00,
  0x00, 0x00, 0x00, 0x00, 0x0a, 0x4a, 0x50, 0x77, 0x30, 0x73, 0x30, 0x73,
  0x30, 0x73, 0x30, 0x73, 0x30, 0x73, 0x30, 0x73, 0x50, 0x77, 0x0e, 0x63,
  0xc6, 0x02, 0xc7, 0x12, 0xc7, 0x12, 0xc7, 0x12, 0xc7, 0x12, 0xc7, 0x12,
  0xc7, 0x12, 0xc6, 0x02, 0x8d, 0x36, 0x57, 0x65, 0x77, 0x65, 0x77, 0x65,
  0x77, 0x65, 0x77, 0x65, 0x77, 0x65, 0x77, 0x65, 0x57, 0x65, 0x39, 0x6a,
  0xff, 0x7f, 0xff, 0x7f, 0xff, 0x7f, 0xff, 0x7f, 0xff, 0x7f, 0xff, 0x7f,
  0xff, 0x7f, 0xff, 0x7f, 0xdf, 0x7b, 0x7d, 0x2d, 0x5d, 0x29, 0x5d, 0x29,
  0x5d, 0x29, 0x5d, 0x29, 0x5d, 0x29, 0x5d, 0x29, 0x5d, 0x29, 0x9d, 0x29,
  0x0b, 0x13, 0x27, 0x13, 0x28, 0x13, 0x28, 0x13, 0x28, 0x13, 0x28, 0x13,
  0x28, 0x13, 0x28, 0x0f, 0x28, 0x17, 0xb6, 0x61, 0x57, 0x65, 0x77, 0x65,
  0x77, 0x65, 0x77, 0x65, 0x77, 0x65, 0x77, 0x65, 0x77, 0x65, 0x77, 0x65,
  0x4d, 0x79, 0x49, 0x7d, 0x4a, 0x7d, 0x4a, 0x7d, 0x4a, 0x7d, 0x4a, 0x7d,
  0x4a, 0x7d, 0x4a, 0x7d, 0x29, 0x7d, 0xf7, 0x6e, 0x39, 0x67, 0x39, 0x67,
  0x39, 0x67, 0x39, 0x67, 0x39, 0x67, 0x39, 0x67, 0x39, 0x67, 0x59, 0x6b,
  0x5e, 0x4e, 0xdf, 0x3d, 0xdf, 0x3d, 0xdf, 0x3d, 0xdf, 0x3d, 0xdf, 0x3d,
  0xdf, 0x3d, 0xdf, 0x3d, 0xdf, 0x39, 0xf7, 0x6d, 0xed, 0x7d, 0xef, 0x7d,
  0xef, 0x7d, 0xef, 0x7d, 0xef, 0x7d, 0xef, 0x7d, 0xef, 0x7d, 0xcf, 0x7d,
  0x8c, 0x76, 0x0a, 0x6b, 0x0a, 0x6b, 0x0a, 0x6b, 0x0a, 0x6b, 0x0a, 0x6b,
  0x0a, 0x6b, 0x0a, 0x6b, 0x0a, 0x6b, 0x6a, 0x6a, 0x09, 0x69, 0x49, 0x69,
  0x49, 0x69, 0x49, 0x69, 0x49, 0x69, 0x49, 0x69, 0x49, 0x69, 0x07, 0x6d,
  0x94, 0x5a, 0xdf, 0x17, 0xbe, 0x23, 0xbe, 0x23, 0xbe, 0x23, 0xbe, 0x23,
  0xbe, 0x23, 0xbe, 0x23, 0xbe, 0x23, 0xbe, 0x23, 0xbe, 0x23, 0xbe, 0x23,
  0xbe, 0x23, 0xbe, 0x23, 0xdf, 0x17, 0x94, 0x5a, 0x07, 0x6d, 0x49, 0x69,
  0x49, 0x69, 0x49, 0x69, 0x49, 0x69, 0x49, 0x69, 0x49, 0x69, 0x09, 0x6d,
  0xcc, 0x52, 0x8f, 0x2b, 0x6f, 0x2f, 0x6f, 0x2f, 0x6f, 0x2f, 0x6f, 0x2f,
  0x6f, 0x2f, 0x6f, 0x2f, 0x8f, 0x33, 0x8b, 0x22, 0x00, 0x00, 0x00, 0x00,
  0x00, 0x00, 0x00, 0x00, 0x00, 0x00, 0x00, 0x00, 0x00, 0x00, 0x00, 0x00,
  0x0a, 0x4a, 0x50, 0x77, 0x30, 0x73, 0x30, 0x73, 0x30, 0x73, 0x30, 0x73,
  0x30, 0x73, 0x30, 0x73, 0x50, 0x77, 0x0e, 0x63, 0xc6, 0x02, 0xc7, 0x12,
  0xc7, 0x12, 0xc7, 0x12, 0xc7, 0x12, 0xc7, 0x12, 0xc7, 0x12, 0xc6, 0x02,
  0x8d, 0x36, 0x57, 0x65, 0x77, 0x65, 0x77, 0x65, 0x77, 0x65, 0x77, 0x65,
  0x77, 0x65, 0x77, 0x65, 0x57, 0x65, 0x39, 0x6a, 0xff, 0x7f, 0xff, 0x7f,
  0xff, 0x7f, 0xff, 0x7f, 0xff, 0x7f, 0xff, 0x7f, 0xff, 0x7f, 0xff, 0x7f,
  0xdf, 0x7b, 0x7d, 0x2d, 0x5d, 0x29, 0x5d, 0x29, 0x5d, 0x29, 0x5d, 0x29,
  0x5d, 0x29, 0x5d, 0x29, 0x5d, 0x29, 0x9d, 0x29, 0x0b, 0x13, 0x27, 0x13,
  0x28, 0x13, 0x28, 0x13, 0x28, 0x13, 0x28, 0x13, 0x28, 0x13, 0x28, 0x0f,
  0x28, 0x17, 0xb6, 0x61, 0x57, 0x65, 0x77, 0x65, 0x77, 0x65, 0x77, 0x65,
  0x77, 0x65, 0x77, 0x65, 0x77, 0x65, 0x77, 0x65, 0x4d, 0x79, 0x49, 0x7d,
  0x4a, 0x7d, 0x4a, 0x7d, 0x4a, 0x7d, 0x4a, 0x7d, 0x4a, 0x7d, 0x4a, 0x7d,
  0x29, 0x7d, 0xf7, 0x6e, 0x39, 0x67, 0x39, 0x67, 0x39, 0x67, 0x39, 0x67,
  0x39, 0x67, 0x39, 0x67, 0x39, 0x67, 0x59, 0x6b, 0x5e, 0x4e, 0xdf, 0x3d,
  0xdf, 0x3d, 0xdf, 0x3d, 0xdf, 0x3d, 0xdf, 0x3d, 0xdf, 0x3d, 0xdf, 0x3d,
  0xdf, 0x39, 0xf7, 0x6d, 0xed, 0x7d, 0xef, 0x7d, 0xef, 0x7d, 0xef, 0x7d,
  0xef, 0x7d, 0xef, 0x7d, 0xef, 0x7d, 0xcf, 0x7d, 0x8c, 0x76, 0x0a, 0x6b,
  0x0a, 0x6b, 0x0a, 0x6b, 0x0a, 0x6b, 0x0a, 0x6b, 0x0a, 0x6b, 0x0a, 0x6b,
  0x0a, 0x6b, 0x6a, 0x6a, 0x09, 0x69, 0x49, 0x69, 0x49, 0x69, 0x49, 0x69,
  0x49, 0x69, 0x49, 0x69, 0x49, 0x69, 0x07, 0x6d, 0x94, 0x5a, 0xdf, 0x17,
  0xbe, 0x23, 0xbe, 0x23, 0xbe, 0x23, 0xbe, 0x23, 0xbe, 0x23, 0xbe, 0x23,
  0xbe, 0x23, 0xbe, 0x23, 0xbe, 0x23, 0xbe, 0x23, 0xbe, 0x23, 0xbe, 0x23,
  0xdf, 0x17, 0x94, 0x5a, 0x07, 0x6d, 0x49, 0x69, 0x49, 0x69, 0x49, 0x69,
  0x49, 0x69, 0x49, 0x69, 0x49, 0x69, 0x09, 0x6d, 0xcc, 0x52, 0x8f, 0x2b,
  0x6f, 0x2f, 0x6f, 0x2f, 0x6f, 0x2f, 0x6f, 0x2f, 0x6f, 0x2f, 0x6f, 0x2f,
  0x8f, 0x33, 0x8b, 0x22, 0x00, 0x00, 0x00, 0x00, 0x00, 0x00, 0x00, 0x00,
  0x00, 0x00, 0x00, 0x00, 0x00, 0x00, 0x00, 0x00, 0x0a, 0x4a, 0x50, 0x77,
  0x30, 0x73, 0x30, 0x73, 0x30, 0x73, 0x30, 0x73, 0x30, 0x73, 0x30, 0x73,
  0x50, 0x77, 0x0e, 0x63, 0xc6, 0x02, 0xc7, 0x12, 0xc7, 0x12, 0xc7, 0x12,
  0xc7, 0x12, 0xc7, 0x12, 0xc7, 0x12, 0xc6, 0x02, 0x8d, 0x36, 0x57, 0x65,
  0x77, 0x65, 0x77, 0x65, 0x77, 0x65, 0x77, 0x65, 0x77, 0x65, 0x77, 0x65,
  0x57, 0x65, 0x39, 0x6a, 0xff, 0x7f, 0xff, 0x7f, 0xff, 0x7f, 0xff, 0x7f,
  0xff, 0x7f, 0xff, 0x7f, 0xff, 0x7f, 0xff, 0x7f, 0xdf, 0x7b, 0x7d, 0x2d,
  0x5d, 0x29, 0x5d, 0x29, 0x5d, 0x29, 0x5d, 0x29, 0x5d, 0x29, 0x5d, 0x29,
  0x5d, 0x29, 0x9d, 0x29, 0x0b, 0x13, 0x27, 0x13, 0x28, 0x13, 0x28, 0x13,
  0x28, 0x13, 0x28, 0x13, 0x28, 0x13, 0x28, 0x0f, 0x28, 0x17, 0xb6, 0x61,
  0x57, 0x65, 0x77, 0x65, 0x77, 0x65, 0x77, 0x65, 0x77, 0x65, 0x77, 0x65,
  0x77, 0x65, 0x77, 0x65, 0x4d, 0x79, 0x49, 0x7d, 0x4a, 0x7d, 0x4a, 0x7d,
  0x4a, 0x7d, 0x4a, 0x7d, 0x4a, 0x7d, 0x4a, 0x7d, 0x29, 0x7d, 0xf7, 0x6e,
  0x39, 0x67, 0x39, 0x67, 0x39, 0x67, 0x39, 0x67, 0x39, 0x67, 0x39, 0x67,
  0x39, 0x67, 0x59, 0x6b, 0x5e, 0x4e, 0xdf, 0x3d, 0xdf, 0x3d, 0xdf, 0x3d,
  0xdf, 0x3d, 0xdf, 0x3d, 0xdf, 0x3d, 0xdf, 0x3d, 0xdf, 0x39, 0xf7, 0x6d,
  0xed, 0x7d, 0xef, 0x7d, 0xef, 0x7d, 0xef, 0x7d, 0xef, 0x7d, 0xef, 0x7d,
  0xef, 0x7d, 0xcf, 0x7d, 0x8c, 0x76, 0x0a, 0x6b, 0x0a, 0x6b, 0x0a, 0x6b,
  0x0a, 0x6b, 0x0a, 0x6b, 0x0a, 0x6b, 0x0a, 0x6b, 0x0a, 0x6b, 0x6a, 0x6a,
  0x09, 0x69, 0x49, 0x69, 0x49, 0x69, 0x49, 0x69, 0x49, 0x69, 0x49, 0x69,
  0x49, 0x69, 0x07, 0x6d, 0x94, 0x5a, 0xdf, 0x17, 0xbe, 0x23, 0xbe, 0x23,
  0xbe, 0x23, 0xbe, 0x23, 0xbe, 0x23, 0xbe, 0x23, 0xbe, 0x23, 0xbe, 0x23,
  0xbe, 0x23, 0xbe, 0x23, 0xbe, 0x23, 0xbe, 0x23, 0xdf, 0x17, 0x94, 0x5a,
  0x07, 0x6d, 0x49, 0x69, 0x49, 0x69, 0x49, 0x69, 0x49, 0x69, 0x49, 0x69,
  0x49, 0x69, 0x09, 0x6d, 0xcc, 0x52, 0x8f, 0x2b, 0x6f, 0x2f, 0x6f, 0x2f,
  0x6f, 0x2f, 0x6f, 0x2f, 0x6f, 0x2f, 0x6f, 0x2f, 0x8f, 0x33, 0x8b, 0x22,
  0x00, 0x00, 0x00, 0x00, 0x00, 0x00, 0x00, 0x00, 0x00, 0x00, 0x00, 0x00,
  0x00, 0x00, 0x00, 0x00, 0x0a, 0x4a, 0x50, 0x77, 0x30, 0x73, 0x30, 0x73,
  0x30, 0x73, 0x30, 0x73, 0x30, 0x73, 0x30, 0x73, 0x50, 0x77, 0x0e, 0x63,
  0xc6, 0x02, 0xc7, 0x12, 0xc7, 0x12, 0xc7, 0x12, 0xc7, 0x12, 0xc7, 0x12,
  0xc7, 0x12, 0xc6, 0x02, 0x8d, 0x36, 0x57, 0x65, 0x77, 0x65, 0x77, 0x65,
  0x77, 0x65, 0x77, 0x65, 0x77, 0x65, 0x77, 0x65, 0x57, 0x65, 0x39, 0x6a,
  0xff, 0x7f, 0xff, 0x7f, 0xff, 0x7f, 0xff, 0x7f, 0xff, 0x7f, 0xff, 0x7f,
  0xff, 0x7f, 0xff, 0x7f, 0xdf, 0x7b, 0x7d, 0x2d, 0x5d, 0x29, 0x5d, 0x29,
  0x5d, 0x29, 0x5d, 0x29, 0x5d, 0x29, 0x5d, 0x29, 0x5d, 0x29, 0x9d, 0x29,
  0x0b, 0x13, 0x27, 0x13, 0x28, 0x13, 0x28, 0x13, 0x28, 0x13, 0x28, 0x13,
  0x28, 0x13, 0x28, 0x0f, 0x28, 0x17, 0xb6, 0x61, 0x57, 0x65, 0x77, 0x65,
  0x77, 0x65, 0x77, 0x65, 0x77, 0x65, 0x77, 0x65, 0x77, 0x65, 0x77, 0x65,
  0x4d, 0x79, 0x49, 0x7d, 0x4a, 0x7d, 0x4a, 0x7d, 0x4a, 0x7d, 0x4a, 0x7d,
  0x4a, 0x7d, 0x4a, 0x7d, 0x29, 0x7d, 0xf7, 0x6e, 0x39, 0x67, 0x39, 0x67,
  0x39, 0x67, 0x39, 0x67, 0x39, 0x67, 0x39, 0x67, 0x39, 0x67, 0x59, 0x6b,
  0x5e, 0x4e, 0xdf, 0x3d, 0xdf, 0x3d, 0xdf, 0x3d, 0xdf, 0x3d, 0xdf, 0x3d,
  0xdf, 0x3d, 0xdf, 0x3d, 0xdf, 0x39, 0xf7, 0x6d, 0xed, 0x7d, 0xef, 0x7d,
  0xef, 0x7d, 0xef, 0x7d, 0xef, 0x7d, 0xef, 0x7d, 0xef, 0x7d, 0xcf, 0x7d,
  0x8c, 0x76, 0x0a, 0x6b, 0x0a, 0x6b, 0x0a, 0x6b, 0x0a, 0x6b, 0x0a, 0x6b,
  0x0a, 0x6b, 0x0a, 0x6b, 0x0a, 0x6b, 0x6a, 0x6a, 0x09, 0x69, 0x49, 0x69,
  0x49, 0x69, 0x49, 0x69, 0x49, 0x69, 0x49, 0x69, 0x49, 0x69, 0x07, 0x6d,
  0x94, 0x5a, 0xdf, 0x17, 0xbe, 0x23, 0xbe, 0x23, 0xbe, 0x23, 0xbe, 0x23,
  0xbe, 0x23, 0xbe, 0x23, 0xbe, 0x23, 0xbe, 0x23, 0xbe, 0x23, 0xbe, 0x23,
  0xbe, 0x23, 0xbe, 0x23, 0xdf, 0x17, 0x94, 0x5a, 0x07, 0x6d, 0x49, 0x69,
  0x49, 0x69, 0x49, 0x69, 0x49, 0x69, 0x49, 0x69, 0x49, 0x69, 0x09, 0x6d,
  0xcc, 0x52, 0x8f, 0x2b, 0x6f, 0x2f, 0x6f, 0x2f, 0x6f, 0x2f, 0x6f, 0x2f,
  0x6f, 0x2f, 0x6f, 0x2f, 0x8f, 0x33, 0x8b, 0x22, 0x00, 0x00, 0x00, 0x00,
  0x00, 0x00, 0x00, 0x00, 0x00, 0x00, 0x00, 0x00, 0x00, 0x00, 0x00, 0x00,
  0x0a, 0x4a, 0x50, 0x77, 0x30, 0x73, 0x30, 0x73, 0x30, 0x73, 0x30, 0x73,
  0x30, 0x73, 0x30, 0x73, 0x50, 0x77, 0x0e, 0x63, 0xc6, 0x02, 0xc7, 0x12,
  0xc7, 0x12, 0xc7, 0x12, 0xc7, 0x12, 0xc7, 0x12, 0xc7, 0x12, 0xc6, 0x02,
  0x8d, 0x36, 0x57, 0x65, 0x77, 0x65, 0x77, 0x65, 0x77, 0x65, 0x77, 0x65,
  0x77, 0x65, 0x77, 0x65, 0x57, 0x65, 0x39, 0x6a, 0xff, 0x7f, 0xff, 0x7f,
  0xff, 0x7f, 0xff, 0x7f, 0xff, 0x7f, 0xff, 0x7f, 0xff, 0x7f, 0xff, 0x7f,
  0xdf, 0x7b, 0x7d, 0x2d, 0x5d, 0x29, 0x5d, 0x29, 0x5d, 0x29, 0x5d, 0x29,
  0x5d, 0x29, 0x5d, 0x29, 0x5d, 0x29, 0x9d, 0x29, 0x0b, 0x13, 0x27, 0x13,
  0x28, 0x13, 0x28, 0x13, 0x28, 0x13, 0x28, 0x13, 0x28, 0x13, 0x28, 0x0f,
  0x28, 0x17, 0xb6, 0x61, 0x57, 0x65, 0x77, 0x65, 0x77, 0x65, 0x77, 0x65,
  0x77, 0x65, 0x77, 0x65, 0x77, 0x65, 0x77, 0x65, 0x4d, 0x79, 0x49, 0x7d,
  0x4a, 0x7d, 0x4a, 0x7d, 0x4a, 0x7d, 0x4a, 0x7d, 0x4a, 0x7d, 0x4a, 0x7d,
  0x29, 0x7d, 0xf7, 0x6e, 0x39, 0x67, 0x39, 0x67, 0x39, 0x67, 0x39, 0x67,
  0x39, 0x67, 0x39, 0x67, 0x39, 0x67, 0x59, 0x6b, 0x5e, 0x4e, 0xdf, 0x3d,
  0xdf, 0x3d, 0xdf, 0x3d, 0xdf, 0x3d, 0xdf, 0x3d, 0xdf, 0x3d, 0xdf, 0x3d,
  0xdf, 0x39, 0xf7, 0x6d, 0xed, 0x7d, 0xef, 0x7d, 0xef, 0x7d, 0xef, 0x7d,
  0xef, 0x7d, 0xef, 0x7d, 0xef, 0x7d, 0xcf, 0x7d, 0x8c, 0x76, 0x0a, 0x6b,
  0x0a, 0x6b, 0x0a, 0x6b, 0x0a, 0x6b, 0x0a, 0x6b, 0x0a, 0x6b, 0x0a, 0x6b,
  0x0a, 0x6b, 0x6a, 0x6a, 0x09, 0x69, 0x49, 0x69, 0x49, 0x69, 0x49, 0x69,
  0x49, 0x69, 0x49, 0x69, 0x49, 0x69, 0x07, 0x6d, 0x94, 0x5a, 0xdf, 0x17,
  0xbe, 0x23, 0xbe, 0x23, 0xbe, 0x23, 0xbe, 0x23, 0xbe, 0x23, 0xbe, 0x23,
  0xbe, 0x23, 0xbe, 0x23, 0xbe, 0x23, 0xbe, 0x23, 0xbe, 0x23, 0xbe, 0x23,
  0xdf, 0x17, 0x94, 0x5a, 0x07, 0x6d, 0x49, 0x69, 0x49, 0x69, 0x49, 0x69,
  0x49, 0x69, 0x49, 0x69, 0x49, 0x69, 0x09, 0x6d, 0xcc, 0x52, 0x8f, 0x2b,
  0x6f, 0x2f, 0x6f, 0x2f, 0x6f, 0x2f, 0x6f, 0x2f, 0x6f, 0x2f, 0x6f, 0x2f,
  0x8f, 0x33, 0x8b, 0x22, 0x00, 0x00, 0x00, 0x00, 0x00, 0x00, 0x00, 0x00,
  0x00, 0x00, 0x00, 0x00, 0x00, 0x00, 0x00, 0x00, 0x0a, 0x4a, 0x50, 0x77,
  0x30, 0x73, 0x30, 0x73, 0x30, 0x73, 0x30, 0x73, 0x30, 0x73, 0x30, 0x73,
  0x50, 0x77, 0x0e, 0x63, 0xc6, 0x02, 0xc7, 0x12, 0xc7, 0x12, 0xc7, 0x12,
  0xc7, 0x12, 0xc7, 0x12, 0xc7, 0x12, 0xc6, 0x02, 0x8d, 0x36, 0x57, 0x65,
  0x77, 0x65, 0x77, 0x65, 0x77, 0x65, 0x77, 0x65, 0x77, 0x65, 0x77, 0x65,
  0x57, 0x65, 0x39, 0x6a, 0xff, 0x7f, 0xff, 0x7f, 0xff, 0x7f, 0xff, 0x7f,
  0xff, 0x7f, 0xff, 0x7f, 0xff, 0x7f, 0xff, 0x7f, 0xdf, 0x7b, 0x7d, 0x2d,
  0x5d, 0x29, 0x5d, 0x29, 0x5d, 0x29, 0x5d, 0x29, 0x5d, 0x29, 0x5d, 0x29,
  0x5d, 0x29, 0x9d, 0x29, 0x0b, 0x13, 0x27, 0x13, 0x28, 0x13, 0x28, 0x13,
  0x28, 0x13, 0x28, 0x13, 0x28, 0x13, 0x28, 0x0f, 0x28, 0x17, 0xb6, 0x61,
  0x57, 0x65, 0x77, 0x65, 0x77, 0x65, 0x77, 0x65, 0x77, 0x65, 0x77, 0x65,
  0x77, 0x65, 0x77, 0x65, 0x4d, 0x79, 0x49, 0x7d, 0x4a, 0x7d, 0x4a, 0x7d,
  0x4a, 0x7d, 0x4a, 0x7d, 0x4a, 0x7d, 0x4a, 0x7d, 0x29, 0x7d, 0xf7, 0x6e,
  0x39, 0x67, 0x39, 0x67, 0x39, 0x67, 0x39, 0x67, 0x39, 0x67, 0x39, 0x67,
  0x39, 0x67, 0x59, 0x6b, 0x5e, 0x4e, 0xdf, 0x3d, 0xdf, 0x3d, 0xdf, 0x3d,
  0xdf, 0x3d, 0xdf, 0x3d, 0xdf, 0x3d, 0xdf, 0x3d, 0xdf, 0x39, 0xf7, 0x6d,
  0xed, 0x7d, 0xef, 0x7d, 0xef, 0x7d, 0xef, 0x7d, 0xef, 0x7d, 0xef, 0x7d,
  0xef, 0x7d, 0xcf, 0x7d, 0x8c, 0x76, 0x0a, 0x6b, 0x0a, 0x6b, 0x0a, 0x6b,
  0x0a, 0x6b, 0x0a, 0x6b, 0x0a, 0x6b, 0x0a, 0x6b, 0x0a, 0x6b, 0x6a, 0x6a,
  0x09, 0x69, 0x49, 0x69, 0x49, 0x69, 0x49, 0x69, 0x49, 0x69, 0x49, 0x69,
  0x49, 0x69, 0x07, 0x6d, 0x94, 0x5a, 0xdf, 0x17, 0xbe, 0x23, 0xbe, 0x23,
  0xbe, 0x23, 0xbe, 0x23, 0xbe, 0x23, 0xbe, 0x23, 0xbe, 0x23, 0xbe, 0x23,
  0xbe, 0x23, 0xbe, 0x23, 0xbe, 0x23, 0xbe, 0x23, 0xdf, 0x17, 0x94, 0x5a,
  0x07, 0x6d, 0x49, 0x69, 0x49, 0x69, 0x49, 0x69, 0x49, 0x69, 0x49, 0x69,
  0x49, 0x69, 0x09, 0x6d, 0xcc, 0x52, 0x8f, 0x2b, 0x6f, 0x2f, 0x6f, 0x2f,
  0x6f, 0x2f, 0x6f, 0x2f, 0x6f, 0x2f, 0x6f, 0x2f, 0x8f, 0x33, 0x8b, 0x22,
  0x00, 0x00, 0x00, 0x00, 0x00, 0x00, 0x00, 0x00, 0x00, 0x00, 0x00, 0x00,
  0x00, 0x00, 0x00, 0x00, 0x0a, 0x4a, 0x50, 0x77, 0x30, 0x73, 0x30, 0x73,
  0x30, 0x73, 0x30, 0x73, 0x30, 0x73, 0x30, 0x73, 0x50, 0x77, 0x0e, 0x63,
  0xc6, 0x02, 0xc7, 0x12, 0xc7, 0x12, 0xc7, 0x12, 0xc7, 0x12, 0xc7, 0x12,
  0xc7, 0x12, 0xc6, 0x02, 0x8d, 0x36, 0x57, 0x65, 0x77, 0x65, 0x77, 0x65,
  0x77, 0x65, 0x77, 0x65, 0x77, 0x65, 0x77, 0x65, 0x57, 0x65, 0x39, 0x6a,
  0xff, 0x7f, 0xff, 0x7f, 0xff, 0x7f, 0xff, 0x7f, 0xff, 0x7f, 0xff, 0x7f,
  0xff, 0x7f, 0xff, 0x7f, 0xdf, 0x7b, 0x7d, 0x2d, 0x5d, 0x29, 0x5d, 0x29,
  0x5d, 0x29, 0x5d, 0x29, 0x5d, 0x29, 0x5d, 0x29, 0x5d, 0x29, 0x9d, 0x29,
  0x0b, 0x13, 0x27, 0x13, 0x28, 0x13, 0x28, 0x13, 0x28, 0x13, 0x28, 0x13,
  0x28, 0x13, 0x28, 0x0f, 0x28, 0x17, 0xb6, 0x61, 0x57, 0x65, 0x77, 0x65,
  0x77, 0x65, 0x77, 0x65, 0x77, 0x65, 0x77, 0x65, 0x77, 0x65, 0x77, 0x65,
  0x4d, 0x79, 0x49, 0x7d, 0x4a, 0x7d, 0x4a, 0x7d, 0x4a, 0x7d, 0x4a, 0x7d,
  0x4a, 0x7d, 0x4a, 0x7d, 0x29, 0x7d, 0xf7, 0x6e, 0x39, 0x67, 0x39, 0x67,
  0x39, 0x67, 0x39, 0x67, 0x39, 0x67, 0x39, 0x67, 0x39, 0x67, 0x59, 0x6b,
  0x5e, 0x4e, 0xdf, 0x3d, 0xdf, 0x3d, 0xdf, 0x3d, 0xdf, 0x3d, 0xdf, 0x3d,
  0xdf, 0x3d, 0xdf, 0x3d, 0xdf, 0x39, 0xf7, 0x6d, 0xed, 0x7d, 0xef, 0x7d,
  0xef, 0x7d, 0xef, 0x7d, 0xef, 0x7d, 0xef, 0x7d, 0xef, 0x7d, 0xcf, 0x7d,
  0x8c, 0x76, 0x0a, 0x6b, 0x0a, 0x6b, 0x0a, 0x6b, 0x0a, 0x6b, 0x0a, 0x6b,
  0x0a, 0x6b, 0x0a, 0x6b, 0x0a, 0x6b, 0x6a, 0x6a, 0x09, 0x69, 0x49, 0x69,
  0x49, 0x69, 0x49, 0x69, 0x49, 0x69, 0x49, 0x69, 0x49, 0x69, 0x07, 0x6d,
  0x94, 0x5a, 0xdf, 0x17, 0xbe, 0x23, 0xbe, 0x23, 0xbe, 0x23, 0xbe, 0x23,
  0xbe, 0x23, 0xbe, 0x23, 0xbe, 0x23, 0xbe, 0x23, 0xbe, 0x23, 0xbe, 0x23,
  0xbe, 0x23, 0xbe, 0x23, 0xdf, 0x17, 0x94, 0x5a, 0x07, 0x6d, 0x49, 0x69,
  0x49, 0x69, 0x49, 0x69, 0x49, 0x69, 0x49, 0x69, 0x49, 0x69, 0x09, 0x6d,
  0xcc, 0x52, 0x8f, 0x2b, 0x6f, 0x2f, 0x6f, 0x2f, 0x6f, 0x2f, 0x6f, 0x2f,
  0x6f, 0x2f, 0x6f, 0x2f, 0x8f, 0x33, 0x8b, 0x22, 0x00, 0x00, 0x00, 0x00,
  0x00, 0x00, 0x00, 0x00, 0x00, 0x00, 0x00, 0x00, 0x00, 0x00, 0x00, 0x00,
  0x0a, 0x4a, 0x50, 0x77, 0x30, 0x73, 0x30, 0x73, 0x30, 0x73, 0x30, 0x73,
  0x30, 0x73, 0x30, 0x73, 0x50, 0x77, 0x0e, 0x63, 0xc6, 0x02, 0xc7, 0x12,
  0xc7, 0x12, 0xc7, 0x12, 0xc7, 0x12, 0xc7, 0x12, 0xc7, 0x12, 0xc6, 0x02,
  0x8d, 0x36, 0x57, 0x65, 0x77, 0x65, 0x77, 0x65, 0x77, 0x65, 0x77, 0x65,
  0x77, 0x65, 0x77, 0x65, 0x57, 0x65, 0x39, 0x6a, 0xff, 0x7f, 0xff, 0x7f,
  0xff, 0x7f, 0xff, 0x7f, 0xff, 0x7f, 0xff, 0x7f, 0xff, 0x7f, 0xff, 0x7f,
  0xdf, 0x7b, 0x7d, 0x2d, 0x5d, 0x29, 0x5d, 0x29, 0x5d, 0x29, 0x5d, 0x29,
  0x5d, 0x29, 0x5d, 0x29, 0x5d, 0x29, 0x9d, 0x29, 0x0b, 0x13, 0x27, 0x13,
  0x28, 0x13, 0x28, 0x13, 0x28, 0x13, 0x28, 0x13, 0x28, 0x13, 0x28, 0x0f,
  0x28, 0x17, 0xb6, 0x61, 0x57, 0x65, 0x77, 0x65, 0x77, 0x65, 0x77, 0x65,
  0x77, 0x65, 0x77, 0x65, 0x77, 0x65, 0x77, 0x65, 0x4d, 0x79, 0x49, 0x7d,
  0x4a, 0x7d, 0x4a, 0x7d, 0x4a, 0x7d, 0x4a, 0x7d, 0x4a, 0x7d, 0x4a, 0x7d,
  0x29, 0x7d, 0xf7, 0x6e, 0x39, 0x67, 0x39, 0x67, 0x39, 0x67, 0x39, 0x67,
  0x39, 0x67, 0x39, 0x67, 0x39, 0x67, 0x59, 0x6b, 0x5e, 0x4e, 0xdf, 0x3d,
  0xdf, 0x3d, 0xdf, 0x3d, 0xdf, 0x3d, 0xdf, 0x3d, 0xdf, 0x3d, 0xdf, 0x3d,
  0xdf, 0x39, 0xf7, 0x6d, 0xed, 0x7d, 0xef, 0x7d, 0xef, 0x7d, 0xef, 0x7d,
  0xef, 0x7d, 0xef, 0x7d, 0xef, 0x7d, 0xcf, 0x7d, 0x8c, 0x76, 0x0a, 0x6b,
  0x0a, 0x6b, 0x0a, 0x6b, 0x0a, 0x6b, 0x0a, 0x6b, 0x0a, 0x6b, 0x0a, 0x6b,
  0x0a, 0x6b, 0x6a, 0x6a, 0x09, 0x69, 0x49, 0x69, 0x49, 0x69, 0x49, 0x69,
  0x49, 0x69, 0x49, 0x69, 0x49, 0x69, 0x07, 0x6d, 0x94, 0x5a, 0xdf, 0x17,
  0xbe, 0x23, 0xbe, 0x23, 0xbe, 0x23, 0xbe, 0x23, 0xbe, 0x23, 0xbe, 0x23,
  0xbe, 0x23, 0xbe, 0x23, 0xbe, 0x23, 0xbe, 0x23, 0xbe, 0x23, 0xbe, 0x23,
  0xdf, 0x17, 0x94, 0x5a, 0x07, 0x6d, 0x49, 0x69, 0x49, 0x69, 0x49, 0x69,
  0x49, 0x69, 0x49, 0x69, 0x49, 0x69, 0x09, 0x6d, 0xcc, 0x52, 0x8f, 0x2b,
  0x6f, 0x2f, 0x6f, 0x2f, 0x6f, 0x2f, 0x6f, 0x2f, 0x6f, 0x2f, 0x6f, 0x2f,
  0x8f, 0x33, 0x8b, 0x22, 0x00, 0x00, 0x00, 0x00, 0x00, 0x00, 0x00, 0x00,
  0x00, 0x00, 0x00, 0x00, 0x00, 0x00, 0x00, 0x00, 0x0a, 0x4a, 0x50, 0x77,
  0x30, 0x73, 0x30, 0x73, 0x30, 0x73, 0x30, 0x73, 0x30, 0x73, 0x30, 0x73,
  0x50, 0x77, 0x0e, 0x63, 0xc6, 0x02, 0xc7, 0x12, 0xc7, 0x12, 0xc7, 0x12,
  0xc7, 0x12, 0xc7, 0x12, 0xc7, 0x12, 0xc6, 0x02, 0x8d, 0x36, 0x57, 0x65,
  0x77, 0x65, 0x77, 0x65, 0x77, 0x65, 0x77, 0x65, 0x77, 0x65, 0x77, 0x65,
  0x57, 0x65, 0x39, 0x6a, 0xff, 0x7f, 0xff, 0x7f, 0xff, 0x7f, 0xff, 0x7f,
  0xff, 0x7f, 0xff, 0x7f, 0xff, 0x7f, 0xff, 0x7f, 0xdf, 0x7b, 0x7d, 0x2d,
  0x5d, 0x29, 0x5d, 0x29, 0x5d, 0x29, 0x5d, 0x29, 0x5d, 0x29, 0x5d, 0x29,
  0x5d, 0x29, 0x9d, 0x29, 0x0b, 0x13, 0x27, 0x13, 0x28, 0x13, 0x28, 0x13,
  0x28, 0x13, 0x28, 0x13, 0x28, 0x13, 0x28, 0x0f, 0x28, 0x17, 0xb6, 0x61,
  0x57, 0x65, 0x77, 0x65, 0x77, 0x65, 0x77, 0x65, 0x77, 0x65, 0x77, 0x65,
  0x77, 0x65, 0x77, 0x65, 0x4d, 0x79, 0x49, 0x7d, 0x4a, 0x7d, 0x4a, 0x7d,
  0x4a, 0x7d, 0x4a, 0x7d, 0x4a, 0x7d, 0x4a, 0x7d, 0x29, 0x7d, 0xf7, 0x6e,
  0x39, 0x67, 0x39, 0x67, 0x39, 0x67, 0x39, 0x67, 0x39, 0x67, 0x39, 0x67,
  0x39, 0x67, 0x59, 0x6b, 0x5e, 0x4e, 0xdf, 0x3d, 0xdf, 0x3d, 0xdf, 0x3d,
  0xdf, 0x3d, 0xdf, 0x3d, 0xdf, 0x3d, 0xdf, 0x3d, 0xdf, 0x39, 0xf7, 0x6d,
  0xed, 0x7d, 0xef, 0x7d, 0xef, 0x7d, 0xef, 0x7d, 0xef, 0x7d, 0xef, 0x7d,
  0xef, 0x7d, 0xcf, 0x7d, 0x8c, 0x76, 0x0a, 0x6b, 0x0a, 0x6b, 0x0a, 0x6b,
  0x0a, 0x6b, 0x0a, 0x6b, 0x0a, 0x6b, 0x0a, 0x6b, 0x0a, 0x6b, 0x6a, 0x6a,
  0x09, 0x69, 0x49, 0x69, 0x49, 0x69, 0x49, 0x69, 0x49, 0x69, 0x49, 0x69,
  0x49, 0x69, 0x07, 0x6d, 0x94, 0x5a, 0xdf, 0x17, 0xbe, 0x23, 0xbe, 0x23,
  0xbe, 0x23, 0xbe, 0x23, 0xbe, 0x23, 0xbe, 0x23, 0xbe, 0x23, 0xbe, 0x23,
  0xbe, 0x23, 0xbe, 0x23, 0xbe, 0x23, 0xbe, 0x23, 0xdf, 0x17, 0x94, 0x5a,
  0xe5, 0x6c, 0x28, 0x69, 0x28, 0x69, 0x28, 0x69, 0x28, 0x69, 0x28, 0x69,
  0x28, 0x69, 0xe8, 0x6c, 0xcc, 0x52, 0x8e, 0x2b, 0x6e, 0x2f, 0x6e, 0x2f,
  0x6e, 0x2f, 0x6e, 0x2f, 0x6e, 0x2f, 0x6e, 0x2f, 0x8e, 0x33, 0x8a, 0x22,
  0x00, 0x00, 0x00, 0x00, 0x00, 0x00, 0x00, 0x00, 0x00, 0x00, 0x00, 0x00,
  0x00, 0x00, 0x00, 0x00, 0x09, 0x4a, 0x50, 0x77, 0x2f, 0x77, 0x2f, 0x77,
  0x2f, 0x77, 0x2f, 0x77, 0x2f, 0x77, 0x2f, 0x77, 0x50, 0x77, 0x0d, 0x63,
  0xa5, 0x02, 0xc6, 0x12, 0xc6, 0x12, 0xc6, 0x12, 0xc6, 0x12, 0xc6, 0x12,
  0xc6, 0x12, 0xc4, 0x02, 0x8d, 0x36, 0x57, 0x65, 0x57, 0x65, 0x57, 0x65,
  0x57, 0x65, 0x57, 0x65, 0x57, 0x65, 0x57, 0x65, 0x37, 0x65, 0x39, 0x6a,
  0xff, 0x7f, 0xff, 0x7f, 0xff, 0x7f, 0xff, 0x7f, 0xff, 0x7f, 0xff, 0x7f,
  0xff, 0x7f, 0xff, 0x7f, 0xdf, 0x7b, 0x7d, 0x2d, 0x3d, 0x29, 0x5d, 0x29,
  0x5d, 0x29, 0x5d, 0x29, 0x5d, 0x29, 0x5d, 0x29, 0x3d, 0x29, 0x7d, 0x29,
  0x0a, 0x13, 0x26, 0x0f, 0x27, 0x13, 0x27, 0x13, 0x27, 0x13, 0x27, 0x13,
  0x27, 0x13, 0x27, 0x0f, 0x08, 0x17, 0xb6, 0x61, 0x57, 0x65, 0x57, 0x65,
  0x57, 0x65, 0x57, 0x65, 0x57, 0x65, 0x57, 0x65, 0x57, 0x65, 0x57, 0x65,
  0x4d, 0x79, 0x49, 0x7d, 0x49, 0x7d, 0x49, 0x7d, 0x49, 0x7d, 0x49, 0x7d,
  0x49, 0x7d, 0x49, 0x7d, 0x08, 0x7d, 0xf7, 0x6e, 0x39, 0x67, 0x39, 0x67,
  0x39, 0x67, 0x39, 0x67, 0x39, 0x67, 0x39, 0x67, 0x39, 0x67, 0x39, 0x6b,
  0x5e, 0x4e, 0xbf, 0x3d, 0xdf, 0x3d, 0xdf, 0x3d, 0xdf, 0x3d, 0xdf, 0x3d,
  0xdf, 0x3d, 0xdf, 0x3d, 0xdf, 0x39, 0xd7, 0x6d, 0xcd, 0x7d, 0xce, 0x7d,
  0xce, 0x7d, 0xce, 0x7d, 0xce, 0x7d, 0xce, 0x7d, 0xce, 0x7d, 0xce, 0x7d,
  0x8c, 0x76, 0x09, 0x6b, 0x09, 0x6b, 0x09, 0x6b, 0x09, 0x6b, 0x09, 0x6b,
  0x09, 0x6b, 0x09, 0x6b, 0x09, 0x6b, 0x69, 0x6a, 0x08, 0x69, 0x28, 0x69,
  0x28, 0x69, 0x28, 0x69, 0x28, 0x69, 0x28, 0x69, 0x28, 0x69, 0xe5, 0x6c,
  0x94, 0x5a, 0xdf, 0x17, 0xbe, 0x23, 0xbe, 0x23, 0xbe, 0x23, 0xbe, 0x23,
  0xbe, 0x23, 0xbe, 0x23, 0xbe, 0x23, 0xbe, 0x23, 0xbe, 0x23, 0xbe, 0x23,
  0xbe, 0x23, 0xbe, 0x23, 0xdf, 0x17, 0xb6, 0x56, 0x8c, 0x69, 0xad, 0x65,
  0xad, 0x65, 0xad, 0x65, 0xad, 0x65, 0xad, 0x65, 0xad, 0x65, 0x8d, 0x69,
  0xcf, 0x4e, 0x91, 0x2b, 0x71, 0x2f, 0x71, 0x2f, 0x71, 0x2f, 0x71, 0x2f,
  0x71, 0x2f, 0x71, 0x2f, 0x91, 0x2f, 0xae, 0x22, 0xe9, 0x00, 0x2a, 0x05,
  0x2a, 0x05, 0x2a, 0x05, 0x2a, 0x05, 0x2a, 0x05, 0x2a, 0x05, 0x09, 0x01,
  0x4d, 0x4a, 0x52, 0x73, 0x52, 0x6f, 0x52, 0x6f, 0x52, 0x6f, 0x52, 0x6f,
  0x52, 0x6f, 0x52, 0x6f, 0x52, 0x73, 0x30, 0x5f, 0xcc, 0x02, 0xcc, 0x12,
  0xcc, 0x12, 0xcc, 0x12, 0xcc, 0x12, 0xcc, 0x12, 0xcc, 0x12, 0xeb, 0x02,
  0xb0, 0x36, 0xd8, 0x61, 0xd8, 0x61, 0xd8, 0x61, 0xd8, 0x61, 0xd8, 0x61,
  0xd8, 0x61, 0xd8, 0x61, 0xb8, 0x61, 0x59, 0x66, 0xff, 0x7b, 0xff, 0x7b,
  0xff, 0x7b, 0xff, 0x7b, 0xff, 0x7b, 0xff, 0x7b, 0xff, 0x7b, 0xff, 0x7b,
  0xdf, 0x77, 0xdd, 0x2d, 0xbd, 0x29, 0xbd, 0x29, 0xbd, 0x29, 0xbd, 0x29,
  0xbd, 0x29, 0xbd, 0x29, 0xbe, 0x29, 0xfd, 0x29, 0x2e, 0x17, 0x2c, 0x13,
  0x2c, 0x13, 0x2c, 0x13, 0x2c, 0x13, 0x2c, 0x13, 0x2c, 0x13, 0x2c, 0x13,
  0x2d, 0x1b, 0x17, 0x5e, 0xd8, 0x61, 0xd8, 0x61, 0xd8, 0x61, 0xd8, 0x61,
  0xd8, 0x61, 0xd8, 0x61, 0xd8, 0x61, 0xd8, 0x61, 0xd0, 0x75, 0xad, 0x79,
  0xae, 0x79, 0xae, 0x79, 0xae, 0x79, 0xae, 0x79, 0xae, 0x79, 0xae, 0x79,
  0xad, 0x79, 0xf8, 0x6a, 0x5a, 0x63, 0x5a, 0x63, 0x5a, 0x63, 0x5a, 0x63,
  0x5a, 0x63, 0x5a, 0x63, 0x5a, 0x63, 0x59, 0x67, 0x9e, 0x4a, 0x1f, 0x3a,
  0x1f, 0x3e, 0x1f, 0x3e, 0x1f, 0x3e, 0x1f, 0x3e, 0x1f, 0x3e, 0x1f, 0x3e,
  0x1f, 0x36, 0x38, 0x6a, 0x30, 0x7e, 0x31, 0x7a, 0x31, 0x7a, 0x31, 0x7a,
  0x31, 0x7a, 0x31, 0x7a, 0x31, 0x7a, 0x11, 0x7a, 0xaf, 0x72, 0x2e, 0x67,
  0x0e, 0x67, 0x0e, 0x67, 0x0e, 0x67, 0x0e, 0x67, 0x0e, 0x67, 0x0e, 0x67,
  0x2e, 0x67, 0x8d, 0x66, 0x8d, 0x65, 0xad, 0x65, 0xad, 0x65, 0xad, 0x65,
  0xad, 0x65, 0xad, 0x65, 0xad, 0x65, 0x8c, 0x69, 0xb6, 0x56, 0xdf, 0x17,
  0xbe, 0x23, 0xbe, 0x23, 0xbe, 0x23, 0xbe, 0x23, 0xbe, 0x23, 0xbe, 0x23,
  0xbe, 0x23, 0xbe, 0x23, 0xbe, 0x23, 0xbe, 0x23, 0xbe, 0x23, 0xbe, 0x23,
  0xbe, 0x23, 0xbe, 0x27, 0xbe, 0x27, 0xbe, 0x27, 0xbe, 0x27, 0xbe, 0x27,
  0xbe, 0x27, 0xbe, 0x27, 0xbe, 0x27, 0xbe, 0x27, 0xbe, 0x27, 0xbe, 0x23,
  0xbe, 0x23, 0xbe, 0x23, 0xbe, 0x23, 0xbe, 0x23, 0xbe, 0x23, 0xbe, 0x23,
  0xbe, 0x23, 0xbe, 0x23, 0xbe, 0x23, 0xbe, 0x23, 0xbe, 0x23, 0xbe, 0x23,
  0xbe, 0x23, 0xbe, 0x23, 0xbe, 0x23, 0xbe, 0x23, 0xbe, 0x23, 0xbe, 0x2b,
  0xbe, 0x2b, 0xbe, 0x2b, 0xbe, 0x2b, 0xbe, 0x2b, 0xbe, 0x2b, 0xbe, 0x2b,
  0xbe, 0x2b, 0xbe, 0x27, 0xbe, 0x23, 0xbe, 0x23, 0xbe, 0x23, 0xbe, 0x23,
  0xbe, 0x23, 0xbe, 0x23, 0xbe, 0x23, 0xbe, 0x23, 0xbe, 0x23, 0xbe, 0x27,
  0xbe, 0x27, 0xbe, 0x27, 0xbe, 0x27, 0xbe, 0x27, 0xbe, 0x27, 0xbe, 0x27,
  0xbe, 0x27, 0xbe, 0x27, 0xbe, 0x2b, 0xbe, 0x2b, 0xbe, 0x2b, 0xbe, 0x2b,
  0xbe, 0x2b, 0xbe, 0x2b, 0xbe, 0x2b, 0xbe, 0x2b, 0xbe, 0x2b, 0xbe, 0x23,
  0xbe, 0x23, 0xbe, 0x23, 0xbe, 0x23, 0xbe, 0x23, 0xbe, 0x23, 0xbe, 0x23,
  0xbe, 0x23, 0xbe, 0x23, 0xbe, 0x23, 0xbe, 0x23, 0xbe, 0x23, 0xbe, 0x23,
  0xbe, 0x23, 0xbe, 0x23, 0xbe, 0x23, 0xbe, 0x23, 0xbe, 0x23, 0xbe, 0x27,
  0xbe, 0x27, 0xbe, 0x27, 0xbe, 0x27, 0xbe, 0x27, 0xbe, 0x27, 0xbe, 0x27,
  0xbe, 0x27, 0xbe, 0x27, 0xbe, 0x2b, 0xbe, 0x2b, 0xbe, 0x2b, 0xbe, 0x2b,
  0xbe, 0x2b, 0xbe, 0x2b, 0xbe, 0x2b, 0xbe, 0x2b, 0xbe, 0x2b, 0xbe, 0x27,
  0xbe, 0x27, 0xbe, 0x27, 0xbe, 0x27, 0xbe, 0x27, 0xbe, 0x27, 0xbe, 0x27,
  0xbe, 0x27, 0xbe, 0x27, 0xbe, 0x27, 0xbe, 0x23, 0xbe, 0x23, 0xbe, 0x23,
  0xbe, 0x23, 0xbe, 0x23, 0xbe, 0x23, 0xbe, 0x23, 0xbe, 0x23, 0xbe, 0x27,
  0xbe, 0x2b, 0xbe, 0x2b, 0xbe, 0x2b, 0xbe, 0x2b, 0xbe, 0x2b, 0xbe, 0x2b,
  0xbe, 0x2b, 0xbe, 0x2b, 0xbe, 0x2b, 0xbe, 0x27, 0xbe, 0x27, 0xbe, 0x27,
  0xbe, 0x27, 0xbe, 0x27, 0xbe, 0x27, 0xbe, 0x27, 0xbe, 0x27, 0xbe, 0x27,
  0xbe, 0x27, 0xbe, 0x27, 0xbe, 0x27, 0xbe, 0x27, 0xbe, 0x27, 0xbe, 0x27,
  0xbe, 0x27, 0xbe, 0x27, 0xbe, 0x27, 0xbe, 0x23, 0xbe, 0x23, 0xbe, 0x23,
  0xbe, 0x23, 0xbe, 0x23, 0xbe, 0x23, 0xbe, 0x23, 0xbe, 0x23, 0xbe, 0x23,
  0xbe, 0x23, 0xbe, 0x23, 0xbe, 0x23, 0xbe, 0x23, 0xbe, 0x23, 0xbe, 0x23,
  0xbe, 0x1f, 0xbe, 0x1f, 0xbe, 0x1f, 0xbe, 0x1f, 0xbe, 0x1f, 0xbe, 0x1f,
  0xbe, 0x1f, 0xbe, 0x1f, 0xbe, 0x23, 0xbe, 0x23, 0xbe, 0x23, 0xbe, 0x23,
  0xbe, 0x23, 0xbe, 0x23, 0xbe, 0x23, 0xbe, 0x23, 0xbe, 0x23, 0xbe, 0x23,
  0xbe, 0x23, 0xbe, 0x23, 0xbe, 0x23, 0xbe, 0x23, 0xbe, 0x23, 0xbe, 0x23,
  0xbe, 0x23, 0xbe, 0x23, 0xbe, 0x23, 0xbe, 0x1f, 0xbe, 0x1f, 0xbe, 0x1f,
  0xbe, 0x1f, 0xbe, 0x1f, 0xbe, 0x1f, 0xbe, 0x1f, 0xbe, 0x1f, 0xbe, 0x23,
  0xbe, 0x23, 0xbe, 0x23, 0xbe, 0x23, 0xbe, 0x23, 0xbe, 0x23, 0xbe, 0x23,
  0xbe, 0x23, 0xbe, 0x23, 0xbe, 0x23, 0xbe, 0x23, 0xbe, 0x23, 0xbe, 0x23,
  0xbe, 0x23, 0xbe, 0x23, 0xbe, 0x23, 0xbe, 0x23, 0xbe, 0x23, 0xbe, 0x1f,
  0xbe, 0x1f, 0xbe, 0x1f, 0xbe, 0x1f, 0xbe, 0x1f, 0xbe, 0x1f, 0xbe, 0x1f,
  0xbe, 0x1f, 0xbe, 0x1f, 0xbe, 0x1f, 0xbe, 0x23, 0xbe, 0x23, 0xbe, 0x23,
  0xbe, 0x23, 0xbe, 0x23, 0xbe, 0x23, 0xbe, 0x23, 0xbe, 0x23, 0xbe, 0x23,
  0xbe, 0x23, 0xbe, 0x23, 0xbe, 0x23, 0xbe, 0x23, 0xbe, 0x23, 0xbe, 0x23,
  0xbe, 0x23, 0xbe, 0x23, 0xbe, 0x23, 0xbe, 0x23, 0xbe, 0x23, 0xbe, 0x23,
  0xbe, 0x23, 0xbe, 0x23, 0xbe, 0x23, 0xbe, 0x23, 0xbe, 0x23, 0xbe, 0x23,
  0xbe, 0x1f, 0xbe, 0x1f, 0xbe, 0x1f, 0xbe, 0x1f, 0xbe, 0x1f, 0xbe, 0x1f,
  0xbe, 0x1f, 0xbe, 0x1f, 0xbe, 0x1f, 0xbe, 0x1f, 0xbe, 0x23, 0xbe, 0x23,
  0xbe, 0x23, 0xbe, 0x23, 0xbe, 0x23, 0xbe, 0x23, 0xbe, 0x23, 0xbe, 0x23,
  0xbe, 0x23, 0xbe, 0x23, 0xbe, 0x23, 0xbe, 0x23, 0xbe, 0x23, 0xbe, 0x23,
  0xbe, 0x23, 0xbe, 0x23, 0xbe, 0x23, 0xbe, 0x1f, 0xbe, 0x1f, 0xbe, 0x1f,
  0xbe, 0x1f, 0xbe, 0x1f, 0xbe, 0x1f, 0xbe, 0x1f, 0xbe, 0x1f, 0xbe, 0x1f,
  0xbe, 0x1f, 0xbe, 0x1f, 0xbe, 0x1f, 0xbe, 0x1f, 0xbe, 0x1f, 0xbe, 0x1f,
  0xbe, 0x1f, 0xbe, 0x1f, 0xbe, 0x1f, 0xbe, 0x1f, 0xbe, 0x1f, 0xbe, 0x1f,
  0xbe, 0x1f, 0xbe, 0x1f, 0xbe, 0x1f, 0xbe, 0x1f, 0xbe, 0x1f, 0xbe, 0x1f,
  0xbe, 0x23, 0xbe, 0x23, 0xbe, 0x23, 0xbe, 0x23, 0xbe, 0x23, 0xbe, 0x23,
  0xbe, 0x23, 0xbe, 0x23, 0xbe, 0x23, 0xbe, 0x23, 0xbe, 0x23, 0xbe, 0x23,
  0xbe, 0x23, 0xbe, 0x23, 0xbe, 0x23, 0xbe, 0x23, 0xbe, 0x23, 0xbe, 0x23,
  0xbe, 0x23, 0xbe, 0x23, 0xbe, 0x23, 0xbe, 0x23, 0xbe, 0x23, 0xbe, 0x23,
  0xbe, 0x23, 0xbe, 0x23, 0xbe, 0x23, 0xbe, 0x23, 0xbe, 0x23, 0xbe, 0x23,
  0xbe, 0x23, 0xbe, 0x23, 0xbe, 0x23, 0xbe, 0x23, 0xbe, 0x23, 0xbe, 0x23,
  0xbe, 0x23, 0xbe, 0x23, 0xbe, 0x23, 0xbe, 0x23, 0xbe, 0x23, 0xbe, 0x23,
  0xbe, 0x23, 0xbe, 0x23, 0xbe, 0x23, 0xbe, 0x23, 0xbe, 0x23, 0xbe, 0x23,
  0xbe, 0x23, 0xbe, 0x23, 0xbe, 0x23, 0xbe, 0x23, 0xbe, 0x23, 0xbe, 0x23,
  0xbe, 0x23, 0xbe, 0x23, 0xbe, 0x23, 0xbe, 0x23, 0xbe, 0x23, 0xbe, 0x23,
  0xbe, 0x23, 0xbe, 0x23, 0xbe, 0x23, 0xbe, 0x23, 0xbe, 0x23, 0xbe, 0x23,
  0xbe, 0x23, 0xbe, 0x23, 0xbe, 0x23, 0xbe, 0x23, 0xbe, 0x23, 0xbe, 0x23,
  0xbe, 0x23, 0xbe, 0x23, 0xbe, 0x23, 0xbe, 0x23, 0xbe, 0x23, 0xbe, 0x23,
  0xbe, 0x23, 0xbe, 0x23, 0xbe, 0x23, 0xbe, 0x23, 0xbe, 0x23, 0xbe, 0x23,
  0xbe, 0x23, 0xbe, 0x23, 0xbe, 0x23, 0xbe, 0x23, 0xbe, 0x23, 0xbe, 0x23,
  0xbe, 0x23, 0xbe, 0x23, 0xbe, 0x23, 0xbe, 0x23, 0xbe, 0x23, 0xbe, 0x23,
  0xbe, 0x23, 0xbe, 0x23, 0xbe, 0x23, 0xbe, 0x23, 0xbe, 0x23, 0xbe, 0x23,
  0xbe, 0x23, 0xbe, 0x23, 0xbe, 0x23, 0xbe, 0x23, 0xbe, 0x23, 0xbe, 0x23,
  0xbe, 0x23, 0xbe, 0x23, 0xbe, 0x23, 0xbe, 0x23, 0xbe, 0x23, 0xbe, 0x23,
  0xbe, 0x23, 0xbe, 0x23, 0xbe, 0x23, 0xbe, 0x23, 0xbe, 0x23, 0xbe, 0x23,
  0xbe, 0x23, 0xbe, 0x23, 0xbe, 0x23, 0xbe, 0x23, 0xbe, 0x23, 0xbe, 0x23,
  0xbe, 0x23, 0xbe, 0x23, 0xbe, 0x23, 0xbe, 0x23, 0xbe, 0x23, 0xbe, 0x23,
  0xbe, 0x23, 0xbe, 0x23, 0xbe, 0x23, 0xbe, 0x23, 0xbe, 0x23, 0xbe, 0x23,
  0xbe, 0x23, 0xbe, 0x23, 0xbe, 0x23, 0xbe, 0x23, 0xbe, 0x23, 0xbe, 0x23,
  0xbe, 0x23, 0xbe, 0x23, 0xbe, 0x23, 0xbe, 0x23, 0xbe, 0x23, 0xbe, 0x23,
  0xbe, 0x23, 0xbe, 0x23, 0xbe, 0x23, 0xbe, 0x23, 0xbe, 0x23, 0xbe, 0x23,
  0xbe, 0x23, 0xbe, 0x23, 0xbe, 0x23, 0xbe, 0x23, 0xbe, 0x23, 0xbe, 0x23,
  0xbe, 0x23, 0xbe, 0x23, 0xbe, 0x23, 0xbe, 0x23, 0xbe, 0x23, 0xbe, 0x23,
  0xbe, 0x23, 0xbe, 0x23, 0xbe, 0x23, 0xbe, 0x23, 0xbe, 0x23, 0xbe, 0x23,
  0xbe, 0x23, 0xbe, 0x23, 0xbe, 0x23, 0xbe, 0x23, 0xbe, 0x23, 0xbe, 0x23,
  0xbe, 0x23, 0xbe, 0x23, 0xbe, 0x23, 0xbe, 0x23, 0xbe, 0x23, 0xbe, 0x23,
  0xbe, 0x23, 0xbe, 0x23, 0xbe, 0x23, 0xbe, 0x23, 0xbe, 0x23, 0xbe, 0x23,
  0xbe, 0x23, 0xbe, 0x23, 0xbf, 0x23, 0xdf, 0x23, 0xdf, 0x23, 0xbe, 0x23,
  0xbe, 0x23, 0xbf, 0x23, 0xbf, 0x23, 0xbe, 0x23, 0xbe, 0x23, 0xbf, 0x23,
  0xdf, 0x23, 0xbf, 0x23, 0xbe, 0x23, 0xbf, 0x23, 0xdf, 0x23, 0xdf, 0x23,
  0xbe, 0x23, 0xbe, 0x23, 0xbe, 0x23, 0xbf, 0x23, 0xbe, 0x23, 0xbe, 0x23,
  0xbe, 0x23, 0xbe, 0x23, 0xbe, 0x23, 0xbe, 0x23, 0xbe, 0x23, 0xbe, 0x23,
  0xbe, 0x23, 0xbe, 0x23, 0xbe, 0x23, 0xbe, 0x23, 0xdf, 0x23, 0xdf, 0x23,
  0xbf, 0x23, 0xbe, 0x23, 0xdf, 0x23, 0xdf, 0x23, 0xdf, 0x23, 0xbe, 0x23,
  0xbf, 0x23, 0xbe, 0x23, 0xbe, 0x23, 0xbf, 0x23, 0xbe, 0x23, 0xbf, 0x23,
  0xdf, 0x23, 0xbf, 0x23, 0xbe, 0x23, 0xbe, 0x23, 0xdf, 0x23, 0xdf, 0x23,
  0xbf, 0x23, 0xbe, 0x23, 0xbe, 0x23, 0xbe, 0x23, 0xbe, 0x23, 0xbe, 0x23,
  0xbe, 0x23, 0xdf, 0x23, 0xdf, 0x23, 0xdf, 0x23, 0xbe, 0x23, 0xbf, 0x23,
  0xbe, 0x23, 0xbe, 0x23, 0xbf, 0x23, 0xbe, 0x23, 0xbf, 0x23, 0xdf, 0x23,
  0xbf, 0x23, 0xbe, 0x23, 0xbe, 0x23, 0xdf, 0x23, 0xdf, 0x23, 0xbf, 0x23,
  0xbe, 0x23, 0xdf, 0x23, 0xdf, 0x23, 0xbf, 0x23, 0xbe, 0x23, 0xbf, 0x23,
  0xbe, 0x23, 0xbe, 0x23, 0xbf, 0x23, 0xbe, 0x23, 0xbf, 0x23, 0xbe, 0x23,
  0xbf, 0x23, 0xbe, 0x23, 0xbf, 0x23, 0xdf, 0x23, 0xdf, 0x23, 0xbf, 0x23,
  0xbe, 0x23, 0xbf, 0x23, 0xbe, 0x23, 0xbf, 0x23, 0xbe, 0x23, 0xbe, 0x23,
  0xdf, 0x23, 0xdf, 0x23, 0xbf, 0x23, 0xbe, 0x23, 0xbf, 0x23, 0xdf, 0x23,
  0xbf, 0x23, 0xbe, 0x23, 0xbe, 0x23, 0xbe, 0x23, 0xbe, 0x23, 0xbe, 0x23,
  0xbe, 0x23, 0xbe, 0x23, 0xbe, 0x23, 0xbe, 0x23, 0xbe, 0x23, 0xbe, 0x23,
  0xbe, 0x23, 0xbe, 0x23, 0xbe, 0x23, 0xbe, 0x23, 0xbe, 0x23, 0xbe, 0x23,
  0xbe, 0x23, 0xbe, 0x23, 0xbe, 0x23, 0xbe, 0x23, 0xbe, 0x23, 0xbe, 0x23,
  0xbe, 0x23, 0xbe, 0x23, 0xbe, 0x23, 0xbe, 0x23, 0xbe, 0x23, 0xbe, 0x23,
  0xbe, 0x23, 0xbe, 0x23, 0xbe, 0x23, 0xbe, 0x23, 0xbe, 0x23, 0xbe, 0x23,
  0xbe, 0x23, 0xbe, 0x23, 0xbe, 0x23, 0xbe, 0x23, 0xbe, 0x23, 0xbe, 0x23,
  0xbe, 0x23, 0xbe, 0x23, 0xbe, 0x23, 0xbe, 0x23, 0xbe, 0x23, 0xbe, 0x23,
  0xbe, 0x23, 0xbe, 0x23, 0xbe, 0x23, 0xbe, 0x23, 0xbe, 0x23, 0xbf, 0x23,
  0x7c, 0x1f, 0xd7, 0x1a, 0xf8, 0x1a, 0xbe, 0x23, 0xdf, 0x23, 0x7c, 0x1f,
  0x7c, 0x1f, 0xbf, 0x23, 0xbe, 0x23, 0xf8, 0x1a, 0xb6, 0x16, 0x5b, 0x1f,
  0xdf, 0x23, 0x7c, 0x1f, 0xb6, 0x16, 0xd7, 0x1a, 0xbe, 0x23, 0xbe, 0x23,
  0xbf, 0x23, 0x3a, 0x1b, 0xbe, 0x23, 0xbe, 0x23, 0xbe, 0x23, 0xbe, 0x23,
  0xbe, 0x23, 0xbe, 0x23, 0xbe, 0x23, 0xbe, 0x23, 0xbe, 0x23, 0xbe, 0x23,
  0xbe, 0x23, 0x9d, 0x23, 0xd7, 0x16, 0xb6, 0x16, 0x19, 0x1b, 0x9d, 0x23,
  0xb6, 0x16, 0xd7, 0x16, 0xb6, 0x16, 0x9d, 0x1f, 0x3a, 0x1f, 0xbe, 0x23,
  0xbf, 0x23, 0x3a, 0x1b, 0xbf, 0x23, 0x3b, 0x1f, 0xb6, 0x16, 0x19, 0x1b,
  0xbe, 0x23, 0xbe, 0x23, 0xd7, 0x1a, 0xb6, 0x16, 0x7c, 0x1f, 0xbf, 0x23,
  0xbe, 0x23, 0xbe, 0x23, 0xbe, 0x23, 0xbe, 0x23, 0xbe, 0x23, 0xf8, 0x1a,
  0xb6, 0x16, 0xf8, 0x1a, 0x9e, 0x23, 0x3a, 0x1b, 0xbf, 0x23, 0x9d, 0x1f,
  0x5b, 0x1f, 0xbf, 0x23, 0xf8, 0x1a, 0xb6, 0x16, 0x5b, 0x1f, 0xbf, 0x23,
  0x7c, 0x1f, 0xb6, 0x16, 0xb6, 0x16, 0x5b, 0x1f, 0x7c, 0x1f, 0xb6, 0x16,
  0xb6, 0x16, 0x3a, 0x1f, 0xbf, 0x23, 0x3a, 0x1f, 0xbe, 0x23, 0xbe, 0x23,
  0x3b, 0x1f, 0x7d, 0x1f, 0x5b, 0x1f, 0xdf, 0x23, 0x5b, 0x1f, 0x9d, 0x1f,
  0x19, 0x1b, 0xb6, 0x16, 0xb6, 0x16, 0x19, 0x1b, 0x9d, 0x1f, 0x5b, 0x1f,
  0xdf, 0x23, 0x7c, 0x1f, 0x7c, 0x1f, 0xbe, 0x23, 0xd7, 0x1a, 0xb6, 0x16,
  0xf8, 0x1a, 0xbf, 0x23, 0x3b, 0x1f, 0xb6, 0x16, 0xf8, 0x1a, 0xbe, 0x23,
  0xbe, 0x23, 0xbe, 0x23, 0xbe, 0x23, 0xbe, 0x23, 0xbe, 0x23, 0xbe, 0x23,
  0xbe, 0x23, 0xbe, 0x23, 0xbe, 0x23, 0xbe, 0x23, 0xbe, 0x23, 0xbe, 0x23,
  0xbe, 0x23, 0xbe, 0x23, 0xbe, 0x23, 0xbe, 0x23, 0xbe, 0x23, 0xbe, 0x23,
  0xbe, 0x23, 0xbe, 0x23, 0xbe, 0x23, 0xbe, 0x23, 0xbe, 0x23, 0xbe, 0x23,
  0xbe, 0x23, 0xbe, 0x23, 0xbe, 0x23, 0xbe, 0x23, 0xbe, 0x23, 0xbe, 0x23,
  0xbe, 0x23, 0xbe, 0x23, 0xbe, 0x23, 0xbe, 0x23, 0xbe, 0x23, 0xbe, 0x23,
  0xbe, 0x23, 0xbe, 0x23, 0xbe, 0x23, 0xbe, 0x23, 0xbe, 0x23, 0xbe, 0x23,
  0xbe, 0x23, 0xbe, 0x23, 0xbe, 0x23, 0xbe, 0x23, 0xbe, 0x23, 0xbe, 0x23,
  0xbe, 0x23, 0xbe, 0x23, 0xbf, 0x23, 0x7c, 0x1f, 0xf8, 0x1a, 0xd7, 0x1a,
  0x19, 0x1b, 0xf8, 0x1a, 0x7c, 0x1f, 0x32, 0x12, 0x19, 0x1b, 0xdf, 0x23,
  0x19, 0x1b, 0x1a, 0x1b, 0x9d, 0x1f, 0xb6, 0x16, 0x7d, 0x1f, 0xb5, 0x16,
  0x7c, 0x1f, 0x3b, 0x1f, 0xd7, 0x1a, 0xdf, 0x23, 0x3a, 0x1b, 0xcf, 0x0d,
  0x9d, 0x23, 0xbe, 0x23, 0xbe, 0x23, 0xbe, 0x23, 0xbe, 0x23, 0xbe, 0x23,
  0xbe, 0x23, 0xbe, 0x23, 0xbe, 0x23, 0xbe, 0x23, 0xbe, 0x23, 0xbe, 0x23,
  0x5b, 0x1f, 0x73, 0x12, 0x9e, 0x23, 0x5b, 0x1f, 0xb5, 0x16, 0x7d, 0x1f,
  0x7c, 0x1f, 0xbe, 0x23, 0xf8, 0x1a, 0x5b, 0x1f, 0x9d, 0x1f, 0xd7, 0x16,
  0x7c, 0x1f, 0xd7, 0x16, 0x9d, 0x23, 0x19, 0x1b, 0x3a, 0x1f, 0xd7, 0x1a,
  0x3a, 0x1f, 0x7c, 0x1f, 0x19, 0x1b, 0xbe, 0x23, 0xbe, 0x23, 0xbe, 0x23,
  0xbe, 0x23, 0xbe, 0x23, 0xbe, 0x23, 0x7c, 0x1f, 0x52, 0x12, 0x7c, 0x1f,
  0x9e, 0x23, 0xef, 0x0d, 0x3a, 0x1b, 0x7c, 0x1f, 0xd7, 0x1a, 0x19, 0x1b,
  0x19, 0x1b, 0x7c, 0x1f, 0x19, 0x1b, 0x9e, 0x23, 0xbe, 0x23, 0x19, 0x1b,
  0x95, 0x16, 0xbe, 0x23, 0x19, 0x1b, 0xf8, 0x1a, 0x9d, 0x23, 0xb6, 0x16,
  0x7c, 0x1f, 0x95, 0x16, 0xbe, 0x23, 0x9d, 0x23, 0xb5, 0x16, 0x5b, 0x1f,
  0x11, 0x12, 0x19, 0x1b, 0x10, 0x12, 0x5b, 0x1f, 0x95, 0x16, 0x5b, 0x1f,
  0x7c, 0x1f, 0x9d, 0x1f, 0x5b, 0x1f, 0xef, 0x0d, 0x7c, 0x1f, 0x19, 0x1b,
  0x3a, 0x1b, 0xbf, 0x23, 0x5b, 0x1f, 0x53, 0x12, 0x9d, 0x1f, 0x7c, 0x1f,
  0xb6, 0x16, 0x7d, 0x1f, 0x3a, 0x1f, 0x7c, 0x1f, 0xbf, 0x23, 0xbe, 0x23,
  0xbe, 0x23, 0xbe, 0x23, 0xbe, 0x23, 0xbe, 0x23, 0xbe, 0x23, 0xbe, 0x23,
  0xbe, 0x23, 0xbe, 0x23, 0xbe, 0x23, 0xbe, 0x23, 0xbe, 0x23, 0xbe, 0x23,
  0xbe, 0x23, 0xbe, 0x23, 0xbe, 0x23, 0xbe, 0x23, 0xbe, 0x23, 0xbe, 0x23,
  0xbe, 0x23, 0xbe, 0x23, 0xbe, 0x23, 0xbe, 0x23, 0xbe, 0x23, 0xbe, 0x23,
  0xbe, 0x23, 0xbe, 0x23, 0xbe, 0x23, 0xbe, 0x23, 0xbe, 0x23, 0xbe, 0x23,
  0xbe, 0x23, 0xbe, 0x23, 0xbe, 0x23, 0xbe, 0x23, 0xbe, 0x23, 0xbe, 0x23,
  0xbe, 0x23, 0xbe, 0x23, 0xbe, 0x23, 0xbe, 0x23, 0xbe, 0x23, 0xbe, 0x23,
  0xbe, 0x23, 0xbe, 0x23, 0xbe, 0x23, 0xbe, 0x23, 0xbe, 0x23, 0xbe, 0x23,
  0xdf, 0x23, 0xd7, 0x1a, 0xd7, 0x1a, 0xf8, 0x1a, 0xbe, 0x23, 0xd7, 0x1a,
  0x5b, 0x1f, 0x3a, 0x1b, 0x19, 0x1b, 0xdf, 0x23, 0x1a, 0x1b, 0xf8, 0x1a,
  0x5b, 0x1f, 0x73, 0x12, 0x9d, 0x1f, 0xf8, 0x1a, 0x95, 0x16, 0x95, 0x16,
  0x3a, 0x1f, 0xbf, 0x23, 0x9d, 0x1f, 0xb6, 0x16, 0x9d, 0x1f, 0xbe, 0x23,
  0xbe, 0x23, 0xbe, 0x23, 0xbe, 0x23, 0xbe, 0x23, 0xbe, 0x23, 0xbe, 0x23,
  0xbe, 0x23, 0xbe, 0x23, 0xbe, 0x23, 0xbe, 0x23, 0x9d, 0x1f, 0xb6, 0x16,
  0xdf, 0x23, 0x5b, 0x1f, 0xf0, 0x0d, 0xb6, 0x16, 0x9d, 0x23, 0xbf, 0x23,
  0xdf, 0x23, 0xb5, 0x16, 0x52, 0x12, 0xbf, 0x23, 0x7c, 0x1f, 0x74, 0x16,
  0x5b, 0x1f, 0xd6, 0x16, 0x19, 0x1b, 0x9d, 0x1f, 0xb5, 0x16, 0x95, 0x16,
  0x3a, 0x1f, 0xbf, 0x23, 0xbe, 0x23, 0xbe, 0x23, 0xbe, 0x23, 0xbe, 0x23,
  0xbe, 0x23, 0xbf, 0x23, 0x95, 0x16, 0xbe, 0x23, 0x9d, 0x23, 0xb6, 0x16,
  0x5b, 0x1f, 0xb6, 0x16, 0xd7, 0x1a, 0xbe, 0x23, 0xb6, 0x16, 0x95, 0x16,
  0x19, 0x1b, 0xbe, 0x23, 0xbf, 0x23, 0x5b, 0x1f, 0xf8, 0x1a, 0xdf, 0x23,
  0x19, 0x1b, 0xb6, 0x16, 0x5c, 0x1f, 0xb6, 0x16, 0x7d, 0x1f, 0x95, 0x16,
  0xbe, 0x23, 0x9d, 0x23, 0xb6, 0x16, 0x5b, 0x1f, 0xf8, 0x1a, 0x7c, 0x1f,
  0xf8, 0x1a, 0x5b, 0x1f, 0x74, 0x16, 0x74, 0x16, 0x1a, 0x1b, 0xdf, 0x23,
  0x5b, 0x1f, 0xf8, 0x1a, 0x3a, 0x1b, 0x74, 0x16, 0x3a, 0x1f, 0xdf, 0x23,
  0xbe, 0x23, 0x95, 0x16, 0xdf, 0x23, 0xbe, 0x23, 0xf8, 0x1a, 0x95, 0x16,
  0xd7, 0x16, 0x9e, 0x23, 0xbe, 0x23, 0xbe, 0x23, 0xbe, 0x23, 0xbe, 0x23,
  0xbe, 0x23, 0xbe, 0x23, 0xbe, 0x23, 0xbe, 0x23, 0xbe, 0x23, 0xbe, 0x23,
  0xbe, 0x23, 0xbe, 0x23, 0xbe, 0x23, 0xbe, 0x23, 0xbe, 0x23, 0xbe, 0x23,
  0xbe, 0x23, 0xbe, 0x23, 0xbe, 0x23, 0xbe, 0x23, 0xbe, 0x23, 0xbe, 0x23,
  0xbe, 0x23, 0xbe, 0x23, 0xbe, 0x23, 0xbe, 0x23, 0xbe, 0x23, 0xbe, 0x23,
  0xbe, 0x23, 0xbe, 0x23, 0xbe, 0x23, 0xbe, 0x23, 0xbe, 0x23, 0xbe, 0x23,
  0xbe, 0x23, 0xbe, 0x23, 0xbe, 0x23, 0xbe, 0x23, 0xbe, 0x23, 0xbe, 0x23,
  0xbe, 0x23, 0xbe, 0x23, 0xbe, 0x23, 0xbe, 0x23, 0xbe, 0x23, 0xbe, 0x23,
  0xbe, 0x23, 0xbe, 0x23, 0xbe, 0x23, 0xbe, 0x23, 0xdf, 0x23, 0xf8, 0x1a,
  0x19, 0x1b, 0xd7, 0x1a, 0x7c, 0x1f, 0xd7, 0x16, 0x9d, 0x23, 0x5b, 0x1f,
  0x19, 0x1b, 0xdf, 0x23, 0xbf, 0x23, 0x3a, 0x1f, 0x1a, 0x1b, 0x32, 0x12,
  0x7c, 0x1f, 0x95, 0x16, 0xdf, 0x23, 0x9d, 0x1f, 0xb6, 0x16, 0xdf, 0x23,
  0xdf, 0x23, 0xb6, 0x16, 0x9e, 0x23, 0xbe, 0x23, 0xbe, 0x23, 0xbe, 0x23,
  0xbe, 0x23, 0xbe, 0x23, 0xbe, 0x23, 0xbe, 0x23, 0xbe, 0x23, 0xbe, 0x23,
  0xbe, 0x23, 0xbe, 0x23, 0x9d, 0x1f, 0xb6, 0x16, 0xdf, 0x23, 0x5b, 0x1f,
  0xf8, 0x1a, 0xdf, 0x23, 0xdf, 0x23, 0xbf, 0x23, 0x7d, 0x1f, 0xd7, 0x1a,
  0xd7, 0x1a, 0x7c, 0x1f, 0x7c, 0x1f, 0x53, 0x12, 0x19, 0x1b, 0x95, 0x16,
  0x19, 0x1b, 0xbe, 0x23, 0xbf, 0x23, 0xdf, 0x23, 0x74, 0x16, 0xbe, 0x23,
  0xbe, 0x23, 0xbe, 0x23, 0xbe, 0x23, 0xbe, 0x23, 0xbe, 0x23, 0xdf, 0x23,
  0x95, 0x16, 0xbf, 0x23, 0x9d, 0x23, 0x95, 0x16, 0xdf, 0x23, 0x19, 0x1b,
  0xd7, 0x16, 0xbe, 0x23, 0xbe, 0x23, 0xdf, 0x23, 0xb6, 0x16, 0x7c, 0x1f,
  0xdf, 0x23, 0x5b, 0x1f, 0xf8, 0x1a, 0xdf, 0x23, 0x19, 0x1b, 0x95, 0x16,
  0x32, 0x12, 0x3a, 0x1b, 0xdf, 0x23, 0x74, 0x16, 0xdf, 0x23, 0xbe, 0x23,
  0xb6, 0x16, 0x5b, 0x1f, 0x19, 0x1b, 0xdf, 0x23, 0xf8, 0x1a, 0x5b, 0x1f,
  0xb6, 0x16, 0xbe, 0x23, 0xdf, 0x23, 0xdf, 0x23, 0x5b, 0x1f, 0xf8, 0x1a,
  0xdf, 0x23, 0x95, 0x16, 0x3a, 0x1b, 0xdf, 0x23, 0x9e, 0x23, 0x95, 0x16,
  0xbf, 0x23, 0xbe, 0x23, 0x9e, 0x23, 0xdf, 0x23, 0x3a, 0x1f, 0xf8, 0x1a,
  0xdf, 0x23, 0xbe, 0x23, 0xbe, 0x23, 0xbe, 0x23, 0xbe, 0x23, 0xbe, 0x23,
  0xbe, 0x23, 0xbe, 0x23, 0xbe, 0x23, 0xbe, 0x23, 0xbe, 0x23, 0xbe, 0x23,
  0xbe, 0x23, 0xbe, 0x23, 0xbe, 0x23, 0xbe, 0x23, 0xbe, 0x23, 0xbe, 0x23,
  0xbe, 0x23, 0xbe, 0x23, 0xbe, 0x23, 0xbe, 0x23, 0xbe, 0x23, 0xbe, 0x23,
  0xbe, 0x23, 0xbe, 0x23, 0xbe, 0x23, 0xbe, 0x23, 0xbe, 0x23, 0xbe, 0x23,
  0xbe, 0x23, 0xbe, 0x23, 0xbe, 0x23, 0xbe, 0x23, 0xbe, 0x23, 0xbe, 0x23,
  0xbe, 0x23, 0xbe, 0x23, 0xbe, 0x23, 0xbe, 0x23, 0xbe, 0x23, 0xbe, 0x23,
  0xbe, 0x23, 0xbe, 0x23, 0xbe, 0x23, 0xbe, 0x23, 0xbe, 0x23, 0xbe, 0x23,
  0xbe, 0x23, 0xbe, 0x23, 0xbe, 0x23, 0xbe, 0x23, 0xf8, 0x1a, 0xb5, 0x16,
  0xb6, 0x16, 0x5b, 0x1f, 0x7c, 0x1f, 0x53, 0x12, 0x32, 0x12, 0x5b, 0x1f,
  0xbf, 0x23, 0x19, 0x1b, 0xd7, 0x1a, 0xd7, 0x1a, 0xbe, 0x23, 0xf8, 0x1a,
  0xb6, 0x16, 0xb6, 0x16, 0x3a, 0x1f, 0xdf, 0x23, 0x19, 0x1b, 0xf0, 0x0d,
  0xb6, 0x16, 0x9e, 0x23, 0xbe, 0x23, 0xbe, 0x23, 0xbe, 0x23, 0xbe, 0x23,
  0xbe, 0x23, 0xbe, 0x23, 0xbe, 0x23, 0xbe, 0x23, 0xbe, 0x23, 0xbe, 0x23,
  0x9d, 0x1f, 0xb6, 0x16, 0xdf, 0x23, 0x5c, 0x1f, 0x32, 0x12, 0xd7, 0x1a,
  0xb6, 0x16, 0x9d, 0x1f, 0xb6, 0x16, 0x9d, 0x1f, 0xbe, 0x23, 0x95, 0x16,
  0x7c, 0x1f, 0xd7, 0x1a, 0xff, 0x23, 0x5b, 0x1f, 0x19, 0x1b, 0x5b, 0x1f,
  0xb6, 0x16, 0xb6, 0x16, 0xf8, 0x1a, 0xbe, 0x23, 0xbe, 0x23, 0xbe, 0x23,
  0xbe, 0x23, 0xbe, 0x23, 0xbe, 0x23, 0xf8, 0x1a, 0xef, 0x0d, 0xd7, 0x1a,
  0x9d, 0x23, 0xb6, 0x16, 0xdf, 0x23, 0x7c, 0x1f, 0xf8, 0x1a, 0x7c, 0x1f,
  0xb6, 0x16, 0xb6, 0x16, 0xd7, 0x1a, 0xbe, 0x23, 0xbf, 0x23, 0x5b, 0x1f,
  0xf8, 0x1a, 0xdf, 0x23, 0x19, 0x1b, 0x3b, 0x1f, 0xbe, 0x23, 0xd7, 0x1a,
  0x9e, 0x23, 0x19, 0x1b, 0xb6, 0x16, 0xb6, 0x16, 0x3a, 0x1f, 0x5b, 0x1f,
  0x19, 0x1b, 0xdf, 0x23, 0xf8, 0x1a, 0x5b, 0x1f, 0x94, 0x16, 0xb6, 0x16,
  0xb6, 0x16, 0x19, 0x1b, 0x5c, 0x1f, 0xf8, 0x1a, 0xdf, 0x23, 0x3a, 0x1b,
  0x3a, 0x1b, 0xdf, 0x23, 0x9e, 0x23, 0xb6, 0x16, 0xbf, 0x23, 0x9e, 0x23,
  0xd7, 0x1a, 0xb6, 0x16, 0xb6, 0x16, 0x7c, 0x1f, 0xbf, 0x23, 0xbe, 0x23,
  0xbe, 0x23, 0xbe, 0x23, 0xbe, 0x23, 0xbe, 0x23, 0xbe, 0x23, 0xbe, 0x23,
  0xbe, 0x23, 0xbe, 0x23, 0xbe, 0x23, 0xbe, 0x23, 0xbe, 0x23, 0xbe, 0x23,
  0xbe, 0x23, 0xbe, 0x23, 0xbe, 0x23, 0xbe, 0x23, 0xbe, 0x23, 0xbe, 0x23,
  0xbe, 0x23, 0xbe, 0x23, 0xbe, 0x23, 0xbe, 0x23, 0xbe, 0x23, 0xbe, 0x23,
  0xbe, 0x23, 0xbe, 0x23, 0xbe, 0x23, 0xbe, 0x23, 0xbe, 0x23, 0xbe, 0x23,
  0xbe, 0x23, 0xbe, 0x23, 0xbe, 0x23, 0xbe, 0x23, 0xbe, 0x23, 0xbe, 0x23,
  0xbe, 0x23, 0xbe, 0x23, 0xbe, 0x23, 0xbe, 0x23, 0xbe, 0x23, 0xbe, 0x23,
  0xbe, 0x23, 0xbe, 0x23, 0xbe, 0x23, 0xbe, 0x23, 0xbe, 0x23, 0xbe, 0x23,
  0xbe, 0x23, 0xbe, 0x23, 0xbe, 0x23, 0x7c, 0x1f, 0x7d, 0x1f, 0xbf, 0x23,
  0x9e, 0x23, 0x7c, 0x1f, 0x7c, 0x1f, 0x9d, 0x23, 0xbe, 0x23, 0x7d, 0x1f,
  0x7c, 0x1f, 0xbe, 0x23, 0xbf, 0x23, 0xbe, 0x23, 0x7c, 0x1f, 0x7d, 0x1f,
  0xbf, 0x23, 0xbe, 0x23, 0x9d, 0x1f, 0x7d, 0x1f, 0x7c, 0x1f, 0xbe, 0x23,
  0xbe, 0x23, 0xbe, 0x23, 0xbe, 0x23, 0xbe, 0x23, 0xbe, 0x23, 0xbe, 0x23,
  0xbe, 0x23, 0xbe, 0x23, 0xbe, 0x23, 0xbe, 0x23, 0xbe, 0x23, 0x9e, 0x23,
  0xbe, 0x23, 0xbe, 0x23, 0x7d, 0x1f, 0x7c, 0x1f, 0x7c, 0x1f, 0xbe, 0x23,
  0x9e, 0x23, 0xbe, 0x23, 0xbe, 0x23, 0x9e, 0x23, 0xbe, 0x23, 0x9e, 0x23,
  0xbe, 0x23, 0xbe, 0x23, 0xbe, 0x23, 0xbf, 0x23, 0x7d, 0x1f, 0x7c, 0x1f,
  0xbe, 0x23, 0xbe, 0x23, 0xbe, 0x23, 0xbe, 0x23, 0xbe, 0x23, 0xbe, 0x23,
  0xbe, 0x23, 0x7d, 0x1f, 0x7d, 0x1f, 0x7d, 0x1f, 0xbe, 0x23, 0x9e, 0x23,
  0xbe, 0x23, 0xbe, 0x23, 0x9e, 0x23, 0xbf, 0x23, 0x9d, 0x1f, 0x7c, 0x1f,
  0xbe, 0x23, 0xbe, 0x23, 0xbe, 0x23, 0xbe, 0x23, 0xbe, 0x23, 0xbe, 0x23,
  0xbe, 0x23, 0xbe, 0x23, 0xbf, 0x23, 0x9e, 0x23, 0xbe, 0x23, 0xbe, 0x23,
  0x7c, 0x1f, 0x7c, 0x1f, 0xbe, 0x23, 0xbe, 0x23, 0xbe, 0x23, 0xbe, 0x23,
  0xbe, 0x23, 0xbe, 0x23, 0x9d, 0x23, 0x7c, 0x1f, 0x7c, 0x1f, 0x9d, 0x1f,
  0xbe, 0x23, 0xbe, 0x23, 0xbe, 0x23, 0xbe, 0x23, 0xbe, 0x23, 0xbe, 0x23,
  0xbe, 0x23, 0x9e, 0x23, 0xbe, 0x23, 0xbe, 0x23, 0x9e, 0x23, 0x7c, 0x1f,
  0x9d, 0x1f, 0xbf, 0x23, 0xbe, 0x23, 0xbe, 0x23, 0xbe, 0x23, 0xbe, 0x23,
  0xbe, 0x23, 0xbe, 0x23, 0xbe, 0x23, 0xbe, 0x23, 0xbe, 0x23, 0xbe, 0x23,
  0xbe, 0x23, 0xbe, 0x23, 0xbe, 0x23, 0xbe, 0x23, 0xbe, 0x23, 0xbe, 0x23,
  0xbe, 0x23, 0xbe, 0x23, 0xbe, 0x23, 0xbe, 0x23, 0xbe, 0x23, 0xbe, 0x23,
  0xbe, 0x23, 0xbe, 0x23, 0xbe, 0x23, 0xbe, 0x23, 0xbe, 0x23, 0xbe, 0x23,
  0xbe, 0x23, 0xbe, 0x23, 0xbe, 0x23, 0xbe, 0x23, 0xbe, 0x23, 0xbe, 0x23,
  0xbe, 0x23, 0xbe, 0x23, 0xbe, 0x23, 0xbe, 0x23, 0xbe, 0x23, 0xbe, 0x23,
  0xbe, 0x23, 0xbe, 0x23, 0xbe, 0x23, 0xbe, 0x23, 0xbe, 0x23, 0xbe, 0x23,
  0xbe, 0x23, 0xbe, 0x23, 0xbe, 0x23, 0xbe, 0x23, 0xbe, 0x23, 0xbe, 0x23,
  0xbe, 0x23, 0xbf, 0x23, 0xbe, 0x23, 0xbe, 0x23, 0xbe, 0x23, 0xbf, 0x23,
  0xbf, 0x23, 0xbe, 0x23, 0xbe, 0x23, 0xbe, 0x23, 0xbf, 0x23, 0xbe, 0x23,
  0xbe, 0x23, 0xbe, 0x23, 0xbf, 0x23, 0xbe, 0x23, 0xbe, 0x23, 0xbe, 0x23,
  0xbe, 0x23, 0xbf, 0x23, 0xbf, 0x23, 0xbe, 0x23, 0xbe, 0x23, 0xbe, 0x23,
  0xbe, 0x23, 0xbe, 0x23, 0xbe, 0x23, 0xbe, 0x23, 0xbe, 0x23, 0xbe, 0x23,
  0xbe, 0x23, 0xbe, 0x23, 0xbe, 0x23, 0xbe, 0x23, 0xbe, 0x23, 0xbe, 0x23,
  0xbf, 0x23, 0xbf, 0x23, 0xbf, 0x23, 0xbe, 0x23, 0xbe, 0x23, 0xbe, 0x23,
  0xbe, 0x23, 0xbe, 0x23, 0xbe, 0x23, 0xbe, 0x23, 0xbe, 0x23, 0xbe, 0x23,
  0xbe, 0x23, 0xbe, 0x23, 0xbe, 0x23, 0xbf, 0x23, 0xbe, 0x23, 0xbe, 0x23,
  0xbe, 0x23, 0xbe, 0x23, 0xbe, 0x23, 0xbe, 0x23, 0xbe, 0x23, 0xbe, 0x23,
  0xbf, 0x23, 0xbe, 0x23, 0xbe, 0x23, 0xbe, 0x23, 0xbe, 0x23, 0xbe, 0x23,
  0xbe, 0x23, 0xbe, 0x23, 0xbe, 0x23, 0xbf, 0x23, 0xbe, 0x23, 0xbe, 0x23,
  0xbe, 0x23, 0xbe, 0x23, 0xbe, 0x23, 0xbe, 0x23, 0xbe, 0x23, 0xbe, 0x23,
  0xbe, 0x23, 0xbe, 0x23, 0xbe, 0x23, 0xbe, 0x23, 0xbf, 0x23, 0xbf, 0x23,
  0xbe, 0x23, 0xbe, 0x23, 0xbe, 0x23, 0xbe, 0x23, 0xbe, 0x23, 0xbe, 0x23,
  0xbe, 0x23, 0xbf, 0x23, 0xbf, 0x23, 0xbe, 0x23, 0xbe, 0x23, 0xbe, 0x23,
  0xbe, 0x23, 0xbe, 0x23, 0xbe, 0x23, 0xbe, 0x23, 0xbe, 0x23, 0xbe, 0x23,
  0xbe, 0x23, 0xbe, 0x23, 0xbe, 0x23, 0xbf, 0x23, 0xbe, 0x23, 0xbe, 0x23,
  0xbe, 0x23, 0xbe, 0x23, 0xbe, 0x23, 0xbe, 0x23, 0xbe, 0x23, 0xbe, 0x23,
  0xbe, 0x23, 0xbe, 0x23, 0xbe, 0x23, 0xbe, 0x23, 0xbe, 0x23, 0xbe, 0x23,
  0xbe, 0x23, 0xbe, 0x23, 0xbe, 0x23, 0xbe, 0x23, 0xbe, 0x23, 0xbe, 0x23,
  0xbe, 0x23, 0xbe, 0x23, 0xbe, 0x23, 0xbe, 0x23, 0xbe, 0x23, 0xbe, 0x23,
  0xbe, 0x23, 0xbe, 0x23, 0xbe, 0x23, 0xbe, 0x23, 0xbe, 0x23, 0xbe, 0x23,
  0xbe, 0x23, 0xbe, 0x23, 0xbe, 0x23, 0xbe, 0x23, 0xbe, 0x23, 0xbe, 0x23,
  0xbe, 0x23, 0xbe, 0x23, 0xbe, 0x23, 0xbe, 0x23, 0xbe, 0x23, 0xbe, 0x23,
  0xbe, 0x23, 0xbe, 0x23, 0xbe, 0x23, 0xbe, 0x23, 0xbe, 0x23, 0xbe, 0x23,
  0xbe, 0x23, 0xbe, 0x23, 0xbe, 0x23, 0xbe, 0x23, 0xbe, 0x23, 0xbe, 0x23,
  0xbe, 0x23, 0xbe, 0x23, 0xbe, 0x23, 0xbe, 0x23, 0xbe, 0x23, 0xbe, 0x23,
  0xbe, 0x23, 0xbe, 0x23, 0xbe, 0x23, 0xbe, 0x23, 0xbe, 0x23, 0xbe, 0x23,
  0xbe, 0x23, 0xbe, 0x23, 0xbe, 0x23, 0xbe, 0x23, 0xbe, 0x23, 0xbe, 0x23,
  0xbe, 0x23, 0xbe, 0x23, 0xbe, 0x23, 0xbe, 0x23, 0xbe, 0x23, 0xbe, 0x23,
  0xbe, 0x23, 0xbe, 0x23, 0xbe, 0x23, 0xbe, 0x23, 0xbe, 0x23, 0xbe, 0x23,
  0xbe, 0x23, 0xbe, 0x23, 0xbe, 0x23, 0xbe, 0x23, 0xbe, 0x23, 0xbe, 0x23,
  0xbe, 0x23, 0xbe, 0x23, 0xbe, 0x23, 0xbe, 0x23, 0xbe, 0x23, 0xbe, 0x23,
  0xbe, 0x23, 0xbe, 0x23, 0xbe, 0x23, 0xbe, 0x23, 0xbe, 0x23, 0xbe, 0x23,
  0xbe, 0x23, 0xbe, 0x23, 0xbe, 0x23, 0xbe, 0x23, 0xbe, 0x23, 0xbe, 0x23,
  0xbe, 0x23, 0xbe, 0x23, 0xbe, 0x23, 0xbe, 0x23, 0xbe, 0x23, 0xbe, 0x23,
  0xbe, 0x23, 0xbe, 0x23, 0xbe, 0x23, 0xbe, 0x23, 0xbe, 0x23, 0xbe, 0x23,
  0xbe, 0x23, 0xbe, 0x23, 0xbe, 0x23, 0xbe, 0x23, 0xbe, 0x23, 0xbe, 0x23,
  0xbe, 0x23, 0xbe, 0x23, 0xbe, 0x23, 0xbe, 0x23, 0xbe, 0x23, 0xbe, 0x23,
  0xbe, 0x23, 0xbe, 0x23, 0xbe, 0x23, 0xbe, 0x23, 0xbe, 0x23, 0xbe, 0x23,
  0xbe, 0x23, 0xbe, 0x23, 0xbe, 0x23, 0xbe, 0x23, 0xbe, 0x23, 0xbe, 0x23,
  0xbe, 0x23, 0xbe, 0x23, 0xbe, 0x23, 0xbe, 0x23, 0xbe, 0x23, 0xbe, 0x23,
  0xbe, 0x23, 0xbe, 0x23, 0xbe, 0x23, 0xbe, 0x23, 0xbe, 0x23, 0xbe, 0x23,
  0xbe, 0x23, 0xbe, 0x23, 0xbe, 0x23, 0xbe, 0x23, 0xbe, 0x23, 0xbe, 0x23,
  0xbe, 0x23, 0xbe, 0x23, 0xbe, 0x23, 0xbe, 0x23, 0xbe, 0x23, 0xbe, 0x23,
  0xbe, 0x23, 0xbe, 0x23, 0xbe, 0x23, 0xbe, 0x23, 0xbe, 0x23, 0xbe, 0x23,
  0xbe, 0x23, 0xbe, 0x23, 0xbe, 0x23, 0xbe, 0x23, 0xbe, 0x23, 0xbe, 0x23,
  0xbe, 0x23, 0xbe, 0x23, 0xbe, 0x23, 0xbe, 0x23, 0xbe, 0x23, 0xbe, 0x23,
  0xbe, 0x23, 0xbe, 0x23, 0xbe, 0x23, 0xbe, 0x23, 0xbe, 0x23, 0xbe, 0x23,
  0xbe, 0x23, 0xbe, 0x23, 0xbe, 0x23, 0xbe, 0x23, 0xbe, 0x23, 0xbe, 0x23,
  0xbe, 0x23, 0xbe, 0x23, 0xbe, 0x23, 0xbe, 0x23, 0xbe, 0x23, 0xbe, 0x23,
  0xbe, 0x23, 0xbe, 0x23, 0xbe, 0x23, 0xbe, 0x23, 0xbe, 0x23, 0xbe, 0x23,
  0xbe, 0x23, 0xbe, 0x23, 0xbe, 0x23, 0xbe, 0x23, 0xbe, 0x23, 0xbe, 0x23,
  0xbe, 0x23, 0xbe, 0x23, 0xbe, 0x23, 0xbe, 0x23, 0xbe, 0x23, 0xbe, 0x23,
  0xbe, 0x23, 0xbe, 0x23, 0xbe, 0x23, 0xbe, 0x23, 0xbe, 0x23, 0xbe, 0x23,
  0xbe, 0x23, 0xbe, 0x23, 0xbe, 0x23, 0xbe, 0x23, 0xbe, 0x23, 0xbe, 0x23,
  0xbe, 0x23, 0xbe, 0x23, 0xbe, 0x23, 0xbe, 0x23, 0xbe, 0x23, 0xbe, 0x23,
  0xbe, 0x23, 0xbe, 0x23, 0xbe, 0x23, 0xbe, 0x23, 0xbe, 0x23, 0xbe, 0x23,
  0xbe, 0x23, 0xbe, 0x23, 0xbe, 0x23, 0xbe, 0x23, 0xbe, 0x23, 0xbe, 0x23,
  0xbe, 0x23, 0xbe, 0x23, 0xbe, 0x23, 0xbe, 0x23, 0xbe, 0x23, 0xbe, 0x23,
  0xbe, 0x23, 0xbe, 0x23, 0xbe, 0x23, 0xbe, 0x23, 0xbe, 0x23, 0xbe, 0x23,
  0xbe, 0x23, 0xbe, 0x23, 0xbe, 0x23, 0xbe, 0x23, 0xbe, 0x23, 0xbe, 0x23,
  0xbe, 0x23, 0xbe, 0x23, 0xbe, 0x23, 0xbe, 0x23, 0xbe, 0x23, 0xbe, 0x23,
  0xbe, 0x23, 0xbe, 0x23, 0xbe, 0x23, 0xbe, 0x23, 0xbe, 0x23, 0xbe, 0x23,
  0xbe, 0x23, 0xbe, 0x23, 0xbe, 0x23, 0xbe, 0x23, 0xbe, 0x23, 0xbe, 0x23,
  0xbe, 0x23, 0xbe, 0x23, 0xbe, 0x23, 0xbe, 0x23, 0xbe, 0x23, 0xbe, 0x23,
  0xbe, 0x23, 0xbe, 0x23, 0xbe, 0x23, 0xbe, 0x23, 0xbe, 0x23, 0xbe, 0x23,
  0xbe, 0x23, 0xbe, 0x23, 0xbe, 0x23, 0xbe, 0x23, 0xbe, 0x23, 0xbe, 0x23,
  0xbe, 0x23, 0xbe, 0x23, 0xbe, 0x23, 0xbe, 0x23, 0xbe, 0x23, 0xbe, 0x23,
  0xbe, 0x23, 0xbe, 0x23, 0xbe, 0x23, 0xbe, 0x23, 0xbe, 0x23, 0xbe, 0x23,
  0xbe, 0x23, 0xbe, 0x23, 0xbe, 0x23, 0xbe, 0x23, 0xbe, 0x23, 0xbe, 0x23,
  0xbe, 0x23, 0xbe, 0x23, 0xbe, 0x23, 0xbe, 0x23, 0xbe, 0x23, 0xbe, 0x23,
  0xbe, 0x23, 0xbe, 0x23, 0xbe, 0x23, 0xbe, 0x23, 0xbe, 0x23, 0xbe, 0x23,
  0xbe, 0x23, 0xbe, 0x23, 0xbe, 0x23, 0xbe, 0x23, 0xbe, 0x23, 0xbe, 0x23,
  0xbe, 0x23, 0xbe, 0x23, 0xbe, 0x23, 0xbe, 0x23, 0xbe, 0x23, 0xbe, 0x23,
  0xbe, 0x23, 0xbe, 0x23, 0xbe, 0x23, 0xbe, 0x23, 0xbe, 0x23, 0xbe, 0x23,
  0xbe, 0x23, 0xbe, 0x23, 0xbe, 0x23, 0xbe, 0x23, 0xbe, 0x23, 0xbe, 0x23,
  0xbe, 0x23, 0xbe, 0x23, 0xbe, 0x23, 0xbe, 0x23, 0xbe, 0x23, 0xbe, 0x23,
  0xbe, 0x23, 0xbe, 0x23, 0xbe, 0x23, 0xbe, 0x23, 0xbe, 0x23, 0xbe, 0x23,
  0xbe, 0x23, 0xbe, 0x23, 0xbe, 0x23, 0xbe, 0x23, 0xbe, 0x23, 0xbe, 0x23,
  0xbe, 0x23, 0xbe, 0x23, 0xbe, 0x23, 0xbe, 0x23, 0xbe, 0x23, 0xbe, 0x23,
  0xbe, 0x23, 0xbe, 0x23, 0xbe, 0x23, 0xbe, 0x23, 0xbe, 0x23, 0xbe, 0x23,
  0xbe, 0x23, 0xbe, 0x23, 0xbe, 0x23, 0xbe, 0x23, 0xbe, 0x23, 0xbe, 0x23,
  0xbe, 0x23, 0xbe, 0x23, 0xbe, 0x23, 0xbe, 0x23, 0xbe, 0x23, 0xbe, 0x23,
  0xbe, 0x23, 0xbe, 0x23, 0xbe, 0x23, 0xbe, 0x23, 0xbe, 0x23, 0xbe, 0x23,
  0xbe, 0x23, 0xbe, 0x23, 0xbe, 0x23, 0xbe, 0x23, 0xbe, 0x23, 0xbe, 0x23,
  0xbe, 0x23, 0xbe, 0x23, 0xbe, 0x23, 0xbe, 0x23, 0xbe, 0x23, 0xbe, 0x23,
  0xbe, 0x23, 0xbe, 0x23, 0xbe, 0x23, 0xbe, 0x23, 0xbe, 0x23, 0xbe, 0x23,
  0xbe, 0x23, 0xbe, 0x23, 0xbe, 0x23, 0xbe, 0x23, 0xbe, 0x23, 0xbe, 0x23,
  0xbe, 0x23, 0xbe, 0x23, 0xbe, 0x23, 0xbe, 0x23, 0xbe, 0x23, 0xbe, 0x23,
  0xbe, 0x23, 0xbe, 0x23, 0xbe, 0x23, 0xbe, 0x23, 0xbe, 0x23, 0xbe, 0x23,
  0xbe, 0x23, 0xbe, 0x23, 0xbe, 0x23, 0xbe, 0x23, 0xbe, 0x23, 0xbe, 0x23,
  0xbe, 0x23, 0xbe, 0x23, 0xbe, 0x23, 0xbe, 0x23, 0xbe, 0x23, 0xbe, 0x23,
  0xbe, 0x23, 0xbe, 0x23, 0xbe, 0x23, 0xbe, 0x23, 0xbe, 0x23, 0xbe, 0x23,
  0xbe, 0x23, 0xbe, 0x23, 0xbe, 0x23, 0xbe, 0x23, 0xbe, 0x23, 0xbe, 0x23,
  0xbe, 0x23, 0xbe, 0x23, 0xbe, 0x23, 0xbe, 0x23, 0xbe, 0x23, 0xbe, 0x23,
  0xbe, 0x23, 0xbe, 0x23, 0xbe, 0x23, 0xbe, 0x23, 0xbe, 0x23, 0xbe, 0x23,
  0xbe, 0x23, 0xbe, 0x23, 0xbe, 0x23, 0xbe, 0x23, 0xbe, 0x23, 0xbe, 0x23,
  0xbe, 0x23, 0xbe, 0x23, 0xbe, 0x23, 0xbe, 0x23, 0xbe, 0x23, 0xbe, 0x23,
  0xbe, 0x23, 0xbe, 0x23, 0xbe, 0x23, 0xbe, 0x23, 0xbe, 0x23, 0xbe, 0x23,
  0xbe, 0x23, 0xbe, 0x23, 0xbe, 0x23, 0xbe, 0x23, 0xbe, 0x23, 0xbe, 0x23,
  0xbe, 0x23, 0xbe, 0x23, 0xbe, 0x23, 0xbe, 0x23, 0xbe, 0x23, 0xbe, 0x23,
  0xbe, 0x23, 0xbe, 0x23, 0xbe, 0x23, 0xbe, 0x23, 0xbe, 0x23, 0xbe, 0x23,
  0xbe, 0x23, 0xbe, 0x23, 0xbe, 0x23, 0xbe, 0x23, 0xbe, 0x23, 0xbe, 0x23,
  0xbe, 0x23, 0xbe, 0x23, 0xbe, 0x23, 0xbe, 0x23, 0xbe, 0x23, 0xbe, 0x23,
  0xbe, 0x23, 0xbe, 0x23, 0xbe, 0x23, 0xbe, 0x23, 0xbe, 0x23, 0xbe, 0x23,
  0xbe, 0x23, 0xbe, 0x23, 0xbe, 0x23, 0xbe, 0x23, 0xbe, 0x23, 0xbe, 0x23,
  0xbe, 0x23, 0xbe, 0x23, 0xbe, 0x23, 0xbe, 0x23, 0xbe, 0x23, 0xbe, 0x23,
  0xbe, 0x23, 0xbe, 0x23, 0xbe, 0x23, 0xbe, 0x23, 0xbe, 0x23, 0xbe, 0x23,
  0xbe, 0x23, 0xbe, 0x23, 0xbe, 0x23, 0xbe, 0x23, 0xbe, 0x23, 0xbe, 0x23,
  0xbe, 0x23, 0xbe, 0x23, 0xbe, 0x23, 0xbe, 0x23, 0xbe, 0x23, 0xbe, 0x23,
  0xbe, 0x23, 0xbe, 0x23, 0xbe, 0x23, 0xbe, 0x23, 0xbe, 0x23, 0xbe, 0x23,
  0xbe, 0x23, 0xbe, 0x23, 0xbe, 0x23, 0xbe, 0x23, 0xbe, 0x23, 0xbe, 0x23,
  0xbe, 0x23, 0xbe, 0x23, 0xbe, 0x23, 0xbe, 0x23, 0xbe, 0x23, 0xbe, 0x23,
  0xbe, 0x23, 0xbe, 0x23, 0xbe, 0x23, 0xbe, 0x23, 0xbe, 0x23, 0xbe, 0x23,
  0xbe, 0x23, 0xbe, 0x23, 0xbe, 0x23, 0xbe, 0x23, 0xbe, 0x23, 0xbe, 0x23,
  0xbe, 0x23, 0xbe, 0x23, 0xbe, 0x23, 0xbe, 0x23, 0xbe, 0x23, 0xbe, 0x23,
  0xbe, 0x23, 0xbe, 0x23, 0xbe, 0x23, 0xbe, 0x23, 0xbe, 0x23, 0xbe, 0x23,
  0xbe, 0x23, 0xbe, 0x23, 0xbe, 0x23, 0xbe, 0x23, 0xbe, 0x23, 0xbe, 0x23,
  0xbe, 0x23, 0xbe, 0x23, 0xbe, 0x23, 0xbe, 0x23, 0xbe, 0x23, 0xbe, 0x23,
  0xbe, 0x23, 0xbe, 0x23, 0xbe, 0x23, 0xbe, 0x23, 0xbe, 0x23, 0xbe, 0x23,
  0xbe, 0x23, 0xbe, 0x23, 0xbe, 0x23, 0xbe, 0x23, 0xbe, 0x23, 0xbe, 0x23,
  0xbe, 0x23, 0xbe, 0x23, 0xbe, 0x23, 0xbe, 0x23, 0xbe, 0x23, 0xbe, 0x23,
  0xbe, 0x23, 0xbe, 0x23, 0xbe, 0x23, 0xbe, 0x23, 0xbe, 0x23, 0xbe, 0x23,
  0xbe, 0x23, 0xbe, 0x23, 0xbe, 0x23, 0xbe, 0x23, 0xbe, 0x23, 0xbe, 0x23,
  0xbe, 0x23, 0xbe, 0x23, 0xbe, 0x23, 0xbe, 0x23, 0xbe, 0x23, 0xbe, 0x23,
  0xbe, 0x23, 0xbe, 0x23, 0xbe, 0x23, 0xbe, 0x23, 0xbe, 0x23, 0xbe, 0x23,
  0xbe, 0x23, 0xbe, 0x23, 0xbe, 0x23, 0xbe, 0x23, 0xbe, 0x23, 0xbe, 0x23,
  0xbe, 0x23, 0xbe, 0x23, 0xbe, 0x23, 0xbe, 0x23, 0xbe, 0x23, 0xbe, 0x23,
  0xbe, 0x23, 0xbe, 0x23, 0xbe, 0x23, 0xbe, 0x23, 0xbe, 0x23, 0xbe, 0x23,
  0xbe, 0x23, 0xbe, 0x23, 0xbe, 0x23, 0xbe, 0x23, 0xbe, 0x23, 0xbe, 0x23,
  0xbe, 0x23, 0xbe, 0x23, 0xbe, 0x23, 0xbe, 0x23, 0xbe, 0x23, 0xbe, 0x23,
  0xbe, 0x23, 0xbe, 0x23, 0xbe, 0x23, 0xbe, 0x23, 0xbe, 0x23, 0xbe, 0x23,
  0xbe, 0x23, 0xbe, 0x23, 0xbe, 0x23, 0xbe, 0x23, 0xbe, 0x23, 0xbe, 0x23,
  0xbe, 0x23, 0xbe, 0x23, 0xbe, 0x23, 0xbe, 0x23, 0xbe, 0x23, 0xbe, 0x23,
  0xbe, 0x23, 0xbe, 0x23, 0xbe, 0x23, 0xbe, 0x23, 0xbe, 0x23, 0xbe, 0x23,
  0xbe, 0x23, 0xbe, 0x23, 0xbe, 0x23, 0xbe, 0x23, 0xbe, 0x23, 0xbe, 0x23,
  0xbe, 0x23, 0xbe, 0x23, 0xbe, 0x23, 0xbe, 0x23, 0xbe, 0x23, 0xbe, 0x23,
  0xbe, 0x23, 0xbe, 0x23, 0xbe, 0x23, 0xbe, 0x23, 0xbe, 0x23, 0xbe, 0x23,
  0xbe, 0x23, 0xbe, 0x23, 0xbe, 0x23, 0xbe, 0x23, 0xbe, 0x23, 0xbe, 0x23,
  0xbe, 0x23, 0xbe, 0x23, 0xbe, 0x23, 0xbe, 0x23, 0xbe, 0x23, 0xbe, 0x23,
  0xbe, 0x23, 0xbe, 0x23, 0xbe, 0x23, 0xbe, 0x23, 0xbe, 0x23, 0xbe, 0x23,
  0xbe, 0x23, 0xbe, 0x23, 0xbe, 0x23, 0xbe, 0x23, 0xbe, 0x23, 0xbe, 0x23,
  0xbe, 0x23, 0xbe, 0x23, 0xbe, 0x23, 0xbe, 0x23, 0xbe, 0x23, 0xbe, 0x23,
  0xbe, 0x23, 0xbe, 0x23, 0xbe, 0x23, 0xbe, 0x23, 0xbe, 0x23, 0xbe, 0x23,
  0xbe, 0x23, 0xbe, 0x23, 0xbe, 0x23, 0xbe, 0x23, 0xbe, 0x23, 0xbe, 0x23,
  0xbe, 0x23, 0xbe, 0x23, 0xbe, 0x23, 0xbe, 0x23, 0xbe, 0x23, 0xbe, 0x23,
  0xbe, 0x23, 0xbe, 0x23, 0xbe, 0x23, 0xbe, 0x23, 0xbe, 0x23, 0xbe, 0x23,
  0xbe, 0x23, 0xbe, 0x23, 0xbe, 0x23, 0xbe, 0x23, 0xbe, 0x23, 0xbe, 0x23,
  0xbe, 0x23, 0xbe, 0x23, 0xbe, 0x23, 0xbe, 0x23, 0xbe, 0x23, 0xbe, 0x23,
  0xbe, 0x23, 0xbe, 0x23, 0xbe, 0x23, 0xbe, 0x23, 0xbe, 0x23, 0xbe, 0x23,
  0xbe, 0x23, 0xbe, 0x23, 0xbe, 0x23, 0xbe, 0x23, 0xbe, 0x23, 0xbe, 0x23,
  0xbe, 0x23, 0xbe, 0x23, 0xbe, 0x23, 0xbe, 0x23, 0xbe, 0x23, 0xbe, 0x23,
  0xbe, 0x23, 0xbe, 0x23, 0xbe, 0x23, 0xbe, 0x23, 0xbe, 0x23, 0xbe, 0x23,
  0xbe, 0x23, 0xbe, 0x23, 0xbe, 0x23, 0xbe, 0x23, 0xbe, 0x23, 0xbe, 0x23,
  0xbe, 0x23, 0xbe, 0x23, 0xbe, 0x23, 0xbe, 0x23, 0xbe, 0x23, 0xbe, 0x23,
  0xbe, 0x23, 0xbe, 0x23, 0xbe, 0x23, 0xbe, 0x23, 0xbe, 0x23, 0xbe, 0x23,
  0xbe, 0x23, 0xbe, 0x23, 0xbe, 0x23, 0xbe, 0x23, 0xbe, 0x23, 0xbe, 0x23,
  0xbe, 0x23, 0xbe, 0x23, 0xbe, 0x23, 0xbe, 0x23, 0xbe, 0x23, 0xbe, 0x23,
  0xbe, 0x23, 0xbe, 0x23, 0xbe, 0x23, 0xbe, 0x23, 0xbe, 0x23, 0xbe, 0x23,
  0xbe, 0x23, 0xbe, 0x23, 0xbe, 0x23, 0xbe, 0x23, 0xbe, 0x23, 0xbe, 0x23,
  0xbe, 0x23, 0xbe, 0x23, 0xbe, 0x23, 0xbe, 0x23, 0xbe, 0x23, 0xbe, 0x23,
  0xbe, 0x23, 0xbe, 0x23, 0xbe, 0x23, 0xbe, 0x23, 0xbe, 0x23, 0xbe, 0x23,
  0xbe, 0x23, 0xbe, 0x23, 0xbe, 0x23, 0xbe, 0x23, 0xbe, 0x23, 0xbe, 0x23,
  0xbe, 0x23, 0xbe, 0x23, 0xbe, 0x23, 0xbe, 0x23, 0xbe, 0x23, 0xbe, 0x23,
  0xbe, 0x23, 0xbe, 0x23, 0xbe, 0x23, 0xbe, 0x23, 0xbe, 0x23, 0xbe, 0x23,
  0xbe, 0x23, 0xbe, 0x23, 0xbe, 0x23, 0xbe, 0x23, 0xbe, 0x23, 0xbe, 0x23,
  0xbe, 0x23, 0xbe, 0x23, 0xbe, 0x23, 0xbe, 0x23, 0xbe, 0x23, 0xbe, 0x23,
  0xbe, 0x23, 0xbe, 0x23, 0xbe, 0x23, 0xbe, 0x23, 0xbe, 0x23, 0xbe, 0x23,
  0xbe, 0x23, 0xbe, 0x23, 0xbe, 0x23, 0xbe, 0x23, 0xbe, 0x23, 0xbe, 0x23,
  0xbe, 0x23, 0xbe, 0x23, 0xbe, 0x23, 0xbe, 0x23, 0xbe, 0x23, 0xbe, 0x23,
  0xbe, 0x23, 0xbe, 0x23, 0xbe, 0x23, 0xbe, 0x23, 0xbe, 0x23, 0xbe, 0x23,
  0xbe, 0x23, 0xbe, 0x23, 0xbe, 0x23, 0xbe, 0x23, 0xbe, 0x23, 0xbe, 0x23,
  0xbe, 0x23, 0xbe, 0x23, 0xbe, 0x23, 0xbe, 0x23, 0xbe, 0x23, 0xbe, 0x23,
  0xbe, 0x23, 0xbe, 0x23, 0xbe, 0x23, 0xbe, 0x23, 0xbe, 0x23, 0xbe, 0x23,
  0xbe, 0x23, 0xbe, 0x23, 0xbe, 0x23, 0xbe, 0x23, 0xbe, 0x23, 0xbe, 0x23,
  0xbe, 0x23, 0xbe, 0x23, 0xbe, 0x23, 0xbe, 0x23, 0xbe, 0x23, 0xbe, 0x23,
  0xbe, 0x23, 0xbe, 0x23, 0xbe, 0x23, 0xbe, 0x23, 0xbe, 0x23, 0xbe, 0x23,
  0xbe, 0x23, 0xbe, 0x23, 0xbe, 0x23, 0xbe, 0x23, 0xbe, 0x23, 0xbe, 0x23,
  0xbe, 0x23, 0xbe, 0x23, 0xbe, 0x23, 0xbe, 0x23, 0xbe, 0x23, 0xbe, 0x23,
  0xbe, 0x23, 0xbe, 0x23, 0xbe, 0x23, 0xbe, 0x23, 0xbe, 0x23, 0xbe, 0x23,
  0xbe, 0x23, 0xbe, 0x23, 0xbe, 0x23, 0xbe, 0x23, 0xbe, 0x23, 0xbe, 0x23,
  0xbe, 0x23, 0xbe, 0x23, 0xbe, 0x23, 0xbe, 0x23, 0xbe, 0x23, 0xbe, 0x23,
  0xbe, 0x23, 0xbe, 0x23, 0xbe, 0x23, 0xbe, 0x23, 0xbe, 0x23, 0xbe, 0x23,
  0xbe, 0x23, 0xbe, 0x23, 0xbe, 0x23, 0xbe, 0x23, 0xbe, 0x23, 0xbe, 0x23,
  0xbe, 0x23, 0xbe, 0x23, 0xbe, 0x23, 0xbe, 0x23, 0xbe, 0x23, 0xbe, 0x23,
  0xbe, 0x23, 0xbe, 0x23, 0xbe, 0x23, 0xbe, 0x23, 0xbe, 0x23, 0xbe, 0x23,
  0xbe, 0x23, 0xbe, 0x23, 0xbe, 0x23, 0xbe, 0x23, 0xbe, 0x23, 0xbe, 0x23,
  0xbe, 0x23, 0xbe, 0x23, 0xbe, 0x23, 0xbe, 0x23, 0xbe, 0x23, 0xbe, 0x23,
  0xbe, 0x23, 0xbe, 0x23, 0xbe, 0x23, 0xbe, 0x23, 0xbe, 0x23, 0xbe, 0x23,
  0xbe, 0x23, 0xbe, 0x23, 0xbe, 0x23, 0xbe, 0x23, 0xbe, 0x23, 0xbe, 0x23,
  0xbe, 0x23, 0xbe, 0x23, 0xbe, 0x23, 0xbe, 0x23, 0xbe, 0x23, 0xbe, 0x23,
  0xbe, 0x23, 0xbe, 0x23, 0xbe, 0x23, 0xbe, 0x23, 0xbe, 0x23, 0xbe, 0x23,
  0xbe, 0x23, 0xbe, 0x23, 0xbe, 0x23, 0xbe, 0x23, 0xbe, 0x23, 0xbe, 0x23,
  0xbe, 0x23, 0xbe, 0x23, 0xbe, 0x23, 0xbe, 0x23, 0xbe, 0x23, 0xbe, 0x23,
  0xbe, 0x23, 0xbe, 0x23, 0xbe, 0x23, 0xbe, 0x23, 0xbe, 0x23, 0xbe, 0x23,
  0xbe, 0x23, 0xbe, 0x23, 0xbe, 0x23, 0xbe, 0x23, 0xbe, 0x23, 0xbe, 0x23,
  0xbe, 0x23, 0xbe, 0x23, 0xbe, 0x23, 0xbe, 0x23, 0xbe, 0x23, 0xbe, 0x23,
  0xbe, 0x23, 0xbe, 0x23, 0xbe, 0x23, 0xbe, 0x23, 0xbe, 0x23, 0xbe, 0x23,
  0xbe, 0x23, 0xbe, 0x23, 0xbe, 0x23, 0xbe, 0x23, 0xbe, 0x23, 0xbe, 0x23,
  0xbe, 0x23, 0xbe, 0x23, 0xbe, 0x23, 0xbe, 0x23, 0xbe, 0x23, 0xbe, 0x23,
  0xbe, 0x23, 0xbe, 0x23, 0xbe, 0x23, 0xbe, 0x23, 0xbe, 0x23, 0xbe, 0x23,
  0xbe, 0x23, 0xbe, 0x23, 0xbe, 0x23, 0xbe, 0x23, 0xbe, 0x23, 0xbe, 0x23,
  0xbe, 0x23, 0xbe, 0x23, 0xbe, 0x23, 0xbe, 0x23, 0xbe, 0x23, 0xbe, 0x23,
  0xbe, 0x23, 0xbe, 0x23, 0xbe, 0x23, 0xbe, 0x23, 0xbe, 0x23, 0xbe, 0x23,
  0xbe, 0x23, 0xbe, 0x23, 0xbe, 0x23, 0xbe, 0x23, 0xbe, 0x23, 0xbe, 0x23,
  0xbe, 0x23, 0xbe, 0x23, 0xbe, 0x23, 0xbe, 0x23, 0xbe, 0x23, 0xbe, 0x23,
  0xbe, 0x23, 0xbe, 0x23, 0xbe, 0x23, 0xbe, 0x23, 0xbe, 0x23, 0xbe, 0x23,
  0xbe, 0x23, 0xbe, 0x23, 0xbe, 0x23, 0xbe, 0x23, 0xbe, 0x23, 0xbe, 0x23,
  0xbe, 0x23, 0xbe, 0x23, 0xbe, 0x23, 0xbe, 0x23, 0xbe, 0x23, 0xbe, 0x23,
  0xbe, 0x23, 0xbe, 0x23, 0xbe, 0x23, 0xbe, 0x23, 0xbe, 0x23, 0xbe, 0x23,
  0xbe, 0x23, 0xbe, 0x23, 0xbe, 0x23, 0xbe, 0x23, 0xbe, 0x23, 0xbe, 0x23,
  0xbe, 0x23, 0xbe, 0x23, 0xbe, 0x23, 0xbe, 0x23, 0xbe, 0x23, 0xbe, 0x23,
  0xbe, 0x23, 0xbe, 0x23, 0xbe, 0x23, 0xbe, 0x23, 0xbe, 0x23, 0xbe, 0x23,
  0xbe, 0x23, 0xbe, 0x23, 0xbe, 0x23, 0xbe, 0x23, 0xbe, 0x23, 0xbe, 0x23,
  0xbe, 0x23, 0xbe, 0x23, 0xbe, 0x23, 0xbe, 0x23, 0xbe, 0x23, 0xbe, 0x23,
  0xbe, 0x23, 0xbe, 0x23, 0xbe, 0x23, 0xbe, 0x23, 0xbe, 0x23, 0xbe, 0x23,
  0xbe, 0x23, 0xbe, 0x23, 0xbe, 0x23, 0xbe, 0x23, 0xbe, 0x23, 0xbe, 0x23,
  0xbe, 0x23, 0xbe, 0x23, 0xbe, 0x23, 0xbe, 0x23, 0xbe, 0x23, 0xbe, 0x23,
  0xbe, 0x23, 0xbe, 0x23, 0xbe, 0x23, 0xbe, 0x23, 0xbe, 0x23, 0xbe, 0x23,
  0xbe, 0x23, 0xbe, 0x23, 0xbe, 0x23, 0xbe, 0x23, 0xbe, 0x23, 0xbe, 0x23,
  0xbe, 0x23, 0xbe, 0x23, 0xbe, 0x23, 0xbe, 0x23, 0xbe, 0x23, 0xbe, 0x23,
  0xbe, 0x23, 0xbe, 0x23, 0xbe, 0x23, 0xbe, 0x23, 0xbe, 0x23, 0xbe, 0x23,
  0xbe, 0x23, 0xbe, 0x23, 0xbe, 0x23, 0xbe, 0x23, 0xbe, 0x23, 0xbe, 0x23,
  0xbe, 0x23, 0xbe, 0x23, 0xbe, 0x23, 0xbe, 0x23, 0xbe, 0x23, 0xbe, 0x23,
  0xbe, 0x23, 0xbe, 0x23, 0xbe, 0x23, 0xbe, 0x23, 0xbe, 0x23, 0xbe, 0x23,
  0xbe, 0x23, 0xbe, 0x23, 0xbe, 0x23, 0xbe, 0x23, 0xbe, 0x23, 0xbe, 0x23,
  0xbe, 0x23, 0xbe, 0x23, 0xbe, 0x23, 0xbe, 0x23, 0xbe, 0x23, 0xbe, 0x23,
  0xbe, 0x23, 0xbe, 0x23, 0xbe, 0x23, 0xbe, 0x23, 0xbe, 0x23, 0xbe, 0x23,
  0xbe, 0x23, 0xbe, 0x23, 0xbe, 0x23, 0xbe, 0x23, 0xbe, 0x23, 0xbe, 0x23,
  0xbe, 0x23, 0xbe, 0x23, 0xbe, 0x23, 0xbe, 0x23, 0xbe, 0x23, 0xbe, 0x23,
  0xbe, 0x23, 0xbe, 0x23, 0xbe, 0x23, 0xbe, 0x23, 0xbe, 0x23, 0xbe, 0x23,
  0xbe, 0x23, 0xbe, 0x23, 0xbe, 0x23, 0xbe, 0x23, 0xbe, 0x23, 0xbe, 0x23,
  0xbe, 0x23, 0xbe, 0x23, 0xbe, 0x23, 0xbe, 0x23, 0xbe, 0x23, 0xbe, 0x23,
  0xbe, 0x23, 0xbe, 0x23, 0xbe, 0x23, 0xbe, 0x23, 0xbe, 0x23, 0xbe, 0x23,
  0xbe, 0x23, 0xbe, 0x23, 0xbe, 0x23, 0xbe, 0x23, 0xbe, 0x23, 0xbe, 0x23,
  0xbe, 0x23, 0xbe, 0x23, 0xbe, 0x23, 0xbe, 0x23, 0xbe, 0x23, 0xbe, 0x23,
  0xbe, 0x23, 0xbe, 0x23, 0xbe, 0x23, 0xbe, 0x23, 0xbe, 0x23, 0xbe, 0x23,
  0xbe, 0x23, 0xbe, 0x23, 0xbe, 0x23, 0xbe, 0x23, 0xbe, 0x23, 0xbe, 0x23,
  0xbe, 0x23, 0xbe, 0x23, 0xbe, 0x23, 0xbe, 0x23, 0xbe, 0x23, 0xbe, 0x23,
  0xbe, 0x23, 0xbe, 0x23, 0xbe, 0x23, 0xbe, 0x23, 0xbe, 0x23, 0xbe, 0x23,
  0xbe, 0x23, 0xbe, 0x23, 0xbe, 0x23, 0xbe, 0x23, 0xbe, 0x23, 0xbe, 0x23,
  0xbe, 0x23, 0xbe, 0x23, 0xbe, 0x23, 0xbe, 0x23, 0xbe, 0x23, 0xbe, 0x23,
  0xbe, 0x23, 0xbe, 0x23, 0xbe, 0x23, 0xbe, 0x23, 0xbe, 0x23, 0xbe, 0x23,
  0xbe, 0x23, 0xbe, 0x23, 0xbe, 0x23, 0xbe, 0x23, 0xbe, 0x23, 0xbe, 0x23,
  0xbe, 0x23, 0xbe, 0x23, 0xbe, 0x23, 0xbe, 0x23, 0xbe, 0x23, 0xbe, 0x23,
  0xbe, 0x23, 0xbe, 0x23, 0xbe, 0x23, 0xbe, 0x23, 0xbe, 0x23, 0xbe, 0x23,
  0xbe, 0x23, 0xbe, 0x23, 0xbe, 0x23, 0xbe, 0x23, 0xbe, 0x23, 0xbe, 0x23,
  0xbe, 0x23, 0xbe, 0x23, 0xbe, 0x23, 0xbe, 0x23, 0xbe, 0x23, 0xbe, 0x23,
  0xbe, 0x23, 0xbe, 0x23, 0xbe, 0x23, 0xbe, 0x23, 0xbe, 0x23, 0xbe, 0x23,
  0xbe, 0x23, 0xbe, 0x23, 0xbe, 0x23, 0xbe, 0x23, 0xbe, 0x23, 0xbe, 0x23,
  0xbe, 0x23, 0xbe, 0x23, 0xbe, 0x23, 0xbe, 0x23, 0xbe, 0x23, 0xbe, 0x23,
  0xbe, 0x23, 0xbe, 0x23, 0xbe, 0x23, 0xbe, 0x23, 0xbe, 0x23, 0xbe, 0x23,
  0xbe, 0x23, 0xbe, 0x23, 0xbe, 0x23, 0xbe, 0x23, 0xbe, 0x23, 0xbe, 0x23,
  0xbe, 0x23, 0xbe, 0x23, 0xbe, 0x23, 0xbe, 0x23, 0xbe, 0x23, 0xbe, 0x23,
  0xbe, 0x23, 0xbe, 0x23, 0xbe, 0x23, 0xbe, 0x23, 0xbe, 0x23, 0xbe, 0x23,
  0xbe, 0x23, 0xbe, 0x23, 0xbe, 0x23, 0xbe, 0x23, 0xbe, 0x23, 0xbe, 0x23,
  0xbe, 0x23, 0xbe, 0x23, 0xbe, 0x23, 0xbe, 0x23, 0xbe, 0x23, 0xbe, 0x23,
  0xbe, 0x23, 0xbe, 0x23, 0xbe, 0x23, 0xbe, 0x23, 0xbe, 0x23, 0xbe, 0x23,
  0xbe, 0x23, 0xbe, 0x23, 0xbe, 0x23, 0xbe, 0x23, 0xbe, 0x23, 0xbe, 0x23,
  0xbe, 0x23, 0xbe, 0x23, 0xbe, 0x23, 0xbe, 0x23, 0xbe, 0x23, 0xbe, 0x23,
  0xbe, 0x23, 0xbe, 0x23, 0xbe, 0x23, 0xbe, 0x23, 0xbe, 0x23, 0xbe, 0x23,
  0xbe, 0x23, 0xbe, 0x23, 0xbe, 0x23, 0xbe, 0x23, 0xbe, 0x23, 0xbe, 0x23,
  0xbe, 0x23, 0xbe, 0x23, 0xbe, 0x23, 0xbe, 0x23, 0xbe, 0x23, 0xbe, 0x23,
  0xbe, 0x23, 0xbe, 0x23, 0xbe, 0x23, 0xbe, 0x23, 0xbe, 0x23, 0xbe, 0x23,
  0xbe, 0x23, 0xbe, 0x23, 0xbe, 0x23, 0xbe, 0x23, 0xbe, 0x23, 0xbe, 0x23,
  0xbe, 0x23, 0xbe, 0x23, 0xbe, 0x23, 0xbe, 0x23, 0xbe, 0x23, 0xbe, 0x23,
  0xbe, 0x23, 0xbe, 0x23, 0xbe, 0x23, 0xbe, 0x23, 0xbe, 0x23, 0xbe, 0x23,
  0xbe, 0x23, 0xbe, 0x23, 0xbe, 0x23, 0xbe, 0x23, 0xbe, 0x23, 0xbe, 0x23,
  0xbe, 0x23, 0xbe, 0x23, 0xbe, 0x23, 0xbe, 0x23, 0xbe, 0x23, 0xbe, 0x23,
  0xbe, 0x23, 0xbe, 0x23, 0xbe, 0x23, 0xbe, 0x23, 0xbe, 0x23, 0xbe, 0x23,
  0xbe, 0x23, 0xbe, 0x23, 0xbe, 0x23, 0xbe, 0x23, 0xbe, 0x23, 0xbe, 0x23,
  0xbe, 0x23, 0xbe, 0x23, 0xbe, 0x23, 0xbe, 0x23, 0xbe, 0x23, 0xbe, 0x23,
  0xbe, 0x23, 0xbe, 0x23, 0xbe, 0x23, 0xbe, 0x23, 0xbe, 0x23, 0xbe, 0x23,
  0xbe, 0x23, 0xbe, 0x23, 0xbe, 0x23, 0xbe, 0x23, 0xbe, 0x23, 0xbe, 0x23,
  0xbe, 0x23, 0xbe, 0x23, 0xbe, 0x23, 0xbe, 0x23, 0xbe, 0x23, 0xbe, 0x23,
  0xbe, 0x23, 0xbe, 0x23, 0xbe, 0x23, 0xbe, 0x23, 0xbe, 0x23, 0xbe, 0x23,
  0xbe, 0x23, 0xbe, 0x23, 0xbe, 0x23, 0xbe, 0x23, 0xbe, 0x23, 0xbe, 0x23,
  0xbe, 0x23, 0xbe, 0x23, 0xbe, 0x23, 0xbe, 0x23, 0xbe, 0x23, 0xbe, 0x23,
  0xbe, 0x23, 0xbe, 0x23, 0xbe, 0x23, 0xbe, 0x23, 0xbe, 0x23, 0xbe, 0x23,
  0xbe, 0x23, 0xbe, 0x23, 0xbe, 0x23, 0xbe, 0x23, 0xbe, 0x23, 0xbe, 0x23,
  0xbe, 0x23, 0xbe, 0x23, 0xbe, 0x23, 0xbe, 0x23, 0xbe, 0x23, 0xbe, 0x23,
  0xbe, 0x23, 0xbe, 0x23, 0xbe, 0x23, 0xbe, 0x23, 0xbe, 0x23, 0xbe, 0x23,
  0xbe, 0x23, 0xbe, 0x23, 0xbe, 0x23, 0xbe, 0x23, 0xbe, 0x23, 0xbe, 0x23,
  0xbe, 0x23, 0xbe, 0x23, 0xbe, 0x23, 0xbe, 0x23, 0xbe, 0x23, 0xbe, 0x23,
  0xbe, 0x23, 0xbe, 0x23, 0xbe, 0x23, 0xbe, 0x23, 0xbe, 0x23, 0xbe, 0x23,
  0xbe, 0x23, 0xbe, 0x23, 0xbe, 0x23, 0xbe, 0x23, 0xbe, 0x23, 0xbe, 0x23,
  0xbe, 0x23, 0xbe, 0x23, 0xbe, 0x23, 0xbe, 0x23, 0xbe, 0x23, 0xbe, 0x23
};
unsigned int Master_title_screenSmall_555_len = 39684;
